file,ticker,year,month,quarter,period,management_speaker,exchange_idx,mgmt_start,mgmt_end,duration_sec,word_count,answer_text,pause_latency_sec,speech_rate_wpm,filler_rate_per_min,intra_pause_count,intra_pause_mean_sec,intra_pause_max_sec,intra_pause_total_sec,mean_pitch_hz,pitch_variance_hz,mean_rms_energy,z_pause_latency_sec,norm_type_pause_latency_sec,z_speech_rate_wpm,norm_type_speech_rate_wpm,z_filler_rate_per_min,norm_type_filler_rate_per_min,z_intra_pause_count,norm_type_intra_pause_count,z_intra_pause_mean_sec,norm_type_intra_pause_mean_sec,z_intra_pause_max_sec,norm_type_intra_pause_max_sec,z_intra_pause_total_sec,norm_type_intra_pause_total_sec,z_mean_pitch_hz,norm_type_mean_pitch_hz,z_pitch_variance_hz,norm_type_pitch_variance_hz,z_mean_rms_energy,norm_type_mean_rms_energy,acoustic_composite_z
AAPL_2025_10_30_earnings_call_qa_features.json,AAPL,2025,10,4,2025_Q4,SPEAKER_00,0,76.289,121.48,45.191,98,"Eric, thanks for your comments. I think it's all about the product. The product lineup is incredibly strong. They're strongest ever. The 17 Pro is the most pro phone we've ever done. It's incredible in the design. The iPhone Air feels so thin and so light in your hand, it feels like it's going to fly away. And then the 17 phone is an incredible value and takes several of the features that were reserved for Pro before and brings them down to the consumer lineup. So overall, strongest iPhone lineup ever, and it's resonating around the world.",1.704,130.11,5.31,15,0.775,2.764,11.628,125.74,23.47,0.079282,0.0517,speaker,0.2633,speaker,-0.0122,speaker,-0.0358,speaker,-0.6615,speaker,0.5909,speaker,-0.2168,speaker,0.484,speaker,-0.142,speaker,2.5763,speaker,0.7038
AAPL_2025_10_30_earnings_call_qa_features.json,AAPL,2025,10,4,2025_Q4,SPEAKER_00,1,231.134,264.884,33.75,73,"Yeah, Ben, I was just there. It's incredibly vibrant and dynamic. The store traffic is up significantly year over year. The iPhone 17 has been, the family has been very well received there. We do believe that we'll return to growth in Q1 and that is largely based on the reception of the iPhone there. And so I couldn't be more pleased with with how things are going there in the early going.",0.742,129.78,5.33,11,0.746,1.601,8.205,116.81,14.14,0.059985,-0.4644,speaker,0.2493,speaker,-0.0071,speaker,-0.3907,speaker,-0.8389,speaker,-0.6266,speaker,-0.567,speaker,-0.4678,speaker,-0.4284,speaker,0.1768,speaker,0.0145
AAPL_2025_10_30_earnings_call_qa_features.json,AAPL,2025,10,4,2025_Q4,SPEAKER_00,3,464.92,524.287,59.367,118,"Okay. We did set a September quarter record for Upgraders, and so it was a great quarter from that point of view. It's really too early in the cycle on 17 to make any comments about Upgraders or Switchers. In terms of channel inventory, we ended the quarter toward the low end of the targeted range, obviously, because we had constraints on several models of the 16 and the 17. And for complete transparency and clarity, we're constrained today on several models of the iPhone 17. There's not a ramp issue. It's just we have very strong demand and we're working very hard to fulfill all the orders that we have. Great. Thank you, Tim. Thank you, Kevin.",1.265,119.26,2.02,19,0.904,2.481,17.176,113.72,14.75,0.058082,-0.1838,speaker,-0.1961,speaker,-0.8532,speaker,0.319,speaker,0.1274,speaker,0.2946,speaker,0.3509,speaker,-0.7971,speaker,-0.4096,speaker,-0.0599,speaker,-0.1941
AAPL_2025_10_30_earnings_call_qa_features.json,AAPL,2025,10,4,2025_Q4,SPEAKER_00,5,629.857,674.035,44.178,95,"Yeah, the greater China revenue was down 4% in the year of year in the September quarter. It was driven by iPhone. And if you look at the iPhone, the majority of the sequential year over year change was due to supply constraints that I mentioned earlier. And so it was basically supply constraints that that drove the results. We're thrilled with what we're seeing right now with traffic being up significantly year over year and the reception of the 17 family. We expect to return to growth this quarter. Great. Thank you. Thank you.",1.131,129.02,5.43,10,1.127,5.142,11.269,113.21,15.86,0.051009,-0.2557,speaker,0.2171,speaker,0.0184,speaker,-0.4794,speaker,1.4912,speaker,3.0804,speaker,-0.2535,speaker,-0.8515,speaker,-0.3756,speaker,-0.9394,speaker,-0.4457
AAPL_2025_10_30_earnings_call_qa_features.json,AAPL,2025,10,4,2025_Q4,SPEAKER_00,6,737.367,751.171,13.804,23,"This is Tim. The advertising category, which is a combination of third party and first party, did set a record during the quarter.",1.805,99.97,0.0,7,0.672,1.001,4.703,115.43,18.12,0.062783,0.1059,speaker,-1.0127,speaker,-1.3696,speaker,-0.7455,speaker,-1.2915,speaker,-1.2548,speaker,-0.9253,speaker,-0.6148,speaker,-0.3062,speaker,0.5247,speaker,-0.091
AAPL_2025_10_30_earnings_call_qa_features.json,AAPL,2025,10,4,2025_Q4,SPEAKER_00,7,764.637,779.673,15.036,40,"I'm sure I'm not saying that. I'm just saying that the combination of the two set a record. We don't, I'm dodging the question intentionally because we don't split it at that level. Okay. Okay. Understood. Thank you. Thank you.",0.337,159.62,7.98,1,0.5,0.5,0.5,118.52,16.4,0.063533,-0.6817,speaker,1.5125,speaker,0.6703,speaker,-1.2778,speaker,-2.3434,speaker,-1.7792,speaker,-1.3554,speaker,-0.2855,speaker,-0.359,speaker,0.6179,speaker,0.4371
AAPL_2025_10_30_earnings_call_qa_features.json,AAPL,2025,10,4,2025_Q4,SPEAKER_00,8,819.228,866.14,46.912,83,"Yeah, the subsidies play a favorable role. The subsidies, as you know, are sort of across multiple categories from PCs to tablets to smartwatches and smartphones. And however, it's important to note, they only apply to certain price ranges. And so there's a maximum price and there's several of our products that sell above that price and therefore not eligible for a subsidy. But it does have a favorable effect and it's clearly, at least from our vantage point, driving some consumer demand.",1.215,106.16,5.12,14,0.931,2.527,13.037,114.57,18.97,0.06325,-0.2107,speaker,-0.7506,speaker,-0.0608,speaker,-0.1245,speaker,0.2925,speaker,0.3428,speaker,-0.0726,speaker,-0.7065,speaker,-0.2801,speaker,0.5828,speaker,-0.2257
AAPL_2025_10_30_earnings_call_qa_features.json,AAPL,2025,10,4,2025_Q4,SPEAKER_00,9,989.176,1042.45,53.274,109,"David, I'll take this one. You're right. It goes from 1 1 to a projection of 1 4. And the 1 4 is based on sort of what we know right now and where the tariff rates and policies and and so forth are. So it assumes a. It's stable kind of environment for the quarter. It does comprehend the change that was just made, which we're very encouraged to see with the tariffs moving from 20% to 10% in China. And so that is factored in. And that is one of the reasons why it's not linear to volume, if you will. Does that make sense? Got it.",0.709,122.76,7.88,17,0.88,2.631,14.965,117.57,23.83,0.063505,-0.4821,speaker,-0.0479,speaker,0.6447,speaker,0.1416,speaker,-0.0194,speaker,0.4516,speaker,0.1247,speaker,-0.3868,speaker,-0.1309,speaker,0.6145,speaker,-0.0118
AAPL_2025_10_30_earnings_call_qa_features.json,AAPL,2025,10,4,2025_Q4,SPEAKER_00,12,1075.137,1138.975,63.838,133,"We always like to remind people that buy an iPhone all the other things that we offer, and so you can bet that we're doing that. From a Mac point of view, the challenges that last year was sort of the mother of all Mac launches. All of these from Mac Mini to iMac to all the MacBook Pros all launched literally at the same time. And this year that compares to launching the 14 inch MacBook Pro. And so there's a very difficult compare. Of course, in the long run, I'm very bullish on the Mac. And you can see that the Mac, again, last quarter outgrew the market. And, and so we feel really well about how Mac is positioned, but this certain quarter is a extremely difficult compare. And Tim,",1.4,125.0,5.64,24,0.807,2.222,19.365,118.17,15.8,0.071164,-0.1114,speaker,0.0469,speaker,0.0721,speaker,0.7626,speaker,-0.4658,speaker,0.0235,speaker,0.5749,speaker,-0.3228,speaker,-0.3774,speaker,1.5668,speaker,0.2315
AAPL_2025_10_30_earnings_call_qa_features.json,AAPL,2025,10,4,2025_Q4,SPEAKER_00,15,1180.066,1226.995,46.929,82,"To be clear, the constraint was not related to manufacturing capacity per se. It was that we called the number of iPhone 16s that we were going to make and were a bit short of where the demand really was. So we could have sold more. We're not publicly at least estimating the extent of that. And then on iPhone 17 family, the demand is very strong. And so we obviously came out of the Q4 timeframe with lots of back orders.",1.688,104.84,2.56,15,0.907,1.601,13.606,120.77,26.12,0.063518,0.0431,speaker,-0.8065,speaker,-0.7152,speaker,-0.0358,speaker,0.1457,speaker,-0.6266,speaker,-0.0144,speaker,-0.0457,speaker,-0.0606,speaker,0.6161,speaker,0.0044
AAPL_2025_10_30_earnings_call_qa_features.json,AAPL,2025,10,4,2025_Q4,SPEAKER_00,17,1248.022,1288.201,40.179,72,"I think there are opportunities on the app store with artificial intelligence. And so I think, you know, as we have made our on-device models available for developers, and we've seen developers begin to adopt them. And so I think as that proliferates, there's an opportunity for developers and for Apple to benefit from that, from adding features to their apps and so forth. Thanks a lot, Tim. Appreciate it. Thank you.",2.43,107.52,10.45,12,1.018,3.003,12.217,117.93,17.76,0.060851,0.4412,speaker,-0.6931,speaker,1.3016,speaker,-0.302,speaker,0.8246,speaker,0.8411,speaker,-0.1565,speaker,-0.3484,speaker,-0.3172,speaker,0.2844,speaker,-0.4161
AAPL_2025_10_30_earnings_call_qa_features.json,AAPL,2025,10,4,2025_Q4,SPEAKER_00,18,1320.044,1345.576,25.532,69,"It's really too early to call the mix to be honest and we don't like to publicly disclose that because of the competitive for competitive reasons. But frankly, we don't really know what the mix will be yet because we have constraints on both sides of the the ledger at the top and at the entry. And so it will see what happens in as we get more supply.",1.316,162.15,2.35,6,0.684,1.061,4.103,118.24,19.81,0.069522,-0.1565,speaker,1.6196,speaker,-0.7689,speaker,-0.8342,speaker,-1.2181,speaker,-1.1919,speaker,-0.9867,speaker,-0.3153,speaker,-0.2543,speaker,1.3626,speaker,0.6456
AAPL_2025_10_30_earnings_call_qa_features.json,AAPL,2025,10,4,2025_Q4,SPEAKER_00,19,1366.366,1405.972,39.606,63,"Yeah, we're obviously using PCC, our private cloud compute today for a number of queries for Siri. And we will continue to build it out. In fact, the manufacturing plant that makes the servers use for Apple intelligence. just started manufacturing in Houston a few weeks ago. And we've got a ramp plan there for use in our data centers. And it's robust.",1.249,95.44,1.51,15,0.862,1.982,12.925,116.36,15.23,0.069072,-0.1924,speaker,-1.2044,speaker,-0.9836,speaker,-0.0358,speaker,-0.1295,speaker,-0.2278,speaker,-0.084,speaker,-0.5157,speaker,-0.3949,speaker,1.3067,speaker,-0.0239
AAPL_2025_10_30_earnings_call_qa_features.json,AAPL,2025,10,4,2025_Q4,SPEAKER_00,20,1453.39,1477.977,24.587,61,"Uh, I'm not sure that there, uh, that one is a proxy for the other. Uh, the thing that I would say is that where we don't get into the model kind of demand. At the aggregate level, we are thrilled with how iPhone has been received. And that's the reason that we're expecting double digit growth in the current quarter.",2.531,148.86,9.76,5,0.729,1.402,3.644,115.49,17.12,0.064911,0.4954,speaker,1.057,speaker,1.1253,speaker,-0.9229,speaker,-0.9429,speaker,-0.835,speaker,-1.0337,speaker,-0.6084,speaker,-0.3369,speaker,0.7893,speaker,0.0685
AAPL_2025_10_30_earnings_call_qa_features.json,AAPL,2025,10,4,2025_Q4,SPEAKER_00,22,1498.784,1540.027,41.243,62,We're obviously creating Apple Foundation models within Apple. We ship them on device and use them in the private cloud compute as well. and we've got several in development. And so we also from a continually to surveil the market on M&A and are open to pursuing M&A if we think that it will advance our roadmap. Thank you. Yep. Thank you.,1.266,90.2,2.91,16,1.051,2.822,16.812,120.97,41.53,0.065069,-0.1833,speaker,-1.4263,speaker,-0.6257,speaker,0.0529,speaker,1.0264,speaker,0.6516,speaker,0.3137,speaker,-0.0244,speaker,0.4124,speaker,0.8089,speaker,-0.0588
AAPL_2025_10_30_earnings_call_qa_features.json,AAPL,2025,10,4,2025_Q4,SPEAKER_00,23,1580.746,1619.677,38.931,75,"I think that there are many factors that influence people's purchasing considerations and so, and we don't have a great in-depth survey yet on the current iPhone 17 because it's very new in the cycle and we give it some time to formulate. But I would say that Apple intelligence is a factor. And, you know, we're very bullish on it becoming a greater factor. And so that's the way that we look at it.",1.654,115.59,6.16,12,1.046,2.201,12.553,119.36,20.77,0.070899,0.0249,speaker,-0.3514,speaker,0.205,speaker,-0.302,speaker,0.9958,speaker,0.0015,speaker,-0.1221,speaker,-0.196,speaker,-0.2248,speaker,1.5339,speaker,0.0922
AAPL_2025_1_30_earnings_call_qa_features.json,AAPL,2025,1,1,2025_Q1,SPEAKER_01,0,58.199,139.3,81.101,159,"Yeah, Eric. Hi, it's Tim. We did see that the markets where we had rolled out Apple Intelligence that the year over year performance on the iPhone 16 family was stronger than those where Apple Intelligence was not available. In terms of the features that people are using, they're using all of the ones that I referenced in my opening comments, from writing tools to image playground and Genmoji, to visual intelligence and more. And so we see all of those being used. The cleanup is another one that is popular and people love seeing that when demoed in the stores as well. We only had two, two and a half weeks or so during the December quarter of the second release of 18.2. And then only had the UK and the other English language countries for the two and a half weeks. And so we've got, you know, just the early indications at the moment. That's really helpful.",1.671,117.63,4.44,26,0.926,2.762,24.088,120.0,15.76,0.051518,0.034,speaker,-0.2651,speaker,-0.2346,speaker,0.94,speaker,0.2619,speaker,0.5888,speaker,1.0582,speaker,-0.1278,speaker,-0.3786,speaker,-0.8761,speaker,-0.2911
AAPL_2025_1_30_earnings_call_qa_features.json,AAPL,2025,1,1,2025_Q1,SPEAKER_01,1,181.437,279.869,98.432,200,"Yeah, sure. If you look at our greater China revenue for the quarter, we were down 11% year over year and over half of the decline that we experienced was driven by change in channel inventory from the beginning to the end of the quarter. And of course on the Apple intelligence side, we have not rolled out in China. And as we just talked about, we did see better results in the markets that we had rolled out in than markets we hadn't rolled out in. And of course, it's the most competitive market in the world. And so all of those things are true. In terms of the macro situation, there was A fiscal stimulus or subsidy announced very recently in January that did not affect the December quarter. There were some provincial subsidies in the December quarter, but the national program was announced, I believe, on January 20th. And it does cover the categories that we have products in from smartphones to tablets and PCs and smartwatches up to a certain maximum price point. And so we do see fiscal stimulus occurring and we'll be glad to talk about what that looks like on the next call.",0.084,121.91,1.83,34,0.86,2.281,29.231,121.91,22.0,0.048634,-0.8175,speaker,-0.0839,speaker,-0.9018,speaker,1.6497,speaker,-0.1417,speaker,0.0852,speaker,1.5844,speaker,0.0758,speaker,-0.1871,speaker,-1.2347,speaker,-0.0845
AAPL_2025_1_30_earnings_call_qa_features.json,AAPL,2025,1,1,2025_Q1,SPEAKER_01,4,338.611,384.832,46.221,104,"Sure, in general, I think innovation that drives efficiency is a good thing. And, you know, that's what you see in that model. Our tight integration of silicon and software I think will continue to serve us very well. As you know, we do things on the device and we do things in the private cloud. and which mimics from a architectural point of view what happens on device. And from a capex point of view, we've always taken a very prudent and deliberate approach to our expenditure and we continue to leverage a hybrid model, which I think continues to serve us well.",0.338,135.0,10.38,13,0.863,1.5,11.223,124.66,19.35,0.057755,-0.6812,speaker,0.4703,speaker,1.2837,speaker,-0.2132,speaker,-0.1234,speaker,-0.7324,speaker,-0.2582,speaker,0.3689,speaker,-0.2684,speaker,-0.1005,speaker,0.0853
AAPL_2025_1_30_earnings_call_qa_features.json,AAPL,2025,1,1,2025_Q1,SPEAKER_01,7,435.085,448.248,13.163,34,"I think Ben, I think there's a lot more to come and I could not feel more optimistic about our product pipeline. So I think there's a lot of innovation left on the smartphone.",0.607,154.98,18.23,3,1.041,1.681,3.122,117.93,14.01,0.043854,-0.5369,speaker,1.3161,speaker,3.2903,speaker,-1.1004,speaker,0.9652,speaker,-0.5429,speaker,-1.0871,speaker,-0.3484,speaker,-0.4323,speaker,-1.8291,speaker,-0.5565
AAPL_2025_1_30_earnings_call_qa_features.json,AAPL,2025,1,1,2025_Q1,SPEAKER_01,11,490.553,540.233,49.68,115,"Yeah, thank you for the question. If you look at iPhone, we did set an all-time record for Upgraders, so we've never seen a higher level of Upgraders before. The install base hit a new all-time high as well. And if you look at the 16 compared to the 15 from launch, which occurred, as you know, in September, so this is across now two quarters from September to the end of the December fiscal quarter, the 16 outperformed the 15. And so I think you can conclude from that that there are compelling reasons to upgrade. And in the markets where we had launched Apple Intelligence, they outperformed the markets that we did not.",0.945,138.89,8.45,13,0.859,2.289,11.162,126.5,20.15,0.055622,-0.3555,speaker,0.6349,speaker,0.7904,speaker,-0.2132,speaker,-0.1478,speaker,0.0936,speaker,-0.2644,speaker,0.565,speaker,-0.2439,speaker,-0.3658,speaker,0.1346
AAPL_2025_1_30_earnings_call_qa_features.json,AAPL,2025,1,1,2025_Q1,SPEAKER_01,12,542.107,545.178,3.071,11,"So, like... Great. Thank you, Tim. That's a good color there.",7.122,214.91,19.54,1,0.56,0.56,0.56,170.71,78.4,0.051491,2.9585,speaker,3.8531,speaker,3.6252,speaker,-1.2778,speaker,-1.9764,speaker,-1.7164,speaker,-1.3492,speaker,5.2771,speaker,1.5441,speaker,-0.8794,speaker,1.5089
AAPL_2025_1_30_earnings_call_qa_features.json,AAPL,2025,1,1,2025_Q1,SPEAKER_01,13,573.967,626.954,52.987,102,"It's a good question. iPad overall grew 15% for the quarter and it was more driven by iPad Air. and the entry level iPad than it was the top level iPad. But overall, we could not be more pleased with the iPad category growing 15%. It's a great achievement for the quarter. And probably what is most important is that over half of the sales in the December quarter went to customers who were new to the iPad. So that tells us that, you know, there's a good amount of customers there to attract. Thank you very much, Tim. Yeah, thank you.",0.794,115.5,3.4,21,0.837,2.162,17.569,126.81,23.35,0.048221,-0.4365,speaker,-0.3552,speaker,-0.5005,speaker,0.4964,speaker,-0.2824,speaker,-0.0393,speaker,0.3911,speaker,0.5981,speaker,-0.1457,speaker,-1.286,speaker,-0.0855
AAPL_2025_1_30_earnings_call_qa_features.json,AAPL,2025,1,1,2025_Q1,SPEAKER_01,14,664.535,717.455,52.92,112,"We have great results in a number of emerging markets and as you know from past calls, I'm particularly keen on India. India set a December quarter record during the quarter. And we're opening more stores there. We've announced that we're going to open four new stores there. We also, the iPhone was the top selling model in India for the quarter. And it's the second largest smartphone market in the world and the third largest for PCs and tablets. And so there's a huge market. And we have very modest share in these markets. And so I think there's lots of upside there. And that's just one of the emerging markets.",1.536,126.98,4.54,17,0.808,1.502,13.735,127.19,15.28,0.067218,-0.0384,speaker,0.1308,speaker,-0.2091,speaker,0.1416,speaker,-0.4597,speaker,-0.7303,speaker,-0.0012,speaker,0.6386,speaker,-0.3934,speaker,1.0762,speaker,0.4094
AAPL_2025_1_30_earnings_call_qa_features.json,AAPL,2025,1,1,2025_Q1,SPEAKER_01,15,846.683,892.263,45.58,106,"Yeah, I don't want to project sales for the current quarter by region. But if you look at the channel inventory and look at iPhone, in the aggregate. So on a worldwide basis, we're very comfortable with our channel inventory position. In China, my point was that our channel inventory reduced from the beginning of the quarter to the end of the quarter, and that was over half of the reduction in the reported results. And so if you look, part of the reason for that is that our sales were a bit higher than we forecasted them to be toward the end of the quarter.",1.417,139.53,3.95,11,0.904,1.835,9.948,120.31,17.07,0.059881,-0.1023,speaker,0.662,speaker,-0.3599,speaker,-0.3907,speaker,0.1274,speaker,-0.3817,speaker,-0.3886,speaker,-0.0947,speaker,-0.3384,speaker,0.1638,speaker,0.1475
AAPL_2025_1_30_earnings_call_qa_features.json,AAPL,2025,1,1,2025_Q1,SPEAKER_01,16,892.567,897.308,4.741,12,And so we ended a little leaner than we had expected to.,12.269,151.87,12.66,1,0.84,0.84,0.84,113.77,10.47,0.06594,5.7199,speaker,1.1844,speaker,1.8665,speaker,-1.2778,speaker,-0.264,speaker,-1.4233,speaker,-1.3206,speaker,-0.7918,speaker,-0.541,speaker,0.9172,speaker,-0.5772
AAPL_2025_1_30_earnings_call_qa_features.json,AAPL,2025,1,1,2025_Q1,SPEAKER_01,17,1027.921,1081.752,53.831,98,"Yeah, if you look at Mac, Mac was up 16 percent, and on iPad we were up 15 percent. The Mac was driven by a very strong uptake on our new products during the quarter and the continued success of the MacBook Air. And so, as you know, we've launched an M4-based MacBook Pro, an iMac, and a Mac Mini during the quarter. We believe we've got the best AIPC out there for running workloads. The silicon in the Mac is, and it has been for several years now, designed by us and really designed for these workloads.",1.89,109.23,3.34,19,0.928,2.181,17.633,126.26,32.48,0.061172,0.1515,speaker,-0.6207,speaker,-0.5158,speaker,0.319,speaker,0.2741,speaker,-0.0194,speaker,0.3977,speaker,0.5395,speaker,0.1346,speaker,0.3244,speaker,0.1118
AAPL_2025_1_30_earnings_call_qa_features.json,AAPL,2025,1,1,2025_Q1,SPEAKER_01,19,1083.693,1095.404,11.711,26,"I don't want to project at the category level for the future, but we're incredibly pleased with both the Mac and the iPad for the quarter.",1.046,133.21,0.0,3,0.874,1.221,2.622,126.14,19.44,0.060809,-0.3013,speaker,0.3945,speaker,-1.3696,speaker,-1.1004,speaker,-0.0561,speaker,-1.0244,speaker,-1.1382,speaker,0.5267,speaker,-0.2657,speaker,0.2792,speaker,0.4097
AAPL_2025_1_30_earnings_call_qa_features.json,AAPL,2025,1,1,2025_Q1,SPEAKER_01,21,1125.425,1164.288,38.863,67,"Yeah, if you look at the manufacturing we do there, we do manufacturing both for the domestic market and we export. And so in our business needs a certain economies of scale for it to make sense to manufacture. in country. And so that really means that we're going to be both in use for the domestic market and the export market. Great. Thank you. Yeah. Thanks.",1.772,103.44,6.18,16,0.998,2.621,15.967,124.74,21.14,0.053661,0.0882,speaker,-0.8658,speaker,0.2101,speaker,0.0529,speaker,0.7022,speaker,0.4412,speaker,0.2272,speaker,0.3774,speaker,-0.2135,speaker,-0.6096,speaker,-0.287
AAPL_2025_1_30_earnings_call_qa_features.json,AAPL,2025,1,1,2025_Q1,SPEAKER_01,22,1230.455,1301.971,71.516,139,"Yeah, if you look at Apple Intelligence, my point earlier was that markets where we had rolled out Apple Intelligence during the Q1 period performed better on a year-over-year basis than markets where we had not. And so that gives us a positive indicator that we were pleased with. There are many compelling reasons to upgrade. And the other thing I would say that I think I mentioned earlier is that if you look at it from a launch to the end of the December quarter, and so that goes back to September, the 16 family is outperforming the 15 family. And so I think those are two good data points. Our next round of language rollouts will be in April. And so it will be in our Q3 quarter. And I'll let Kevin take the gross margin question.",1.755,116.62,5.87,25,0.897,1.441,22.413,122.53,19.97,0.056474,0.0791,speaker,-0.3078,speaker,0.1309,speaker,0.8513,speaker,0.0846,speaker,-0.7941,speaker,0.8868,speaker,0.1419,speaker,-0.2494,speaker,-0.2598,speaker,-0.1282
AAPL_2025_1_30_earnings_call_qa_features.json,AAPL,2025,1,1,2025_Q1,SPEAKER_01,25,1401.685,1436.633,34.948,62,"I don't know the answer to your question precisely, but I think it is a combination of these products are so compelling. the M4-based products are so compelling that it's driving both upgrades at the double-digit level, and it's driving switchers at a double-digit level. And so we're seeing both come out, and I think it's just because of the compelling products.",2.97,106.44,8.58,13,0.815,2.3,10.591,128.94,19.06,0.060017,0.7309,speaker,-0.7388,speaker,0.8236,speaker,-0.2132,speaker,-0.4169,speaker,0.1051,speaker,-0.3229,speaker,0.8251,speaker,-0.2773,speaker,0.1807,speaker,-0.0677
AAPL_2025_1_30_earnings_call_qa_features.json,AAPL,2025,1,1,2025_Q1,SPEAKER_01,26,1595.174,1661.307,66.133,132,"I do believe it will go mainstream. I'm getting feedback from people using different features today. And this is, keep in mind that on the iPhone side of our business, you either have to have an iPhone 15 Pro or iPhone 16 to use Apple Intelligence. And so the, as that base grows, I think the usage will continue to grow. And I think I know from my own personal experience, once you start using the features, you can't imagine not using them anymore. I know I get hundreds of emails a day and the summarization function is so important. So I think it's a combination of that and of course in April we roll out a whole series of new languages that we had mentioned and so the base grows further.",1.552,119.76,6.35,21,0.771,2.443,16.181,118.86,18.76,0.049576,-0.0299,speaker,-0.1749,speaker,0.2536,speaker,0.4964,speaker,-0.686,speaker,0.2548,speaker,0.2491,speaker,-0.2493,speaker,-0.2865,speaker,-1.1176,speaker,-0.3375
AAPL_2025_1_30_earnings_call_qa_features.json,AAPL,2025,1,1,2025_Q1,SPEAKER_01,28,1745.699,1754.963,9.264,15,We are monitoring the situation and don't have anything more to add than that. Great.,2.447,97.15,0.0,3,1.167,2.721,3.501,118.18,18.66,0.047165,0.4503,speaker,-1.1321,speaker,-1.3696,speaker,-1.1004,speaker,1.7358,speaker,0.5459,speaker,-1.0483,speaker,-0.3217,speaker,-0.2896,speaker,-1.4173,speaker,-0.6141
AAPL_2025_1_30_earnings_call_qa_features.json,AAPL,2025,1,1,2025_Q1,SPEAKER_01,29,1776.395,1801.859,25.464,47,I think the killer feature is different for different people. But I think for most they're going to find that they're going to use many of the features every day. And certainly one of those is Siri and that will be coming over the next several months.,1.536,110.74,4.71,10,0.916,3.522,9.163,123.47,20.58,0.058703,-0.0384,speaker,-0.5567,speaker,-0.1656,speaker,-0.4794,speaker,0.2008,speaker,1.3844,speaker,-0.469,speaker,0.2421,speaker,-0.2307,speaker,0.0174,speaker,-0.06
AAPL_2025_1_30_earnings_call_qa_features.json,AAPL,2025,1,1,2025_Q1,SPEAKER_01,30,1848.485,1901.978,53.493,96,"Yeah, Ben, I think it's different for different types of users. I mean, you have very early adopter kind of users that are very quick to jump on the latest technology that upgrade very frequently, and then you have people that are on the entire opposite side of that barbell, and most people are between those two points. I do think there were lots of units that are sold during the COVID period of time, and it's a huge opportunity for us as a company for more than one of the product categories. That's it for",1.823,107.68,4.49,20,1.087,3.922,21.733,122.08,21.41,0.05101,0.1155,speaker,-0.6863,speaker,-0.2218,speaker,0.4077,speaker,1.2465,speaker,1.8032,speaker,0.8172,speaker,0.0939,speaker,-0.2052,speaker,-0.9392,speaker,-0.3738
AAPL_2025_5_1_earnings_call_qa_features.json,AAPL,2025,5,2,2025_Q2,SPEAKER_00,1,51.736,123.472,71.736,144,"Well, on the data center side, we have a hybrid strategy. And so we utilize third parties in addition to the data center investments that we're making. And as I mentioned in the 500 billion, there's a number of states that we're expanding in. Some of those are data center investments. And so, we do plan on making investments in that area and we're not gating it. We invest in the business first, as Kevin talked about, is our most important thing to do. In terms of the foundation models, we want to have certain models. and we'll partner as well. And so I don't view it as a all of one or all of the other. We've been working on foundation models for quite some time and are shipping some today obviously with what's on device and what's in the private cloud compute.",0.928,120.44,4.18,25,0.938,3.697,23.454,113.94,27.9,0.055712,-0.3646,speaker,-0.1461,speaker,-0.3011,speaker,0.8513,speaker,0.3353,speaker,1.5676,speaker,0.9933,speaker,-0.7737,speaker,-0.006,speaker,-0.3546,speaker,-0.2444
AAPL_2025_5_1_earnings_call_qa_features.json,AAPL,2025,5,2,2025_Q2,SPEAKER_00,3,143.89,174.721,30.831,57,"We're super excited to ship the first one and get it out there and it's gone well. We love that we can produce better products from a point of view of really focusing on battery life and other things that customers want. And so we have started on a journey, is the way I would put it.",0.708,110.93,3.89,10,1.052,1.861,10.525,109.11,15.25,0.048995,-0.4827,speaker,-0.5487,speaker,-0.3752,speaker,-0.4794,speaker,1.0325,speaker,-0.3544,speaker,-0.3296,speaker,-1.2885,speaker,-0.3943,speaker,-1.1898,speaker,-0.6751
AAPL_2025_7_31_earnings_call_qa_features.json,AAPL,2025,7,3,2025_Q3,SPEAKER_00,0,148.75,211.458,62.708,118,"On the upgrades, Michael, if you look at iPhone, the 16 family grew double digit as opposed to the 15 family from the year ago quarter. And so we did set an upgrade record. I think it directly is because of the strength of the product. Mac also set records on upgrade. I think we continue to see a move to Apple Silicon. The performance of Apple Silicon is playing a very key role. It was an incredible quarter in terms of, if you're wondering about pull forward, We would estimate the pull forward of demand into April specifically to be about one point of the 10 points in terms of people buying because of discussions about tariffs.",1.485,112.9,2.87,21,0.887,1.721,18.618,119.03,20.29,0.057299,-0.0658,speaker,-0.4653,speaker,-0.6359,speaker,0.4964,speaker,0.0234,speaker,-0.501,speaker,0.4985,speaker,-0.2311,speaker,-0.2396,speaker,-0.1572,speaker,-0.1372
AAPL_2025_7_31_earnings_call_qa_features.json,AAPL,2025,7,3,2025_Q3,SPEAKER_00,3,276.764,291.142,14.378,22,I think they continue to be very valuable. I think that consumers behaviors are evolving and we're monitoring it very closely. I,0.759,91.81,8.35,5,1.201,1.822,6.006,120.5,29.16,0.058497,-0.4553,speaker,-1.3581,speaker,0.7648,speaker,-0.9229,speaker,1.9437,speaker,-0.3953,speaker,-0.792,speaker,-0.0745,speaker,0.0327,speaker,-0.0083,speaker,-0.4168
AAPL_2025_7_31_earnings_call_qa_features.json,AAPL,2025,7,3,2025_Q3,SPEAKER_00,5,329.093,443.236,114.143,232,"Yeah, we did grow in greater China by 4% during the quarter versus the previous quarter. It was driven by an acceleration by iPhone. Although we also had substantial growth on the Mac year over year. As you know, the government has placed certain subsidies that affect some of our products. Not all of them, but there are some of them. I think that had some effect. It was the first full quarter of the subsidy playing out that it cut in during a portion of the previous quarter. The other things I would say are that the install base hit a record high in greater China. And we set an all-time record for the iPhone install base. The iPhone Upgraders in mainland China set a record for the June quarter. And according to Burlpanel, which was formerly known as Cantor, iPhone had the top three models in urban China, which is extraordinary. Also, if you look at the other products, Mac, iPad and Watch, the majority of customers that are buying in China mainland were new to the product. So lots of good things there. And the other thing I would point out, which interesting, interesting point, the MacBook Air was the top selling laptop model in all of China. And the Mac mini was the top selling desktop model in all of China. So, overall, a positive, very positive quarter.",0.691,121.95,2.63,37,0.836,3.062,30.945,132.46,136.28,0.064527,-0.4918,speaker,-0.0822,speaker,-0.6973,speaker,1.9158,speaker,-0.2885,speaker,0.9029,speaker,1.7598,speaker,1.2003,speaker,3.3206,speaker,0.7415,speaker,0.8973
AAPL_2025_7_31_earnings_call_qa_features.json,AAPL,2025,7,3,2025_Q3,SPEAKER_00,7,502.18,582.151,79.971,171,"Yeah, thanks for the question. We're making good progress on a more personalized theory, and we do expect to release the features next year. As we had said earlier, our focus from an point of view. is on putting AI features across the platform that are deeply personal, private, and seamlessly integrated. And of course, we've done that with more than 20 Apple Intelligence features so far from visual intelligence to cleanup, to writing tools, and all the rest. We are significantly growing our investment. We did during the June quarter, we will again in the September quarter. I'm not putting specific numbers behind that at this point, but you can probably tell them the guidance that things are moving up. We are also reallocating a fair number of people to focus on AI features within the company that are, you know, we have great, a great team and we're putting all of our energy behind it. In terms of products, in terms of other products, I don't want to really",0.692,128.3,2.25,31,0.715,2.242,22.15,121.58,18.3,0.069301,-0.4913,speaker,0.1866,speaker,-0.7944,speaker,1.3836,speaker,-1.0285,speaker,0.0444,speaker,0.8599,speaker,0.0406,speaker,-0.3007,speaker,1.3352,speaker,0.4644
AAPL_2025_7_31_earnings_call_qa_features.json,AAPL,2025,7,3,2025_Q3,SPEAKER_00,8,582.877,592.597,9.72,21,"comment on specific other products, but we have an exciting roadmap ahead and I could not be more excited about it.",3.764,129.63,0.0,3,0.734,1.261,2.201,115.24,12.49,0.048911,1.1569,speaker,0.2429,speaker,-1.3696,speaker,-1.1004,speaker,-0.9123,speaker,-0.9826,speaker,-1.1813,speaker,-0.6351,speaker,-0.479,speaker,-1.2002,speaker,-0.3312
AAPL_2025_7_31_earnings_call_qa_features.json,AAPL,2025,7,3,2025_Q3,SPEAKER_00,9,729.875,738.278,8.403,26,"Yeah, I don't really want to speculate on the court ruling and how they would rule and what we would do as a consequence of it.",0.405,185.65,7.14,2,0.39,0.44,0.78,108.66,14.22,0.046934,-0.6452,speaker,2.6145,speaker,0.4555,speaker,-1.1891,speaker,-3.0161,speaker,-1.8421,speaker,-1.3267,speaker,-1.3364,speaker,-0.4259,speaker,-1.4461,speaker,0.0268
AAPL_2025_7_31_earnings_call_qa_features.json,AAPL,2025,7,3,2025_Q3,SPEAKER_00,10,782.508,834.77,52.262,95,"Yeah, when you think about all the things an iPhone can do from connecting people to bringing app and game experiences to life, to taking photos and videos, to helping users explore the world and conduct their financial lives and pay for things and so much more, It's difficult to see a world where iPhone's not living in it. And that doesn't mean that we are not thinking about other things as well. But I think that the devices are likely to be complementary devices, not substitution. Okay. Thank you so much, Tim. Thank you.",0.81,109.07,6.89,15,1.193,3.972,17.898,116.26,35.22,0.05234,-0.4279,speaker,-0.6274,speaker,0.3916,speaker,-0.0358,speaker,1.8948,speaker,1.8555,speaker,0.4248,speaker,-0.5264,speaker,0.2187,speaker,-0.7739,speaker,-0.4811
AAPL_2025_7_31_earnings_call_qa_features.json,AAPL,2025,7,3,2025_Q3,SPEAKER_00,11,875.017,960.978,85.961,151,"You know, right now we're just estimating the cost of it and it's up quarter over quarter because our volume is up quarter over quarter and there was some. Build ahead in the in the previous quarter. And so that's the primary reasons that it's that it's up. In terms of what we do to mitigate, we obviously try to optimize our supply chain. And ultimately, we will do more in the United States. We've committed 500 billion investment in the US over the next four years. And we've already building Chips in Arizona and in fact, we're building semiconductors across 12 states and 24 factories and have a lot of other things in the work. She probably saw the investment in MP materials last week. And so we continue to explore these things and and look for more that we can do, which I think ultimately is the objective. Got",2.194,105.4,3.49,36,0.952,2.681,34.281,117.61,24.01,0.045826,0.3146,speaker,-0.7828,speaker,-0.4775,speaker,1.8271,speaker,0.4209,speaker,0.504,speaker,2.1011,speaker,-0.3825,speaker,-0.1254,speaker,-1.5838,speaker,-0.5862
AAPL_2025_7_31_earnings_call_qa_features.json,AAPL,2025,7,3,2025_Q3,SPEAKER_00,13,1109.596,1280.607,171.011,328,"Yeah, in terms of the. The tariff situation and country of origin and so forth. One thing I would say just to remind everyone is. Keep in mind that the vast majority of our products are covered. under the Section 232 investigation. And so the today, or I should say last quarter, the bulk of the tariffs that we paid were the IEPA tariffs that hit early in the year related to China. And so that's just a reminder of where things are and what we assumed as we calculated the projection of 1.1 billion that's in our outlook color. In terms of the country of origin, it's the same as I referenced last quarter. There hasn't been a change to that, which is the The vast majority of the iPhone sold in the US, or the majority, I should say, have a country of origin of India. And the vast majority of the products, other products, the Mac and the iPad and the watch, have a country of origin of Vietnam that are sold in the United States. The products for other international countries, the vast majority of them are coming from China. And so that hopefully gives you a flavor of where things are. But I would stress again that we do a lot in this country in the United States and we've committed 500 billion and we're always looking to do more. And you could kind of see that in the. the most recent announcements, whether it's MP Materials or our Manufacturing Academy that we're standing up in Detroit in a couple weeks or so. And so we're gonna be doing, we're doing more in this country and that's on top of having roughly 19 billion chips coming out of the US now and we will do more. And of course, glass from my phone and the face ID module. And so there's, there's loads of different things that are done in the United States.",1.553,115.08,3.16,63,0.841,2.653,52.968,114.45,17.94,0.052802,-0.0293,speaker,-0.373,speaker,-0.5618,speaker,4.2223,speaker,-0.2579,speaker,0.4747,speaker,4.0132,speaker,-0.7193,speaker,-0.3117,speaker,-0.7164,speaker,-0.3569
AAPL_2025_7_31_earnings_call_qa_features.json,AAPL,2025,7,3,2025_Q3,SPEAKER_00,14,1350.402,1375.968,25.566,66,"Let me see if I can answer the channel inventory question or what I think is the channel inventory question. If you look at iPhone channel inventory from the beginning of the quarter to the end of the quarter, we reduced it and it ended toward the low end of our targeted range. And so that's the, that's the answer on the inventory piece. Yeah. And",1.282,154.89,7.04,6,0.899,1.2,5.396,116.99,14.77,0.066188,-0.1747,speaker,1.3123,speaker,0.43,speaker,-0.8342,speaker,0.0968,speaker,-1.0464,speaker,-0.8544,speaker,-0.4486,speaker,-0.409,speaker,0.9481,speaker,0.2687
AAPL_2025_7_31_earnings_call_qa_features.json,AAPL,2025,7,3,2025_Q3,SPEAKER_00,15,1439.907,1469.523,29.616,65,"The way that we look at AI is that it's one of the most profound technologies of our lifetime. And I think it will affect all devices in a significant way. What pieces of the chain are commoditized and not commoditized, I wouldn't want to really talk about today because that gives away some things on our strategy. But I think it's a good question.",0.0,131.69,4.05,7,1.164,2.842,8.146,126.93,36.8,0.054746,-0.8625,speaker,0.3301,speaker,-0.3343,speaker,-0.7455,speaker,1.7174,speaker,0.6725,speaker,-0.573,speaker,0.6109,speaker,0.2672,speaker,-0.4747,speaker,0.1843
AAPL_2025_7_31_earnings_call_qa_features.json,AAPL,2025,7,3,2025_Q3,SPEAKER_00,17,1512.115,1551.367,39.252,74,"multiple regions? Any color there would be helpful in terms of how you're sort of getting to that assumption there and have a follow-up? It was principally on iPhone and Mac. And it was pretty, you know, it was obvious evidence of it. It was an unusual buying pattern there and that largely occurred in April toward the beginning of the quarter. And it was really, we believe it was largely the United States.",0.0,113.12,3.06,14,0.953,2.562,13.344,123.31,42.99,0.050382,-0.8625,speaker,-0.456,speaker,-0.5874,speaker,-0.1245,speaker,0.427,speaker,0.3794,speaker,-0.0412,speaker,0.225,speaker,0.4572,speaker,-1.0173,speaker,-0.0691
AAPL_2025_7_31_earnings_call_qa_features.json,AAPL,2025,7,3,2025_Q3,SPEAKER_00,18,1593.52,1655.452,61.932,89,"I would be careful about projecting based on the numbers from Q2 and Q3 because one we're uncertain of what the rates will be. And so the rates may change. Two, particularly in last quarter, we had some build-ahead inventory that we had within the company and within our supplier, within our supply chain. And so those two are a little unique. Also, as you know from following us for so long, Q1 is generally a higher volume quarter. And the tariffs are currently are pretty linear with volume.",0.573,86.22,3.88,25,0.974,3.987,24.357,111.45,18.57,0.051248,-0.5551,speaker,-1.5948,speaker,-0.3778,speaker,0.8513,speaker,0.5555,speaker,1.8712,speaker,1.0857,speaker,-1.039,speaker,-0.2924,speaker,-0.9096,speaker,-0.7244
AAPL_2025_7_31_earnings_call_qa_features.json,AAPL,2025,7,3,2025_Q3,SPEAKER_00,20,1848.957,1900.409,51.452,110,"Yeah, thanks for bringing it up. I was thrilled with the release from the team on VisionOS 26. It includes many things in it, like spatial widgets to enable users to customize their digital space. The personas took a huge increase with their much more lifelike. And of course, there's new enterprise APIs for companies as well. And we're seeing, as Kevin talked about in his opening remarks, we're seeing those things resonate out with CAE and other customers. And so we continue to be very focused on it. And I don't want to get into the roadmap on it, but this is an area that we really believe in.",1.13,128.27,3.5,15,0.775,1.641,11.623,145.66,214.94,0.06761,-0.2563,speaker,0.1854,speaker,-0.4749,speaker,-0.0358,speaker,-0.6615,speaker,-0.5848,speaker,-0.2173,speaker,2.6072,speaker,5.7351,speaker,1.1249,speaker,1.5936
AAPL_2025_7_31_earnings_call_qa_features.json,AAPL,2025,7,3,2025_Q3,SPEAKER_00,21,1914.787,1963.994,49.207,106,"You know, let me take that one as well. We've acquired around 7 companies this year. And that's companies from all walks of life, not all AI oriented. And so we're doing 1, think of it as 1 every several weeks. We're very open to M and a that accelerates our roadmap. We are are not. stuck on a certain size company, although the ones that we have acquired thus far this year are small in nature. But we basically ask ourselves whether a company can help us accelerate a roadmap. If they do, then we're interested, but we don't have anything to share specifically today.",0.608,129.25,4.88,17,0.831,2.009,14.129,125.3,34.81,0.068826,-0.5363,speaker,0.2269,speaker,-0.1222,speaker,0.1416,speaker,-0.3191,speaker,-0.1995,speaker,0.0392,speaker,0.4371,speaker,0.2061,speaker,1.2761,speaker,0.5123
AMZN_2025_10_30_earnings_call_qa_features.json,AMZN,2025,10,4,2025_Q4,SPEAKER_04,0,27.183,77.015,49.832,135,"Yeah, on the capacity side, we brought in quite a bit of capacity, as I mentioned in my opening comments, 3.8 gigawatts capacity in the last year with another gigawatt plus coming in the fourth quarter. And we expect to double our overall capacity by the end of 2027. So we're bringing in quite a bit of capacity. Today, overall in the industry, maybe the bottleneck is power. I think at some point it may move to chips, but we're bringing in quite a bit of capacity. And as fast as we're bringing it in right now, we are monetizing it. And then on the training demand outside of our major customers. So first of all, as I mentioned on training two, it's really doing well. It's fully subscribed on training two. We have, you",1.603,162.55,7.22,16,0.707,1.172,11.318,174.84,147.14,0.083024,-0.1407,speaker,-0.5314,speaker,0.7112,speaker,-0.7066,speaker,0.1445,speaker,-0.8828,speaker,-0.6886,speaker,2.1545,speaker,2.6548,speaker,1.1999,speaker,0.8735
AMZN_2025_10_30_earnings_call_qa_features.json,AMZN,2025,10,4,2025_Q4,SPEAKER_04,1,77.234,148.514,71.28,185,"a multi-billion dollar business at this point. It grew 150% quarter over quarter in revenue. And you see really big projects of scale now, like our project Rainier that we're doing with Anthropic, where they're running their next version of, they're training the next version of Claude on top of Trainium II on 500,000 Trainium II chips, going to a million Trainium II chips by the end of the year. As I mentioned, we have today with Trainium II, we have a small number of very large customers on it. But because Tranium is 30 to 40% more price performance than other options out there, and because as customers, as they start to contemplate broader scale of their production workloads moving to being AI focused and using inference, they badly care about price performance. And so we have a lot of demand for Tranium. Trainium 3 should preview at the end of this year with much fuller volumes coming in the beginning of 26. We have a lot of customers, both very large and I'll call it medium size who are quite interested in Trainium",0.489,155.72,1.68,19,0.71,1.24,13.496,159.41,103.5,0.084474,-0.878,speaker,-1.0924,speaker,-1.5053,speaker,-0.5947,speaker,0.1879,speaker,-0.793,speaker,-0.5771,speaker,0.9342,speaker,1.359,speaker,1.2677,speaker,0.6334
AMZN_2025_10_30_earnings_call_qa_features.json,AMZN,2025,10,4,2025_Q4,SPEAKER_04,2,198.667,325.229,126.562,369,"Yeah. Well, first of all, we're always going to have multiple chip options for our customers. It's been true in every major technology building block or component that we've had in AWS. Really in the history of AWS, it's never just one player that over a long period of time has the entire market segment and can satisfy everybody's needs. on every dimension. And so we have a very deep relationship with NVIDIA. We have for a very long time, and we will for as long as I can foresee the future. We buy a lot of NVIDIA. We are not constrained in any way in buying NVIDIA. And I expect that we'll continue to buy more NVIDIA both next year and in the future. But we're different from most technology companies in that we have our own very strong chip team. And this is our ANAPERNA team. And you saw it first on the CPU side with what we built with Graviton, which is about 40% better price performance than the other X86 processors. And you're seeing it again on the custom silicon on the AI side with Tranium, which is about the same amount of price performance benefit for customers relative to other GPU options. And our customers to be able to use AI as expansively as they want. And remember, it's still relatively early days at this point. they're going to need better price performance and they care about it deeply. And so, you know, I mentioned earlier the momentum that Tranium 2 has. And I think that for us, as we think about Tranium 3, I expect Tranium 3 will be about 40% better than Tranium 2. And Tranium 2 is already very advantage on price performance. So we have to, of course, deliver the chip. We have to deliver it in volumes and deliver it quickly. And we have to continue to work on the software ecosystem, which gets better all the time. And as we have more proof points like we have with Project Rainier, with what Anthropics is doing on Tranium 2, it builds increasing credibility for Tranium. And I think customers are very bullish about it. I'm bullish about it as",2.312,174.93,3.79,29,0.628,1.461,18.206,157.98,69.13,0.090459,0.3285,speaker,0.4853,speaker,-0.6611,speaker,-0.2214,speaker,-1.0007,speaker,-0.5009,speaker,-0.3359,speaker,0.8211,speaker,0.3384,speaker,1.5478,speaker,0.729
AMZN_2025_10_30_earnings_call_qa_features.json,AMZN,2025,10,4,2025_Q4,SPEAKER_04,3,361.763,424.302,62.539,171,"Yeah, I think what is compelling for Anthropic around Project Rainier is, you know, really is the Tranium II chip, which, you know, we've built a very, first of all, we built a very large cluster that they can use in a very expansive way. And it's not simple to be able to build a cluster that has 500,000 plus chips going to a million. That's an infrastructure feat that's hard to do at scale. You know, some piece of it is the infrastructure capabilities that we've built over a long period of time in AWS that is, you know, unusual in the industry, but it's just also the performance of the chip and the price performance, both of which matter. And, you know, I think that, you know, Project Rainier is something that is specific for Anthropic, but we have a lot of other customers who are interested in employing large clusters of Tranium chips that we're going to hopefully give them a chance to do so with Tranium 3.",1.333,164.06,9.59,16,0.702,1.081,11.224,150.52,43.92,0.086074,-0.3194,speaker,-0.4074,speaker,1.6594,speaker,-0.7066,speaker,0.072,speaker,-1.0031,speaker,-0.6934,speaker,0.2312,speaker,-0.4102,speaker,1.3426,speaker,0.0662
AMZN_2025_10_30_earnings_call_qa_features.json,AMZN,2025,10,4,2025_Q4,SPEAKER_04,4,500.898,720.796,219.898,618,"Yeah, so I'll start with grocery mark. We have a very large grocery business. If you look at our entire grocery business, if I don't even count Whole Foods Market and Fresh, in the last 12 months, it's over $100 billion of gross merchandising sales, which would make us a top three grocery in the US. A good chunk of it is a lot of the items that you'd find in the middle aisles, so consumables and canned goods and pet food and health and beauty, very significant that continues to grow at a very good clip. But then, you know, we also have Whole Foods Market, which is the pioneer in organic foods, which is also growing at a faster clip than most grocery companies and with an attractive trajectory on profitability. And we'll expand our Whole Foods physical presence over the coming years here. And I'm also very excited about this new concept daily shop that we have, which is a smaller version of Whole Foods and Urban Settings, which we have three that we've launched that are off to very good starts that you should expect to see more of as well. And we have always been, you know, as you reference, we've talked a lot about having a larger mass physical presence. And we continue to experiment with various formats, but the one that we are most excited about is what you reference, which is the ability to provide perishable groceries with same-day deliveries. And if you think about how many of our customers are buying from us multiple times a week and who are buying things like shampoo or detergent or paper cups or water, where the ability to add milk and eggs and yogurt and other perishables to their order and have it live in the same shopping cart and then show up a few hours later is very compelling. And we started with a few markets about a year ago, and we were really taking it back at the adoption. Not just the number of people that started buying perishables from us very quickly, but how often they came back downstream to buy perishables and groceries from us in the future. And so we've now expanded that to 1,000 cities around the US. We'll be in 2,300 by the end of the year. And it's really changing the trajectory and the size of our grocery business. And I also believe that this many years tradition of the weekly stock up, grocery stock up is changing. And I think we're a big part of that. And I think there's a lot of potential there for the grocery side. It doesn't mean that we won't continue to experiment with other physical formats, but we're onto something very significant with what we're doing with perishables from our same day facilities. And then on your head cow question, you know, what I would tell you is, you know, the, The announcement that we made a few days ago was not really financially driven. And it's not even really AI driven, not right now at least. It really, it's culture. And if you grow as fast as we did for several years, you know, the size of businesses, the number of people, the number of locations, the types of businesses you're in, you end up with a lot more people than what you had before. and you end up with a lot more layers. And when that happens, sometimes without realizing it, you can weaken the ownership of the people that you have who are doing the actual work and who own most of the two-way door decisions, the ones that should be made quickly and",1.62,168.62,3.55,60,0.691,2.041,41.455,158.74,46.06,0.081894,-0.1295,speaker,-0.0329,speaker,-0.7572,speaker,0.9358,speaker,-0.0875,speaker,0.2656,speaker,0.8544,speaker,0.8812,speaker,-0.3467,speaker,1.147,speaker,0.5015
AMZN_2025_10_30_earnings_call_qa_features.json,AMZN,2025,10,4,2025_Q4,SPEAKER_04,5,721.117,753.871,32.754,101,"right at the front line. And it can lead to slowing you down. And as a leadership team, we are committed to operating like the world's largest startup. And that means removing layers. It means increasing the amount of ownership that people have. And it means inventing and moving quickly. And I don't know if there's ever been a time in the history of Amazon or maybe business in general with the technology transformation happening right now where it's important to be lean, it's important to be flat, and it's important to move fast. And that's what we're going to do",5.181,185.02,3.66,10,0.585,0.76,5.847,150.69,28.27,0.081654,2.2274,speaker,1.314,speaker,-0.7131,speaker,-0.9306,speaker,-1.6241,speaker,-1.4273,speaker,-0.9687,speaker,0.2446,speaker,-0.8749,speaker,1.1357,speaker,0.3934
AMZN_2025_10_30_earnings_call_qa_features.json,AMZN,2025,10,4,2025_Q4,SPEAKER_04,6,790.287,854.817,64.53,187,"Robotics is a very substantial area of investment for us. We have over a million robots in our fulfillment network at this point. And I would say that while that's significant, we have a lot of invention in flight. So I expect that we'll have more over a period of time. You know, robotics are very important for us and for our customers and for our teammates because they improve safety, they boost productivity, they increase speed, and they let our human teammates focus on problem solving and what they do best. And we expect that our people will remain at the heart and the center of our fulfillment network as they have from when we first started working on robotics. And we expect that over time we will have a fulfillment network where robots and humans complement each other and work together. But I think you're going to continue to see us invest very significantly in robotics. It's going to help on the safety, the productivity, the speed, and ultimately some of the cost pieces, which will allow us to continue to improve the customer experience.",1.468,173.87,2.79,16,0.674,1.281,10.787,168.52,121.93,0.082737,-0.2301,speaker,0.3982,speaker,-1.0612,speaker,-0.7066,speaker,-0.3339,speaker,-0.7388,speaker,-0.7158,speaker,1.6547,speaker,1.9062,speaker,1.1864,speaker,1.067
AMZN_2025_10_30_earnings_call_qa_features.json,AMZN,2025,10,4,2025_Q4,SPEAKER_04,7,879.337,889.563,10.226,31,"I'm very excited about, and as a business, we're very excited about in the long term, the prospect of agentic commerce. And it has a chance to be good for customers.",1.452,181.89,0.0,2,0.54,0.541,1.081,166.78,59.24,0.095891,-0.2407,speaker,1.0569,speaker,-2.1775,speaker,-1.2292,speaker,-2.2764,speaker,-1.7167,speaker,-1.2127,speaker,1.5171,speaker,0.0447,speaker,1.802,speaker,1.3112
AMZN_2025_10_30_earnings_call_qa_features.json,AMZN,2025,10,4,2025_Q4,SPEAKER_04,8,890.018,1054.229,164.211,476,"It has a chance to be really good for e-commerce. And I think if you're If you know what you want to buy, there are a few experiences that are better than coming to Amazon. But if you don't know what you want, it's, you know, a physical store with a physical salesperson still has some advantages. Obviously, lots of people do it on Amazon all the time, but you very often want to ask questions and help, you know, get help narrowing what you're going to look for. And as you keep asking new questions, having a whole bunch of different options presented to you, And I think AI and agentic commerce are going to change the experience online where that experience where you're narrowing what you want when you don't know is going to get better online than it even is in physical environments. Now, we obviously have our own efforts here in agentic commerce. We have Rufus, which I talked about in my opening comments, which is continuing to get better and better and use more broadly. And we have features like Bye For Me where We will surface on Amazon even items that we don't stock that other merchants have. And then if customers want us to go and buy it for them on those merchants' websites, we will do that. And both of those have been successful for us. But we're also having conversations with and expect over time to partner with third-party agents. You know, I think that it reminds me in some ways of the beginning of search engines many years ago being sources of discovery for commerce. And, you know, you had to kind of figure out the right way to work together. And today, search engines are a very small part of our referral traffic. And third-party agents are a very small subset of that. But I do think that we will find ways to partner. We have to find a way, though, that makes the customer experience good. Right now, I would say the customer experience is not good. There's no personalization. There's no shopping history. The delivery estimates are frequently wrong. The prices are often wrong. So we've got to find a way to make the customer experience better and have the right exchange of value. But I do think that the exciting part of this and the promise is that AI and agentic commerce solutions are going to expand the amount of shopping that happens online. And I think that's really good for customers, and I think it's really good for Amazon because at the end of the day, you're going to buy from the outfit that allows you to have the broadest selection, great value, and continues to deliver for you very quickly and reliably. And I think that bodes well for us.",2.565,173.92,6.21,48,0.665,2.261,31.942,154.28,58.43,0.077994,0.496,speaker,0.4023,speaker,0.3071,speaker,0.4878,speaker,-0.4644,speaker,0.5564,speaker,0.3673,speaker,0.5285,speaker,0.0206,speaker,0.9645,speaker,0.3505
AMZN_2025_10_30_earnings_call_qa_features.json,AMZN,2025,10,4,2025_Q4,SPEAKER_04,9,1103.082,1477.977,374.895,978,"I'll start on the AWS side. You know, we are seeing, you know, you know, we're really pleased with the results from this quarter, 20% year-over-year on a annualized run rate of $132 billion is unusual. And we have momentum. You can see it. And we see the growth in both our AI area, where we see it in inference. We see it in training. We see it in the use of our Tranium Custom Silicon. You know, bedrock continues to grow really quickly. SageMaker continues to grow quickly. And, you know, I think that the number of companies who are working on building agents is very significant. I do believe that a lot of the value that companies will realize over time in AI will come from agents. And I think that Building agents today is still harder than it should be. You need tools to make it easier, which is why we built strands, which is an open source capability that lets people build agents from any model that they can imagine. But even more so when you talk to enterprises or companies that care a lot about security and scale, They're starting to build agents and they don't really feel like they've got, they've had building blocks that allow them to have the type of secure scalable agents that they need to bet their businesses and their customer experience and their data on. And that's why, that was really the inspiration behind Agent Core was to build another set of primitive building blocks like we built in the early days of AWS where it was compute and storage and database We defined a set of building blocks that you needed to be able to deploy agents securely and scalably that we provide an agent core. And then when we talk to our customers, it really resonates. There is not anything else like it. It's changing their timeframe and their receptivity to building agents. And it's very compelling for them. So I do think the combination of what we're doing to enable agents to be built and run securely and scalably as well as some of the agents that we're building ourselves that our customers are excited about are compelling for them. And I think the other place we see a lot of growth in AWS also is just the number of enterprises who have gotten back to moving from on-premises infrastructure to the cloud. And we continue to earn the lion's share of those transformations. You know, I look at the momentum we have right now, and I believe that we can continue to grow at a clip like this for a while. You know, I think on the advertising side, you know, that is also an area where I think collectively we feel very pleased about the progress. Every single one of our advertising offerings this quarter grew in a meaningful way. I think there's a few things going on for us. What I think of as a pretty unusual full funnel offering. And if you look at the top of the funnel, which typically tends to be awareness building and broad scale, to be able to use our own prime video and our live sports capabilities, as well as going all the way down to the bottom of the funnel at point of sale, being able to use sponsored products, That's, you know, most people don't have a full funnel offering as robust as that. And then when you layer on top of it, the combination of the audience curation and development we can do, along with the advantage measurement, it just all leads to a return on advertising spend that's very unusual. And I think there are multiple places where we can expect to continue to grow. You know, one is, In our stores business, I still think if you look at the worldwide market segment share of retail, still 80 to 85% of it lives in physical stores. And that equation is going to flip over time. And I think AI is going to only accelerate that. So I think we have a significant opportunity still in our existing stores. And then I think video, we've only been at this for a little bit of time, but it's already a very large amount of advertising revenue. and we're still relatively early stage. I think that will continue to be a big area of growth. And then as you reference the amount, the demand side platform or Amazon DSP, that is growing really quickly as well. Some of it had to do with the fact that we had some features. We always had a number of the core components people wanted around some of our properties, the measurement capabilities, Amazon Marketing Cloud, We lacked some features for a while as we were building out our DSP that customers told us mattered. And the team over the last 20 months have closed those gaps in a very significant way so that now people feel like our DSP is fully featured. And then you look at some of the partnerships that we've done. The Roku partnership gives us the largest connected TV footprint in the US. And you layer on top of that, what we've recently done in providing our DSP customers the opportunity to integrate with the ad inventory in Netflix, and Spotify, and SiriusXM, it's powerful. And so we are growing very quickly on the demand side platform. So very optimistic about what we're doing there. We've continued work to do, obviously, but I don't think we're close to being able to grow that Thanks for joining us on the call today and for your questions. A replay will be available on our Investor Relations website for at least three months. We appreciate your interest in Amazon and look forward to speaking",2.43,156.52,5.12,118,0.734,2.651,86.573,154.16,64.69,0.081584,0.4066,speaker,-1.0267,speaker,-0.129,speaker,3.1007,speaker,0.5359,speaker,1.0718,speaker,3.1644,speaker,0.519,speaker,0.2065,speaker,1.1325,speaker,0.117
AMZN_2025_2_6_earnings_call_qa_features.json,AMZN,2025,2,1,2025_Q1,SPEAKER_01,0,61.777,176.662,114.885,313,"Well, I would say that, you know, I think retailers ourselves and probably lots of other retailers are all going to have their own say on how they want to interact with agents. You know, I think that it's an emerging space. And if you think about the investments that we've made, in our fulfillment network, in our website, in all the selection that we've built, how we organize it. Most retailers are going to have kind of terms in which they're going to interact with agents, and we'll be no different that way. I do think that Rufus, if you look at how it impacts the customer experience, And if you actually use it month to month, it continues to get better and better. It's already, if you're buying something and you're on a product detail page, our product detail page provides so much information that sometimes it's hard if you're trying to find something quickly to scroll through and figure and find that little piece of information. And so we have so many customers now who just use Rufus to help them find a quick fact about a product They also use Rufus to figure out how to summarize customer reviews. So they have to read 100 customer reviews to get a sense of what people think about that product. If you look at the personalization, you know, really most prominently today, your ability to go into Rufus and ask what's happened to an order or what did I just order? Can you pull up for me this item that I ordered two months ago? The personalization keeps getting much better. And so we expect throughout 2025 that the number of occasions where you're not sure what you want to buy and you want help from Rufus are going to continue to increase and be more and more helpful to customers.",1.941,163.47,6.79,34,0.735,2.641,24.991,162.43,26.49,0.071601,0.083,speaker,-0.4559,speaker,0.5392,speaker,-0.0348,speaker,0.5504,speaker,1.0586,speaker,0.0115,speaker,1.173,speaker,-0.9278,speaker,0.6653,speaker,0.1526
AMZN_2025_5_1_earnings_call_qa_features.json,AMZN,2025,5,2,2025_Q2,SPEAKER_04,0,56.933,133.006,76.073,191,"Thanks, Ross. You know, I would say that we've been bringing on a lot of P5s, which is a form of an NVIDIA chip instances, as well as landing more and more training in two instances as fast as we can. And I would tell you that our AI business right now is a multi-billion dollar annual run rate business that's growing triple digit percentages year over year. And we, as fast as we actually put the capacity in it's being consumed. I think we could be driving, we could be helping more customers and driving more revenue for the business if we had more capacity. We have a lot more training of two instances and the next generation of NVIDIA's instances landing in the coming months. I expect that there are other parts of the supply chain that are a little bit jammed up as well, motherboards and some other componentry. But I do – and some of that is just because there is so much demand right now. But I do believe that the supply chain issues and the capacity issues will continue to get better as the year",1.788,150.64,6.31,20,0.731,1.675,14.618,133.24,19.77,0.03772,-0.0183,speaker,-1.5096,speaker,0.3471,speaker,-0.5573,speaker,0.4924,speaker,-0.2181,speaker,-0.5196,speaker,-1.1354,speaker,-1.1273,speaker,-0.9202,speaker,-0.94
AMZN_2025_5_1_earnings_call_qa_features.json,AMZN,2025,5,2,2025_Q2,SPEAKER_04,1,194.971,407.022,212.051,597,"Thanks, Eric. It's hard to tell what's going to happen with tariffs right now. It's hard to tell where they're going to settle and when they're going to settle. And so a lot of what we're thinking about short and medium term actually turns out to be what we think about long term too, which is how do we actually have the broadest possible selection for customers at the lowest possible prices. And there's maybe never been a more important time in recent memory than, you know, trying to keep prices low, which we're heads down. pretty maniacally focused on and then get things to people quickly and take care of customers. And that is the heart of what we're doing. And you can see different initiatives that we've taken within those priorities. You know, we've done some forward buys of inventory where we're the first party seller. Our third party sellers have pulled forward a number of items that they have inventory here as well. And those are all We're encouraging that because we're trying to keep prices as low as possible for customers. I think also, when you have as broad selection as we have, and we have much broader selection than other retailers, it means that when you've got this continuity like we may potentially have, you're better able to help customers find what they want no matter what those trends are. I mentioned in my opening comments about what happened in the pandemic and You can bet they're going to be things that we don't anticipate that customers really value and want that are different. It could be as simple, by the way, as just favoring other brands that maybe people didn't know about before, but where they have a more favorable price equation for customers. And I think when you've also got another thing that people forget is that when you've got 2 million plus sellers, they're not all going to take the same strategy if there ends up being higher tariffs. I mean, there are going to be plenty of sellers that decide to pass on those higher costs to end consumers, but they're going to, you know, we have a lot of sellers in lots of different countries and not all of them are going to pursue the same tax. And so I think when you've got larger diversity like we have, we have a better chance of some of those sellers deciding that they're going to capture share And they're not going to pass on all or any of those tariffs to customers. And so I think customers are going to have a better chance of finding variety on selection and on lower prices when they come here. And the last thing I would say is that we have been in a number of our businesses, but just I'd say over the last six years or so, we have been diversifying where we produce things over a long period of time. We had, I would say, a meaningfully higher concentration of where we produce components for AWS or devices in China than we have now, where we've diversified meaningfully over that time. And we just thought that was wise to do so. And so those are some of the ways that we're trying to make sure that we are protecting our customers over the short, medium, and long term. But it turns out that most of those are the things that we focus most on, which is really broad selection for ultimate choice, really low prices, and very fast",2.363,168.92,5.09,66,0.65,1.901,42.928,146.14,53.61,0.04457,0.3623,speaker,-0.0083,speaker,-0.141,speaker,1.1597,speaker,-0.6818,speaker,0.0806,speaker,0.9298,speaker,-0.1152,speaker,-0.1225,speaker,-0.5996,speaker,-0.1507
AMZN_2025_5_1_earnings_call_qa_features.json,AMZN,2025,5,2,2025_Q2,SPEAKER_04,2,481.762,761.802,280.04,810,"Well, you know, the first thing I would say is when we've historically said that revenue can be lumpy, this was, you know, we've been saying this well before what's happened with AI over the last couple of years. And the reason for that is the sales cycle for, particularly for enterprise, it's true for startups, you know, what you really want is you want to, you want to have the type of capabilities where startups want to primarily choose to run on top of your platform. And that's true. If you look in the startup space, the vast majority of successful startups over the last 10 to 15 years have run on top of AWS. And it's unpredictable when those startups are going to find product market fit and grow substantially. And it's hard for them to predict it, even harder for us to predict. And the same thing goes on the enterprise side, but in a different way, when the sales cycle on the enterprise side is that you spend time trying to convince people that they should move from on-premises to the cloud, and then that you have the right solution for them, and then you pick a set of projects that you get experience on. And sometimes they use systems integrators, sometimes they use our own professional services, sometimes they're doing it themselves. Then there's a next tranche of migrations. And those migrations just take time. And some companies get through them really quickly. And some companies take longer to get through them. And what happens a lot of times too is that they get excited and enthusiastic about the cost advantages and the speed of innovation advantages they get moving to the cloud. And what was supposed to be a smaller next tranche turns into a much larger next tranche. And all of that has been true for a long time. It's very hard for us to predict, because it really is contingent on what enterprises, how they want to sequence it and resource it. Then you throw in AI, which has its own very fast growth cycle, particularly in certain types of use cases. And those change. I mean, I'll give you just some examples. In the early days of the earliest days, I should say, of AI, What you've seen the most amount of has been initiatives that get you productivity and cost avoidance. And we've seen that from so many of our AWS customers. And we're doing a lot of it ourselves inside of Amazon using AI. And then you've also seen, I would say, large scale training with a lot of those are running on top of this as well. And as you know, Anthropic is running, you know, building the next training models on top of our training two chip. on AWS. And then you've seen a couple really big chatbots. And then what you've seen just in the last few months is really kind of the explosion of coding agents. And if you just look at the growth of these coding agents the last few months, these are companies like Cursor or Vercel, both of them run significantly on AWS. But just look at the growth of that over the last few months, you just couldn't have predicted that sort of growth. And so that's why it's lumpy. You know, sometimes you'll have, you know, very significant increases that you didn't predict and you couldn't forecast. And then, you know, they'll grow at a good rate, but maybe not the same rate before the next big kind of explosive growth. And I would tell you that everything I just mentioned with interesting in AI, is that we still haven't gotten to all the other customer experiences that are going to be reinvented. And all the other agents that are going to be built, they're going to take the role of a lot of different functions today. And even though we have a lot of combined inference in those areas, I would say we're not even at the second strike of the first batter in the first inning. It is so early right now. And then I would just say on the how to think about Relative growth rates, you always have to, you know, the year over year growth rate is really only a function of the percentage growth on the base with which you are operating from. And we just have a very, you know, a meaningfully larger base on the technology infrastructure side than others. And so when, you know, it's still, you know, if you think about 17% year over year growth on a $117 billion revenue run rate, it's still pretty significant growth. And as I said, I think we could be doing more. more if we had more capacity. And I expect that, you",1.823,173.55,5.78,77,0.677,2.662,52.109,152.74,101.14,0.044478,0.0049,speaker,0.372,speaker,0.1351,speaker,1.5703,speaker,-0.2904,speaker,1.0863,speaker,1.3999,speaker,0.4067,speaker,1.2889,speaker,-0.6039,speaker,0.1847
AMZN_2025_5_1_earnings_call_qa_features.json,AMZN,2025,5,2,2025_Q2,SPEAKER_04,3,761.853,764.249,2.396,7,the capacity to ease in the coming,0.304,175.29,0.0,1,0.66,0.66,0.66,126.17,15.76,0.026864,-1.0005,speaker,0.5149,speaker,-2.1775,speaker,-1.2666,speaker,-0.5369,speaker,-1.5595,speaker,-1.2343,speaker,-1.6945,speaker,-1.2464,speaker,-1.4282,speaker,-0.3863
AMZN_2025_5_1_earnings_call_qa_features.json,AMZN,2025,5,2,2025_Q2,SPEAKER_04,4,906.522,1030.857,124.335,370,"On the Alexa question, we're really excited about Alexa Plus. And, you know, as I mentioned earlier, it is She's much more intelligent, much more capable, and able to take real action. And, you know, today, most of the agents that have been out there have really just been able to answer questions, which, when it came out, was very remarkable. But it's, you know, I think the future of agents is not just being intelligent, but also being able to take action. And that's actually, It requires a great model, but it also requires the ability to sync that model and to align that model with being able to take the right action and execute and implement the right APIs, or you can have very suboptimal results. So we've worked hard on that in Alexa Plus. We've started rolling out over the last several weeks. It's with now over 100,000 users. with more rolling out in the coming months. So far, the response from our customers has been very, very positive. People are excited about it. I think that it does a lot more things than what Alexa did before. We're very fortunate in that we have over a half billion devices out there in people's homes and offices and cars. So we have a lot of distribution already. But there will be, to some degree, there will be a little bit of rewiring for people on what they can do because you get used to patterns. I mean, even the simple thing of not having to speak, Alexa speak anymore, where we're all used to saying, Alexa, before we want every action to happen. And what you find is you really only have to do it the first time, and then really the conversation is ongoing where you don't have to say, Alexa anymore. And I've been lucky enough to have, you know, the alpha and the beta. that I've been playing with for several months. And it took me a little bit of time to realize I didn't have to keep saying Alexa. And it's very freeing when you don't have to do that. You know, and then I think it's just experience in trying things. So",1.198,178.55,7.72,30,0.816,2.184,24.472,142.14,59.7,0.045317,-0.4088,speaker,0.7826,speaker,0.9113,speaker,-0.1841,speaker,1.7245,speaker,0.4546,speaker,-0.0151,speaker,-0.4315,speaker,0.0584,speaker,-0.5646,speaker,-0.1949
AMZN_2025_5_1_earnings_call_qa_features.json,AMZN,2025,5,2,2025_Q2,SPEAKER_04,5,1031.347,1103.352,72.005,235,"you can do things like you have guests coming over on a Saturday night for dinner. And you can say, you know, Alexa, please open the shades. Put the lights on in the driveway and on the porch. uh increase the temperature five degrees and pick music that would be great for dinner that's mellow and and and she just does it and like when you have those types of experiences it makes you want to do more of it you know when i was in new york when we were announcing i asked her what were the you know we did the event way downtown i asked her um what was um what was great italian restaurants or pizza restaurants she gave me a list and then she asked me if she wanted me to make a reservation i said yes and She made the reservation, confirmed the time, and like that, when you get into those types of routines and you have those types of experience, they're very, very useful. It is really like having a great personal assistant, which most people in the world don't have. And so I think that the more and more that people get used to it, they will realize what she can do. And we're not going to be standing still. We have a lot more functionality that we plan to add in the coming months, too.",0.895,195.82,6.67,19,0.63,1.481,11.979,140.66,23.09,0.046898,-0.6093,speaker,2.2009,speaker,0.4912,speaker,-0.5947,speaker,-0.9717,speaker,-0.4745,speaker,-0.6547,speaker,-0.5486,speaker,-1.0287,speaker,-0.4907,speaker,0.1624
AMZN_2025_5_1_earnings_call_qa_features.json,AMZN,2025,5,2,2025_Q2,SPEAKER_04,6,1169.941,1258.737,88.796,243,"Thanks. Thanks, Brian. On the retail question, I would say that the areas that maybe we're most focused on to make sure we have not just a great prime day, but Prime Day is just one event, as you know, and so is Peak. We're trying to be great all year long for customers. The obvious ones are making sure that we help our sellers however we can, because there's uncertainty for our sellers as well. So we're trying to make sure we provide a great experience. We're trying to make sure that we have the right diversity of sellers and low prices for our customers. I think all that you have to also be very thoughtful around how much inventory you bring into your fulfillment nodes at any one time, because you can imagine scenarios where, you know, either on your own when you're the first party seller or lots of third parties want to get as much inventory in as early as possible, you know, trying to beat a deadline on what may happen. And if you end up with too much inventory in your fulfillment network, it really slows down your productivity and your ability to get things out as quickly as you want for customers at the cost structure you want. So being able to manage that thoughtfully, we've learned that over the years and I think the team is doing a really good job of balancing that right",2.059,164.2,7.43,25,0.626,1.601,15.655,135.61,22.63,0.044403,0.1611,speaker,-0.3959,speaker,0.7952,speaker,-0.3707,speaker,-1.0297,speaker,-0.3159,speaker,-0.4665,speaker,-0.948,speaker,-1.0424,speaker,-0.6074,speaker,-0.586
AMZN_2025_5_1_earnings_call_qa_features.json,AMZN,2025,5,2,2025_Q2,SPEAKER_04,7,1392.708,1540.516,147.808,349,"On the AWS question, Brent, around what we're seeing on the workloads that haven't moved. You know, what I would say, the way I would characterize it is that We were on a very aggressive march that was methodical, but almost metronomic before the pandemic of enterprises deciding that they wanted to move off their on-premises infrastructure because of the speed of innovation, the developer productivity, and the cost advantages of the cloud. And then when you got into the pandemic, And the economy looked uncertain in the second half of that couple of few years. You had everybody trying to cost optimize, including us, by the way. And then as we started to emerge from that trend, you saw generative AI explode. And everybody wanted to try to find a way to have a workload or a set of workloads there because people saw the potential. And it was also something that was generating a lot of interest publicly. And so what we've seen now over the last call it 16 to 18 months or so is that enterprises realize they need to do both. And they want to do AI. They have all sorts of pilots at this point on AI, many of which will be successful, others of which will not be successful. the ones that are successful will scale. But they also have a lot more initiatives that they haven't, you know, that they still haven't gotten to on the AI side, either because they're building that skill set or they're picking the first set to get experience with, or as they're waiting to see the cost of inference continue to go down, which it will. I mean, you will not get the expansiveness that we all know is coming in AI until we keep getting the cost of inference down, even though it's growing like crazy right now. But at the same time, I would say that we see an increased resurgence and understanding for enterprises that they are dropping the low-hanging fruit if they don't move their infrastructure to the cloud. They just,",1.249,141.67,2.44,50,0.792,3.142,39.586,140.16,46.21,0.041018,-0.375,speaker,-2.2463,speaker,-1.2013,speaker,0.5625,speaker,1.3766,speaker,1.7207,speaker,0.7587,speaker,-0.5881,speaker,-0.3422,speaker,-0.7658,speaker,-0.6949
AMZN_2025_5_1_earnings_call_qa_features.json,AMZN,2025,5,2,2025_Q2,SPEAKER_04,8,1540.668,1581.91,41.242,124,"you know, for all the reasons I mentioned earlier, so you're starting to see those plans pick up again. As I mentioned earlier to one of the questions, you don't decide that you're going to transform your infrastructure from on-premises to the cloud. and see it happen in three months. That is typically a multi-year process that some companies do it fast, some companies do it slower, but they do it in troshes and they do it thoughtfully because they can't afford for their applications that have to work as they're making their transition. And we're having meaningful success in those conversations and in companies choosing to transform their infrastructure on top of AWS. And I think that you'll see that moving forward too.",0.675,180.4,4.36,7,0.813,1.461,5.69,139.39,21.86,0.043305,-0.7549,speaker,0.9345,speaker,-0.4331,speaker,-1.0426,speaker,1.681,speaker,-0.5009,speaker,-0.9767,speaker,-0.649,speaker,-1.0653,speaker,-0.6588,speaker,-0.1789
AMZN_2025_7_31_earnings_call_qa_features.json,AMZN,2025,7,3,2025_Q3,SPEAKER_03,0,43.889,98.648,54.759,155,"Yeah, I'll take both of those. I'll start with the tariffs. I think what we've said a number of times, and we still believe it, is we just don't know what's going to happen moving forward. It's hard to know where the tariffs are going to settle, particularly in China. It's hard to know what will happen when we deplete some of the pre-bys that we did on our own first-party retail, and then some of the forward deploying that we saw of our third-party selling partners. you know, if costs go up over time, it's, you know, we're unsure at this point who's going to end up absorbing those higher costs. What we can tell you is what we've seen so far in the first half of the year. And in the first half, we just haven't seen diminished demand. And we haven't seen any kind of broad scale ASP increases. And, you know,",1.502,169.84,7.67,14,0.822,3.016,11.509,129.6,26.03,0.035472,-0.2076,speaker,0.0673,speaker,0.8913,speaker,-0.7813,speaker,1.8115,speaker,1.5542,speaker,-0.6788,speaker,-1.4232,speaker,-0.9414,speaker,-1.0253,speaker,-0.8005
AMZN_2025_7_31_earnings_call_qa_features.json,AMZN,2025,7,3,2025_Q3,SPEAKER_03,1,98.75,196.743,97.993,286,"so that could change in the second half. There are a lot of things that we don't know, but that's what we've seen so far. On the question on AWS, You know, the first thing I'd say is, you know, it's, as you said, Doug, in your question, you know, year over year percentages and growth rates are always a function of the base in which you operate. And we have a, you know, a meaningfully larger business in the AWS segment than others. I think the second player is about 65% of the size of AWS. And, you know, we, you know, when we look at the results Over the last number of quarters, there's sometimes where, you know, as far as we can tell, we're growing faster than others, and sometimes others are growing faster than us. But it's still like, if you look at second place player you're talking about, it's still a pretty significant segment, you know, market segment leadership position that we have. And regardless, these are all really just moments in time. You know, the last week is a moment in time too, where You know, the reality of what really matters is what customers' experiences are in operating on these platforms. And if you look at what matters to customers, they care a lot about what the operational performance is, you know, what the availability is, what the durability is, what the latency and throughput is of the various services. And I think we have a pretty significant advantage in that area. They care a lot about security. If you have data that matters, and for most companies, they're putting data that they really care about in the cloud.",0.287,175.11,9.18,26,0.674,1.4,17.529,132.57,33.65,0.042138,-1.0117,speaker,0.5001,speaker,1.4954,speaker,-0.3334,speaker,-0.3339,speaker,-0.5815,speaker,-0.3706,speaker,-1.1884,speaker,-0.7152,speaker,-0.7134,speaker,-0.443
AMZN_2025_7_31_earnings_call_qa_features.json,AMZN,2025,7,3,2025_Q3,SPEAKER_03,2,197.283,279.616,82.333,236,"security and the privacy of that data matters a lot, and there are very different results in security in AWS than you'll see in other players. You can just look at what's happened the last couple of months. You can just see kind of ventures at some of these players almost every month. Very big difference, I think, in security. And then I think a really significant difference in functionality where not just in the core infrastructure, do we have a lot more functionality in our services? But I think if you look at our end to end offering in AWS, in AI, it's from the bottom of the stack all the way to the top. It's pretty different. You know, I feel good about the inputs and the services that we're offering to customers across AI as well as non-AI. And, you know, we have more demand than we have capacity right now. So we could be doing more revenue and helping customers more. And we're working very hard on changing that outcome and how much capacity we have. But it's still like, you know, you go get the business. It's $123 billion annual revenue run rate business, and it's still early. I mean, how often do you have an opportunity that's $123 billion of annual revenue run rate where you say it's still early? It's a very unusual opportunity that we're very bullish about.",8.016,171.98,8.02,27,0.621,1.7,16.771,134.49,43.42,0.046481,4.1037,speaker,0.243,speaker,1.0313,speaker,-0.296,speaker,-1.1022,speaker,-0.185,speaker,-0.4094,speaker,-1.0365,speaker,-0.4251,speaker,-0.5102,speaker,-0.8135
AMZN_2025_7_31_earnings_call_qa_features.json,AMZN,2025,7,3,2025_Q3,SPEAKER_03,3,350.305,599.549,249.244,702,"On the supply constraints that relates to AWS and what we see there, you know, as I mentioned, we have more demand than we have capacity at this point. And I think that, and you see, you know, some of the constraints, they kind of exist in multiple places. The single biggest constraint is power. But, you know, you also see constraints off and on with chips and then some of the components that, you know, once you have the chips to actually make the servers, you know, there are, you know, sometimes you have new generations of chips that are a little bit later than they're supposed to be and sometimes you get the chips and, you know, the yield you get in making servers isn't what you expect when you get to ramp. So there are a bunch of those pieces today that we're working on. It's really true across the industry today. I don't believe that we will have fully resolved the amount of capacity we need for the amount of demand that we have in a couple quarters. I think it will take several quarters. But I do expect it's going to get better each quarter. And I'm optimistic about that. I think on the Alexa question, you know, I think what I start by saying, The Alexa Plus experience is so much better than I think our prior Alexa experience. She's much more intelligent than her prior self. She's much more capable. And I would say unlike the other chatbots that are out there today who are good at answering questions but really can't take any action for you, Alexa Plus can take a lot of action for you, which is very compelling. So I can ask Alexa to play music for me or play video for me or move my music from one device to another. Or if I'm listening to a song that's in a movie, I can ask Alexa Plus to actually put that movie scene on the song I'm playing and it'll put it on my prime video on Fire TV. Or if I have guests coming over, I can say, you know, Alexa, draw the curtains, put the light on the porch and the driveway, increase the temperature by five degrees and put on music that would be great for a dinner party. And she does all that just for using natural language. So she could take a lot of actions and it's compelling. And what we see so far, we've been rolling out Alexa Plus starting in the U.S., it's with millions of customers now. the rest in the US coming in the next couple of months, and it's starting the international rollout more broadly later in the year. And customers really like the experience. They recognize how much better it is than what it was before. The ratings are very high. The usage is much more expansive than what they were using before. The number of calls they're making is meaningfully higher. And I think there are a number of different areas where we'll see benefit. I think first, You know, if you if you build the world's best personal assistant that has a lot of utility for customers and therefore it gets used a lot. So it means everything from people are excited about the devices that they can buy from us that has Alexa plus enabled in it. People do a lot of shopping and it's really it's a delightful shopping experience that will keep getting better. I think over time there will be opportunities, you know, as people are engaging in more multi-turn conversations to have advertising play a role to help people find discovery and also as a lever to drive revenue. And I think over time you could also imagine as we keep adding functionality that there could be some sort of subscription element beyond what there is today. Today, pride members get Alexa Plus for free and non-pride members pay $19.99 a month for Alexa Plus. I think it's still very early days, but we're very encouraged by the experience we're providing. And you can bet we're going to be iterating on it constantly.",1.333,168.99,7.7,70,0.722,2.141,50.562,140.75,63.8,0.045483,-0.3194,speaker,-0.0025,speaker,0.9033,speaker,1.309,speaker,0.3619,speaker,0.3978,speaker,1.3207,speaker,-0.5415,speaker,0.1801,speaker,-0.5569,speaker,-0.3057
AMZN_2025_7_31_earnings_call_qa_features.json,AMZN,2025,7,3,2025_Q3,SPEAKER_03,4,764.587,922.621,158.034,399,"On the Project Kuiper question, so Project Kuiper is our low earth orbit satellite constellation that we're putting up and launching and you know there's 400 to 500 million households worldwide who don't have broadband connectivity And it means they can't do a lot of things we take for granted like education online or business online or shopping or entertainment. There is really a digital divide and it's much needed. And it's also true for enterprises and for governments that they have assets or needs to have visibility or connectivity that they can't get today given the lack of broadband and a bunch of places around the world. So there's a high need. I would say that as we get our constellation into space, there will really be two players that have what I would consider the modern technology and low Earth orbit satellite. One is the incumbent in the market today, and the second will be Project Kuiper. I think that we will have a pretty meaningful differentiation here in performance. If you look at the performance of what I expect on the uplink and downlink, I think Project Kuiper will be advantaged. I also think the pricing is going to be very compelling for customers. And then I think if you think about the three key customer segments who want low earth orbit satellite, consumers, enterprises, and governments, We have very strong relationships with all three customer segments given our consumer businesses and our AWS business. And I think if you think about enterprises and governments, a lot of what they want to do when they take the data down from space is they actually want to put it into a cloud to do analysis, analytics and AI and various operations on top of it. And the fact that project Kuiper and AWS are so seamlessly connected is very attractive to enterprises and to governments. I'm kind of amazed. We haven't launched project Kuiper yet, but the number of enterprise and government agreements that have been signed already to use project Kuiper is impressive. So we're working very hard to get the satellites into space. We have some delays with some of the rocket providers, but we have most of the available rocket launches over the next couple of years. And we're very helpful to get this service into commercial data later this year or early next",1.047,151.49,4.18,44,0.736,2.603,32.395,139.8,63.67,0.04011,-0.5087,speaker,-1.4398,speaker,-0.5051,speaker,0.3385,speaker,0.5648,speaker,1.0084,speaker,0.3905,speaker,-0.6166,speaker,0.1762,speaker,-0.8083,speaker,-0.513
AMZN_2025_7_31_earnings_call_qa_features.json,AMZN,2025,7,3,2025_Q3,SPEAKER_03,5,987.455,1075.036,87.581,214,"Yeah, so on the first one around AI, The first thing I would say is that I think it is so early right now in AI. If you look at what's really happening in the space, it's very top-heavy. So you have a small number of very large frontier models that are being trained, that spend a lot on computing, a couple of which are being trained on top of AWS and others that are being trained elsewhere. And then you also have, I would say, a relatively small number of very large-scale generative AI applications. You know, the one category would be chat bots, with the largest by a fair bit being chat GPT. But the other category being really, I'll call it coding agents. And so these are companies like Percer, Vercell, lovable in some of the companies like that. Again, several of which run significant chunks on top of AWS. And then you've got a very large number of generative AI applications that are in pilot mode, that are in pilots or that are being developed as we speak, and a very substantial number of agents that also people are starting to try to build and figure out how to get into production and Broadway. But they're all, they're quite early.",2.008,146.61,5.48,30,0.671,1.401,20.122,145.14,93.9,0.041712,0.1273,speaker,-1.8406,speaker,0.015,speaker,-0.1841,speaker,-0.3774,speaker,-0.5802,speaker,-0.2378,speaker,-0.1943,speaker,1.0739,speaker,-0.7333,speaker,-0.4513
AMZN_2025_7_31_earnings_call_qa_features.json,AMZN,2025,7,3,2025_Q3,SPEAKER_03,6,1075.508,1151.412,75.904,233,"Many of them that are out there are, you know, they're significant, but they're just smaller in terms of usage relative to some of those top heavy applications I mentioned earlier. We have a very significant number of enterprises and startups who are running applications on top of AWS's AI services. And then, you know, but they're all, again, like the amount of usage and the expansiveness of the use cases and how much people are putting them into production and the number of agents they're going to exist, it's still just earlier stage than it's going to be. And so then when you think about what's going to matter in AI, what are customers going to care about when they're thinking about what infrastructure to use, I think you kind of have to look at the different layers of the stack. And, you know, I think For those that are, you know, both building models, but also just if you look at where the real costs are, they're going to ultimately be an inference. Today, so much of the cost is in training because customers are really training their models and trying to figure out how to get applications into production. But at scale, you know, 80 to 90 percent of the cost will be an inference because you only train periodically, but you're spitting out predictions and inferences all the time.",0.793,184.18,7.9,16,0.67,1.32,10.723,160.31,101.16,0.042149,-0.6768,speaker,1.245,speaker,0.9833,speaker,-0.7066,speaker,-0.3919,speaker,-0.6872,speaker,-0.7191,speaker,1.0054,speaker,1.2895,speaker,-0.7129,speaker,0.4757
AMZN_2025_7_31_earnings_call_qa_features.json,AMZN,2025,7,3,2025_Q3,SPEAKER_03,7,1151.986,1456.259,304.273,881,"And so what they're going to care a lot about is they're going to care about the compute and the hardware they're using. And we have a very deep partnership with NVIDIA and will for as long as I can foresee. But we saw this movie in the CPU space with Intel where customers are hankering for better price performance. And so, you know, we built just like in the CPU space where we built our own custom silicon and building graviton, which is about 40% more price performant than the other leading X86 processors. We've done the same thing on the custom silicon side and AI with Tranium and our second version of Tranium 2. And it's really, it's become the backbone of Anthropics, next quad miles they're trading on top of. And it's become the backbone of Bedrock and the inference that we do. So I think a lot of the inference, it's about 30% and 40% better price performance than the other GPU providers out there right now. And we're already working on our third version of trading as well. So I think a lot of the compute and the inference is going to ultimately be run on top of Tranium 2, and I think that that price performance is going to matter to people as they get to scale. You know, then I would say that middle layer of the stack are really, it's a combination of services that customers care about to be able to build models and then to be able to leverage existing leading frontier models and then build, you know, high quality, generate AI applications that do inference and scale. And, you know, we see it for people building models. They continue to use SageMaker AI very expansively. And then Bedrock, when you're leveraging leading frontier models, is also growing very substantially. And, you know, as I said in my opening comments, the number of agents of scale is still really small in the scheme of what's going to be the case. But part of the problem is it's actually hard to actually build agents and it's hard to deploy these agents in a secure and scalable way. And so I think the launches we made recently in strands that make it much easier to build agents and then agent core that make it much easier to deploy at scale and in a secure way are being very well received and customers are excited it's going to change what's possible on the agent side. And then I think that it's you've got a very large number. I mean, remember 85 to 90 percent of the global IT spend is still on premises. If you believe that equation is going to flip, which I do and we do, you have a lot of legacy infrastructure that you've got to move. These are mainframes. These are VMware's instances. And, you know, when we build agents like AWS Transform that make it much easier to move mainframes to the cloud, much easier to move VMware to the cloud, much easier to move .NET, Windows to .NET Linux to save money. Those are compelling for enterprises or things like Kiro that allow customers to develop in a much easier way and in a much more structured way, which is why I think people are excited about it. I think I really like the inputs and the set of services that we're building in the AI space today. Customers really like them and it's resonating with them. I still think it's very early days in AI and in terms of adoption. But the other thing I would just say is that remember, because we're at a stage right now where so much of the activity is training and figuring out how to get your generative AI applications into production, people aren't paying as close attention as they will in making sure that those gender of AI applications are operating where the rest of their data and infrastructure is. Remember, a lot of gender of AI inference is just going to be another building block like compute, storage, and database. And so people are going to actually want to run those applications close to where their other applications are running, where their data is. There's just so many more applications and data running in AWS than anywhere else. I'm very optimistic about as we get to a bigger scale, what's going to happen for AWS on the AI side. And I think we have a set of services that is unique top to bottom in the stack. I think on the last part about what do we expect with respect to acceleration? You know, we don't give guidance by segments. So I'm not going to try and give you guidance, but I do believe that the combination of more enterprises who have resumed their march to modernize their infrastructure and move from on-premises to the cloud, coupled with the fact that AI is going to accelerate in terms of more companies deploying more AI applications into production that start to scale, coupled with the fact that I do think that more capacity is going to come online in the coming months and quarters, make me optimistic about the AWS",1.974,173.73,6.7,70,0.754,2.481,52.795,149.37,82.32,0.041379,0.1048,speaker,0.3867,speaker,0.5032,speaker,1.309,speaker,0.8258,speaker,0.8471,speaker,1.435,speaker,0.1402,speaker,0.73,speaker,-0.7489,speaker,-0.0665
AMZN_2025_7_31_earnings_call_qa_features.json,AMZN,2025,7,3,2025_Q3,SPEAKER_03,9,1500.387,1687.717,187.33,531,"Yeah, I think that AI is the biggest technology transformation for our lifetime, which is saying a lot because even in some of our relatively short lifetimes, we've been through you know, the cloud, mobile, and the internet itself. But I think it's going to be the biggest transformation technically in our lifetime. And I think it's going to not only change every customer experience that we know and enable customer experiences we really only dreamed about before, but it's also going to change very substantially the way we work. And if you think about it, you know, the way that we do coding, the way that we do analytics, the way that we do research, the way that we do finance, you know, and measure finance. I mean, really, the way we do business process automation, you know, the way we do customer service, every single area that I can think of in the way we work is likely going to be impacted in some meaningful way by AI. And I think when you have a big shift like that, you have two macro choices. You can either decide that you're going to embrace it And you're going to help shape it. And you're going to figure out how to build the right tools to allow you to take advantage of the technology. Or you can wish it away and have it shape you. And the posting that you're referencing, Ron, that I made was just really being clear with the team that we're going to pursue that former approach. We are going to embrace it. We're going to try and shape it. You know, we have a number of tools and agents that we've built already inside the company, you know, and these are things like if you think about Kiro and the opportunity to have coding agents do a lot of the coding that's very compelling. It's going to allow our teammates to be able to start from a more advanced starting spot and to be able to invent for customers much more quickly and much more expansively. If you think about services like Connect, which is our AWS service that does call center software, that has a lot of AI built into it that changes the productivity of all your customer service agents. And you can just imagine across the board the types of things we're going to do to make it easier to get software out, to build high quality software, to do operations, QA, to automate a lot of the business process coordination that happens inside the company. We're going to work on a whole bunch of those areas to allow ourselves primarily to be able to invent for customers much more quickly and expansively. But also, I think it's going to make all of our teammates' jobs much more enjoyable because they won't have to do as many of the rote parts of the job that we all do right now. They're going to be able to own more pieces of what they're trying to solve for customers. And we want deep owners that want to own as much end to end as possible.",0.945,170.07,4.8,53,0.778,3.401,41.226,133.68,33.79,0.037235,-0.5762,speaker,0.0861,speaker,-0.257,speaker,0.6745,speaker,1.1737,speaker,2.063,speaker,0.8427,speaker,-1.1006,speaker,-0.711,speaker,-0.9428,speaker,-0.493
AVGO_2025_12_11_earnings_call_qa_features.json,AVGO,2025,12,4,2025_Q4,SPEAKER_08,0,64.325,105.753,41.428,87,"Well, to answer your first question, what we said is correct that as of now, we have $73 billion of backlog in place of XPUs, switches, PSPs, lasers for AI data centers that we anticipate shipping over the next 18 months. And obviously, this is as of now. I mean, we fully expect more bookings to come in over that period of time. And so don't take that 73 as that's the revenue we ship over the next 18 months. We're just saying we have that now.",1.806,126.0,4.34,17,0.618,1.422,10.507,182.0,86.45,0.047326,0.5648,speaker,0.1151,speaker,0.3438,speaker,-0.3683,speaker,-0.368,speaker,-0.2667,speaker,-0.4808,speaker,-0.1048,speaker,0.2301,speaker,0.3268,speaker,0.0127
AVGO_2025_12_11_earnings_call_qa_features.json,AVGO,2025,12,4,2025_Q4,SPEAKER_08,1,106.023,178.282,72.259,147,"And then the bookings has been accelerating. And frankly, we see that bookings not just in XP use, but in switches, DSPs, all the other components that go into AI data center. We have never seen bookings of the nature of what we have seen over the past three months. Particularly with respect to TomHawk 6 switches. This is one of the fastest growing products in terms of deployment that we ever seen of any switch product that we put out there. It is pretty interesting and partly because it is the only one of its kind out there at this point at 102 terabits per second and that's the exact product needed to expand the clusters of the latest GPU and XP use out there. Oh, that's great. But as far as what is the future as XPU is your broader question, my answer to you",0.878,122.06,0.83,30,0.718,2.524,21.546,188.82,82.31,0.044991,-0.418,speaker,-0.0637,speaker,-0.697,speaker,0.1584,speaker,0.0375,speaker,0.7026,speaker,0.1283,speaker,0.0583,speaker,0.1571,speaker,0.1972,speaker,0.1666
AVGO_2025_12_11_earnings_call_qa_features.json,AVGO,2025,12,4,2025_Q4,SPEAKER_08,2,178.906,287.125,108.219,208,"don't follow what you hear out there as gospel. It's a trajectory, it's a multi-year journey and many of the players and not too many players doing LLMs wants to do their own custom AI accelerator. For very good reasons. You can put in hardware, if you use a general purpose GPU, you can only do in software and kernels in software. You can achieve performance wise so much better in the custom purpose design hardware driven XPU. And we see that in the TPU, And we see that in all the accelerators we are doing for other customers, much, much better in areas of sparse call, training, inference, reasoning, all that stuff. Now, will that mean that over time they all want to go do it themselves? Not necessarily. And in fact, because the technology in silicon keeps updating, keeps evolving. And if you are an LLM player, where do you put your resources in order to compete in this space? Especially when you have to compete at the end of the day against merchant GPU who are not slowing down in the rate of evolution. So I see that as this concept of customer tooling is an overblown hypothesis, which frankly, I don't think will happen.",0.911,115.32,1.11,45,0.736,2.372,33.137,169.69,50.89,0.046278,-0.383,speaker,-0.3695,speaker,-0.6139,speaker,0.7662,speaker,0.1104,speaker,0.5689,speaker,0.7677,speaker,-0.3993,speaker,-0.3967,speaker,0.2686,speaker,-0.0655
AVGO_2025_12_11_earnings_call_qa_features.json,AVGO,2025,12,4,2025_Q4,SPEAKER_08,3,325.955,397.977,72.022,132,"And so that's a very good question, Ross. And what we see right now is the most obvious move it does is it goes, the people who use it, TPUs, The alternative is GPUs, merchant basis. That's the most common thing that happens. Because to do that substitution for another custom, that's different. To make an investment in custom accelerator is a multi-year journey. It's a strategic directional thing. It's not necessary. a very transactional or short-term move. Moving from GPU to TPU is a transactional move. Going into AI accelerator of your own is a long-term strategic move and nothing would deter you from there to continue to make that investment towards that end goal of successfully creating and deploying your own custom AI accelerator. So that's the motion we see.",1.688,109.97,2.5,31,0.691,1.901,21.429,196.44,85.95,0.046966,0.4398,speaker,-0.6122,speaker,-0.2018,speaker,0.199,speaker,-0.072,speaker,0.1546,speaker,0.1218,speaker,0.2407,speaker,0.2213,speaker,0.3068,speaker,0.001
AVGO_2025_12_11_earnings_call_qa_features.json,AVGO,2025,12,4,2025_Q4,SPEAKER_08,4,483.533,545.296,61.763,136,"Thanks. Well, to answer your first simpler question, you're right. You can say that 73 billion is the backlog we have today to ship over the next six quarters. You might also say that I'm given our lead time. We expect more orders to be able to be absorbed into a backlog for shipments over the next six quarters. So take it that we expect revenue, a minimum revenue, one way to look at it, of 73 billion over the next six quarters. But we do expect much more as small orders come in for shipments within the next six quarters. Our lead time, depending on the particular product it is, can be anywhere from six months to a year. on with respect to supply chain is what you're asking critical supply chain on silicon and",0.911,132.12,2.91,23,0.832,3.112,19.128,189.05,85.31,0.04581,-0.383,speaker,0.3927,speaker,-0.0802,speaker,-0.1252,speaker,0.4996,speaker,1.2199,speaker,-0.0051,speaker,0.0638,speaker,0.21,speaker,0.2427,speaker,0.1854
AVGO_2025_12_11_earnings_call_qa_features.json,AVGO,2025,12,4,2025_Q4,SPEAKER_08,5,545.785,643.424,97.639,175,"packaging. Yeah, that's an interesting challenge that we are have been addressing over for constantly and continue to and with the strength of the demand and the need for more innovative packaging, advanced packaging, because you're talking about multi-chips, multi-chips in creating every customer accelerator now. The packaging becomes a very interesting and technical challenge. And building our Singapore Fab is to really talk about partially insourcing those advanced packaging. We believe that we have enough demand, we can literally insource not from the viewpoint of not just cost, but in the viewpoint of supply chain security and delivery. And we're building up fairly substantial facility for packaging, advanced packaging Singapore has indicated purely for that purpose to address the package, advanced packaging side. Silicon wise, now we go back to the same pressure source in Taiwan TSMC. And so we keep going for more and more capacity in two nanometers, three nanometers. And so far, we do not have that constraint. But again, time will tell as we progress and as our backlog builds",0.0,107.54,2.46,39,0.699,1.521,27.256,193.61,91.43,0.047147,-1.3477,speaker,-0.7225,speaker,-0.2136,speaker,0.5231,speaker,-0.0396,speaker,-0.1797,speaker,0.4433,speaker,0.1729,speaker,0.3179,speaker,0.3168,speaker,0.152
AVGO_2025_12_11_earnings_call_qa_features.json,AVGO,2025,12,4,2025_Q4,SPEAKER_08,6,690.995,749.213,58.218,131,"That's a very complicated question, Blaine. Let me tell you what it is. It's a system sale. How about that? It's a real system sale. We have so many components beyond XP used, custom accelerators in any system, in AI system, any AI system, used by hyperscalers that, yeah, we believe it begin to make sense to do it as a system sales and be responsible, but be fully responsible for the entire system or rank, as you call it. I think people understand it as a system sale better. And so on this customer number four, we are selling it as a system with our key components in it. And that's no different than selling a chip we certify and final ability to run as part of the whole selling",0.945,135.01,4.12,24,0.601,1.1,14.435,240.19,139.22,0.04836,-0.347,speaker,0.5238,speaker,0.2786,speaker,-0.0847,speaker,-0.4369,speaker,-0.55,speaker,-0.2641,speaker,1.2874,speaker,1.1603,speaker,0.3841,speaker,0.6481
AVGO_2025_12_11_earnings_call_qa_features.json,AVGO,2025,12,4,2025_Q4,SPEAKER_08,7,815.195,878.678,63.483,151,"I'll let Kirsten give you the details, but enough for me to broadly high level explain to you, Stacy. Good question. Phenomenal. You don't see that impacting us right now, and we have already started that process. of some system sales. You don't see that in our numbers, but it will. And we have said that openly. The AI revenue has a lower gross margin than our, obviously, the rest of our business, including software, of course. But we expect the rate of growth of, as we do more and more AI revenue to be so, so much that we get the operating leverage on our of operating spending that operating margin won't deliver dollars that are still a high level of growth from what it has been. So we expect operating leverage to benefit us at the operating margin level even as gross margin will start to deteriorate, high level.",0.608,142.72,3.78,26,0.598,1.328,15.545,193.54,101.07,0.048817,-0.7039,speaker,0.8736,speaker,0.1778,speaker,-0.0036,speaker,-0.4491,speaker,-0.3494,speaker,-0.2028,speaker,0.1713,speaker,0.4878,speaker,0.4095,speaker,0.4233
AVGO_2025_12_11_earnings_call_qa_features.json,AVGO,2025,12,4,2025_Q4,SPEAKER_08,8,983.236,1077.685,94.449,218,"Wow, there's a lot of question here. Let me start off with 26. You know, our backlog is very dynamic these days, as I said, and it is continuing to ramp up. And you're right. We originally, six months ago, said maybe year on year, AI revenues would grow in 26, 60, 70 percent. Q1 would double. And Q1 26 today, we're saying it doubled. When we're looking at it, because all the thresholders keeps coming in, and we give you a milestone of where we are today, which is 73 billion back log to be shipped over the next 18 months. And we do fully expect, as I answered the earlier question, for that 73 billion over the 18 months to keep growing. Now, it's a moving number as we move in time, but it will grow. And it's hard for me to pinpoint what 26 is going to look like precisely. So I'd rather not give you guys any guidance. And that's why we don't give you guidance, but we do give it for Q1. Give it time. We'll give it Q2. And you're right. It's a net to us. Is it an accelerating trend? And my answer is it's likely to be an accelerating trend as we progress through 26. Hope that answers your question.",2.565,138.49,3.18,35,0.787,4.33,27.534,171.75,55.83,0.046324,1.3686,speaker,0.6817,speaker,-0.0001,speaker,0.361,speaker,0.3172,speaker,2.2913,speaker,0.4586,speaker,-0.35,speaker,-0.3096,speaker,0.2712,speaker,-0.0806
AVGO_2025_12_11_earnings_call_qa_features.json,AVGO,2025,12,4,2025_Q4,SPEAKER_08,9,1129.66,1205.969,76.309,137,"You didn't hear that answer from my last caller, Jim's question is because I didn't answer it. I didn't answer it and I'm not answering it either. It's the fifth customer and it's a real customer and it will grow. They are on their multi-year journey to their own XP use and let's leave it at that. As far as the open AI view that you have, We appreciate the fact that it is a multi-year journey that will run through 29 as our press release with OpenAI showed 10 gigawatts between 26, more like 27, 28, 29. Ben, not 26. It's more like 27, 28, 29, 10 gigawatts. That was the OpenAI discussion. And that's, I call it an agreement, an alignment of where we're headed with respect to various respected and valued customer open AI.",0.843,107.72,0.0,22,1.376,8.544,30.268,174.35,89.88,0.046493,-0.455,speaker,-0.7143,speaker,-0.9431,speaker,-0.1657,speaker,2.7052,speaker,5.9981,speaker,0.6095,speaker,-0.2878,speaker,0.2906,speaker,0.2806,speaker,-0.1251
AVGO_2025_12_11_earnings_call_qa_features.json,AVGO,2025,12,4,2025_Q4,SPEAKER_08,10,1205.986,1208.332,2.346,6,we do not expect much in,0.0,153.45,0.0,0,0.0,0.0,0.0,166.41,12.38,0.036241,-1.3477,speaker,1.3605,speaker,-0.9431,speaker,-1.0571,speaker,-2.8735,speaker,-1.5176,speaker,-1.0605,speaker,-0.4778,speaker,-1.0756,speaker,-0.2883,speaker,0.3602
AVGO_2025_12_11_earnings_call_qa_features.json,AVGO,2025,12,4,2025_Q4,SPEAKER_08,11,1259.108,1378.533,119.425,222,"Thank you. No, you hit it right on. The nice thing about a customer accelerator is you try not to do one size fits all and do it generationally. Each of these five customers now can create their version of an XPU customer accelerator for training and inference. And it basically is almost two parallel tracks going on almost simultaneously for each of them. So I would have plenty of versions to deal with. I don't need to create any more versions. We've got plenty of different content out there just on the basis of creating these customer accelerators. And by the way, when you do customer accelerators, you tend to put more hardware in that are unique differentiated versus trying to make it work on software and creating kernels into software. I know that's very tricky too, but think about the difference where you can create in hardware, those sparse core data routers versus the dense matrix multipliers, all in one same chip. And that's just one example of what creating customer accelerators is letting us do. Over that matter, a variation in how much memory capacity or memory bandwidth for the same customer from chip to chip just because Even in inference, you want to do more reasoning versus decoding versus something else, like pre-fill. So you literally start to",1.417,111.53,2.51,48,0.736,1.882,35.312,177.74,66.01,0.045495,0.1528,speaker,-0.5414,speaker,-0.1988,speaker,0.8878,speaker,0.1104,speaker,0.1379,speaker,0.8877,speaker,-0.2067,speaker,-0.1302,speaker,0.2252,speaker,-0.1289
AVGO_2025_12_11_earnings_call_qa_features.json,AVGO,2025,12,4,2025_Q4,SPEAKER_08,12,1378.634,1396.555,17.921,39,create different hardware for different aspects of how you want to train our inference and run your workloads. It's a very fascinating area. And we are seeing a lot of variations and multiple chips for each of our custom,1.485,130.57,0.0,7,0.574,0.881,4.021,165.67,55.48,0.045643,0.2249,speaker,0.3224,speaker,-0.9431,speaker,-0.7735,speaker,-0.5464,speaker,-0.7426,speaker,-0.8386,speaker,-0.4955,speaker,-0.3158,speaker,0.2334,speaker,0.0548
AVGO_2025_12_11_earnings_call_qa_features.json,AVGO,2025,12,4,2025_Q4,SPEAKER_08,13,1454.892,1568.005,113.113,224,"I like the way you address this question, the way that you address the question to me. It's almost hesitant. Thank you. I appreciate that. But on your first part, yeah, we are driving growth and we begin to feel like this thing never ends. And it's a real mix back of existing customers and on existing XP use. And I'll pick part of it as XP use that we're seeing. And that's not to slow down the fact that as I indicated in my remarks and commented on the demand for switches, not just among six, among five switches, the demand for our latest 1.6 terabit per second DSPs. that enables optical interconnects for scale out, particularly. It's just very, very strong. And by extension, demand for the optical components like lasers, pin dies, just going nuts. All that come together. Now, all that is more or relatively lesser dollars when it comes to XPUs as you probably guess. To give you a sense, maybe let me look at it on a backlog side. Of the 73 billion or AI revenue backlog over the next 18 months I talked about, maybe 20 billion of it is everything else. The rest is XPUs. Hope that gives you a sense of what the mix is. But the rest is still 20 billion. That's not small",1.097,118.82,0.53,48,0.795,1.993,38.184,196.53,131.84,0.046763,-0.186,speaker,-0.2107,speaker,-0.7859,speaker,0.8878,speaker,0.3496,speaker,0.2355,speaker,1.0462,speaker,0.2428,speaker,1.0302,speaker,0.2955,speaker,0.2604
AVGO_2025_12_11_earnings_call_qa_features.json,AVGO,2025,12,4,2025_Q4,SPEAKER_08,14,1568.343,1650.035,81.692,173,"by any means. So we value that. So when you talk about your next question of silicon photonics and as a means to create basically much better, more efficient lower power interconnects in not just scale out, but hopefully scale up. Yeah, I could see a point in time in the future when silicon photonics matters as the only way to do it. We're not quite there yet, but we have the technology and we continue to develop the technology. And even at each time, we develop it first for 400 gigabits bandwidth, going on to 900, 800 gigabit bandwidth, not ready for it yet. And even we have the product and we're now doing it for 1.6 terabit bandwidth to create silicon photonics, switches, silicon photonics interconnects, not even sure it will get fully deployed because engineers, our engineers, our peers, and the peers we have out there was somehow trying to find a way to still do, try to do scale up within a rack in copper as long as possible",2.936,127.06,2.94,31,0.719,1.8,22.297,172.47,40.18,0.048883,1.7614,speaker,0.1631,speaker,-0.0713,speaker,0.199,speaker,0.0415,speaker,0.0658,speaker,0.1697,speaker,-0.3328,speaker,-0.5855,speaker,0.4132,speaker,-0.1976
AVGO_2025_12_11_earnings_call_qa_features.json,AVGO,2025,12,4,2025_Q4,SPEAKER_08,15,1650.524,1675.465,24.941,54,"and in scale out in no pluggable optics. The final, final straw is when you can't do it well in pluggable optics. And of course, when you can't do it even in copper, then you're right, you go to silicon photonics. And it will happen. And we're ready for it. Just saying, not anytime",3.105,129.91,4.81,13,0.686,1.269,8.913,185.8,42.84,0.046243,1.9404,speaker,0.2925,speaker,0.4832,speaker,-0.5304,speaker,-0.0923,speaker,-0.4013,speaker,-0.5687,speaker,-0.0139,speaker,-0.5386,speaker,0.2667,speaker,-0.1832
AVGO_2025_12_11_earnings_call_qa_features.json,AVGO,2025,12,4,2025_Q4,SPEAKER_08,16,1739.0,1762.169,23.169,32,"It's across the board, typically. I mean, we are very fortunate in some ways that we have the product technology and the operating business lines to create multiple key leading edge components",2.667,82.87,2.59,14,0.702,1.561,9.827,199.69,77.67,0.04461,1.4766,speaker,-1.8417,speaker,-0.1751,speaker,-0.4898,speaker,-0.0274,speaker,-0.1445,speaker,-0.5183,speaker,0.3184,speaker,0.0754,speaker,0.1761,speaker,-0.3748
AVGO_2025_12_11_earnings_call_qa_features.json,AVGO,2025,12,4,2025_Q4,SPEAKER_08,17,1762.49,1853.142,90.652,204,"that enables today's state of the art AI data centers. I mean, our DSP, as I said earlier, is now at 1.6 terabit per second. That's the leading edge connectivity for bandwidth for the top of the XPU and even GPU. And we intend to be that way. And we have the lasers, EMLs, Vixels, see the view with lasers that goes with it. So it's fortunate that we have all this and the key active components that go with it and we see it very quickly and we expand the capacity as we do the design to match it. And this is a long answer to what I'm trying to get at which is I think we are of any of this data center suppliers of the system racks, not counting the power, the power shell and all that. Now that starts to get beyond us on the power shell and the transformers and the gas turbines. If you just look at the racks, the systems on AI, we probably have a good handle on where the bottlenecks are because sometimes we are part of the bottlenecks, which we then want to get to resolve. So we feel pretty good about that through",1.671,135.02,3.31,43,0.65,2.356,27.938,184.2,76.08,0.045669,0.4218,speaker,0.5243,speaker,0.0384,speaker,0.6852,speaker,-0.2382,speaker,0.5548,speaker,0.4809,speaker,-0.0522,speaker,0.0473,speaker,0.2348,speaker,0.1094
AVGO_2025_12_11_earnings_call_qa_features.json,AVGO,2025,12,4,2025_Q4,SPEAKER_08,18,1911.412,2017.792,106.38,198,"Well, on the non-AI semiconductor, we see broadband literally recovering very well. And we don't see the others. No, we see stability. We don't see a sharp recovery that is sustainable yet. So I guess, given a couple more quarters, But we don't see any further deterioration in demand. And it's more, I think, maybe the AI is sucking the oxygen a lot out of enterprise spending elsewhere and hyperscalar spending elsewhere. We don't see getting any worse. We don't see it recovering very quickly with the exception of broadband. That's a simple summary of non-AI. With respect to open AI, Now, before diving into this, I'm just telling you what that 10 gigawatt announcement is all about. Separately, the journey with them on the customer accelerator progresses at a very advanced stage and will happen very, very quickly. And it will have a committed element to this whole thing. And it will. What we, I was articulating earlier was the 10 gigawatt announcement. And that 10 gigawatt announcement is an agreement to be aligned on developing 10 gigawatts for open AI over 27 to 29 time frame. That's different from the XPU program we were developing with",1.317,111.68,2.82,41,0.768,2.091,31.491,163.37,37.97,0.045591,0.0469,speaker,-0.5346,speaker,-0.1069,speaker,0.6041,speaker,0.2402,speaker,0.3217,speaker,0.6769,speaker,-0.5505,speaker,-0.6245,speaker,0.2305,speaker,-0.2669
AVGO_2025_12_11_earnings_call_qa_features.json,AVGO,2025,12,4,2025_Q4,SPEAKER_08,19,2058.865,2102.234,43.369,99,"Well, it's an interesting question, and that question basically comes to how much compute capacity is needed by our customers over the next, as I say, over the period beyond 18 months? And your guess is probably as good as mine based on what we all know out there, which is really what they relate to. But if they need more, then you see that continuing even larger. If they don't need it, then probably it won't. But as of what we're trying to indicate is that's the demand we are seeing over that period of time right now.",2.312,136.96,5.53,15,0.877,1.929,13.158,173.82,55.97,0.044057,1.1006,speaker,0.6123,speaker,0.6967,speaker,-0.4493,speaker,0.6821,speaker,0.1792,speaker,-0.3345,speaker,-0.3005,speaker,-0.3072,speaker,0.1454,speaker,-0.1681
AVGO_2025_3_6_earnings_call_qa_features.json,AVGO,2025,3,1,2025_Q1,SPEAKER_02,1,33.899,56.579,22.68,59,"Thank you, Cherie. Broadcom currently plans to report its earnings for the second quarter of fiscal year 2025 after close of market on Thursday, June 5, 2025. A public webcast of Broadcom's earnings conference call will follow at 2 p.m. Pacific. That will conclude our earnings call today. Thank you all for joining. Cherie, you may end the call.",0.827,156.08,0.0,7,0.672,0.92,4.702,201.19,35.6,0.019728,-0.472,speaker,1.4798,speaker,-0.9431,speaker,-0.7735,speaker,-0.149,speaker,-0.7083,speaker,-0.801,speaker,0.3543,speaker,-0.6662,speaker,-1.2045,speaker,0.226
AVGO_2025_6_5_earnings_call_qa_features.json,AVGO,2025,6,2,2025_Q2,SPEAKER_12,0,60.646,86.937,26.291,55,"Thank you, Ross. Good question. I think we're indicating that what we have seen and what we have quite a bit of visibility increasingly is increased deployment of XPUs next year and much more than we originally thought and hand in hand with it, of course, more and more networking. So it's a combination of",1.536,125.52,4.56,13,0.677,1.341,8.806,182.3,103.27,0.020705,0.2789,speaker,0.0933,speaker,0.4091,speaker,-0.5304,speaker,-0.1288,speaker,-0.338,speaker,-0.5746,speaker,-0.0976,speaker,0.5266,speaker,-1.1503,speaker,-0.2455
AVGO_2025_6_5_earnings_call_qa_features.json,AVGO,2025,6,2,2025_Q2,SPEAKER_12,1,93.164,97.079,3.915,6,"Yeah, we're seeing much more inference",1.772,91.95,15.33,1,0.42,0.42,0.42,197.73,109.31,0.017925,0.5288,speaker,-1.4298,speaker,3.6027,speaker,-1.0166,speaker,-1.1707,speaker,-1.1481,speaker,-1.0373,speaker,0.2715,speaker,0.6331,speaker,-1.3046,speaker,-0.7703
AVGO_2025_6_5_earnings_call_qa_features.json,AVGO,2025,6,2,2025_Q2,SPEAKER_12,2,171.329,236.585,65.256,121,"Yeah, that's a very insightful set of analysis here. And that's exactly what we're trying to do here because Over six months ago, we gave you guys a point a year, 2027. As we come into the second half of 2025, and we've improved visibility and updates we're seeing in the way our hyperscale partners are deploying data centers, AI classes, We are providing you more of some level of guidance, visibility, what we are seeing, how the trajectory of 26 might look like. I'm not giving you any update on 27. We're just still establishing the update we have in 27, six months ago. But what we're doing now is giving you more visibility into where we're seeing 26 headed.",1.08,111.25,0.92,28,0.649,1.074,18.182,184.11,91.04,0.017917,-0.204,speaker,-0.5541,speaker,-0.6703,speaker,0.0774,speaker,-0.2423,speaker,-0.5729,speaker,-0.0573,speaker,-0.0543,speaker,0.311,speaker,-1.305,speaker,-0.2548
AVGO_2025_6_5_earnings_call_qa_features.json,AVGO,2025,6,2,2025_Q2,SPEAKER_12,4,302.144,393.843,91.699,169,"Well, I think the network, AI networking, as you probably would know, goes pretty hand in hand with deployment of AI accelerator clusters. It doesn't deploy on a timetable that's very different from the way accelerators get deployed, whether they are XPUs or GPUs. It does happen. And they're deployed a lot in scale out, where Ethernet of course is the choice of protocol, but it's also increasingly moving into the space of what we all call scale up within those data centers, where you have much higher, more than we originally thought consumption or density of switches than you have in the scale-out scenario. It's in fact the increased density in scale-out is five to ten times more than in scale-out. And that's the part that kind of pleasantly surprises and which is why this past quarter Q2 The AI networking portion continues at about 40% from when we reported a quarter ago for Q1. And at that time I said I expect it to drop. It hasn't.",1.687,110.58,1.96,43,0.679,1.881,29.214,174.96,66.99,0.018094,0.4388,speaker,-0.5845,speaker,-0.3619,speaker,0.6852,speaker,-0.1207,speaker,0.137,speaker,0.5513,speaker,-0.2732,speaker,-0.1129,speaker,-1.2952,speaker,-0.4572
AVGO_2025_6_5_earnings_call_qa_features.json,AVGO,2025,6,2,2025_Q2,SPEAKER_12,5,402.162,427.34,25.178,40,"Oh, Tomahawk 6. Oh, yeah. That's extremely strong interest now. We're not shipping big orders or any orders other than basic proof of concepts out to customers, but there is tremendous demand for this new 102 terabit per second tomahawk",0.86,95.32,7.15,12,0.689,1.681,8.272,160.36,24.33,0.019872,-0.437,speaker,-1.2769,speaker,1.1771,speaker,-0.5709,speaker,-0.0801,speaker,-0.0389,speaker,-0.6041,speaker,-0.6225,speaker,-0.8649,speaker,-1.1965,speaker,-0.8068
AVGO_2025_6_5_earnings_call_qa_features.json,AVGO,2025,6,2,2025_Q2,SPEAKER_12,7,467.738,486.638,18.9,26,"Well, scale up is very rapidly converting to Ethernet now. Very much so. For our fairly narrow ban of hyperscale customers, scale up is very much",0.556,82.54,6.35,7,0.903,1.52,6.321,201.62,66.52,0.01823,-0.7589,speaker,-1.8567,speaker,0.9399,speaker,-0.7735,speaker,0.7875,speaker,-0.1805,speaker,-0.7117,speaker,0.3646,speaker,-0.1212,speaker,-1.2876,speaker,-0.6073
AVGO_2025_6_5_earnings_call_qa_features.json,AVGO,2025,6,2,2025_Q2,SPEAKER_12,8,539.879,579.586,39.707,81,"I think you're doing the math. I'm giving you the trend. But I did answer that question, I think Holland asked earlier. The rate we have seen and are now so far in fiscal 25, And we'll presumably continue. We don't see any reason why it doesn't give a lead time visibility in 25. What we're seeing today based on what we have visibility on 26 is to be able to ramp up this AI revenue in the same trajectory. Yes.",0.557,122.4,4.53,11,1.021,1.709,11.235,160.86,37.02,0.019144,-0.7579,speaker,-0.0483,speaker,0.4002,speaker,-0.6114,speaker,1.2659,speaker,-0.0143,speaker,-0.4406,speaker,-0.6106,speaker,-0.6412,speaker,-1.2369,speaker,-0.5013
AVGO_2025_6_5_earnings_call_qa_features.json,AVGO,2025,6,2,2025_Q2,SPEAKER_12,9,591.837,607.278,15.441,41,it? I'm not playing the same game here. I'm just giving a trajectory towards where we drew the line on 27 before. So I have no response to is the SAM going up or not. Stop talking about SAM now. Thanks.,0.0,159.32,3.89,8,0.493,0.701,3.942,242.64,120.37,0.021332,-1.3477,speaker,1.6268,speaker,0.2104,speaker,-0.7329,speaker,-0.8748,speaker,-0.901,speaker,-0.843,speaker,1.346,speaker,0.8281,speaker,-1.1155,speaker,0.679
AVGO_2025_6_5_earnings_call_qa_features.json,AVGO,2025,6,2,2025_Q2,SPEAKER_12,10,674.018,785.613,111.595,246,"Okay. On the first part that you're asking, it's, you know, it's like you're trying to be, you're trying to count how many angels on the head of a pin here. I mean, whether it's XP or networking. Networking is hard, but that doesn't mean XP is any software. It's very much along the trajectory we're expected to be. and there's no lumpiness, there's no softening. It's pretty much what we expect the trajectory to go so far and into next quarter as well and probably beyond. So we have a fairly, I guess in our view, a fairly clear visibility on the short term trajectory. In terms of going on to 27, no, we are not updating any numbers here. Six months ago, we drew a sense of the size of the SEM based on a million GPU XPU clusters for three customers, and that's still very valid at that point. That will be there, and we have not provided any further updates here, nor are we intending to at this point. When we get a better visibility clearer sense of where we are, And that probably won't happen until 26. We'll be happy to give an update to the audience. But right now, though, in today's prepared remarks and answering a couple of questions, we have, we are, as we are doing, as we have done here, we are intending to give you guys more visibility, what we've seen, the growth trajectory in 26.",1.181,132.26,3.76,43,0.724,1.841,31.142,168.09,54.89,0.017719,-0.0971,speaker,0.3991,speaker,0.1719,speaker,0.6852,speaker,0.0618,speaker,0.1018,speaker,0.6577,speaker,-0.4376,speaker,-0.3262,speaker,-1.316,speaker,-0.336
AVGO_2025_6_5_earnings_call_qa_features.json,AVGO,2025,6,2,2025_Q2,SPEAKER_12,12,819.16,942.668,123.508,201,"I think there's no differentiation between training and inference in using merchant accelerators versus custom accelerators. I think the whole premise behind going towards custom accelerators continues, which is not a matter of cost alone. It is that as custom accelerators get used and get developed on a road map with any particular hyperscaler, there's a learning curve. A learning curve on how they could optimize the way they'll go at their algorithms on their large language models gets written and tied to silicon. And that ability to do so is a huge value added in creating algorithms that can drive their LLMs to higher and higher performance. Much more than basically a segregation approach between hardware and the software. is that you literally combine end-to-end hardware and software as they take that journey. And it's a journey. They don't learn that in one year. Do it a few cycles, get better and better at it. And then lies the value, the fundamental value in creating your own hardware versus using a third-party merchant silicon that you are able to optimize your software to the hardware and eventually achieve way higher performance than you otherwise could. And we see that happening.",2.413,97.65,2.43,55,0.835,2.142,45.928,182.09,86.17,0.01524,1.2076,speaker,-1.1712,speaker,-0.2225,speaker,1.1714,speaker,0.5118,speaker,0.3666,speaker,1.4734,speaker,-0.1027,speaker,0.2252,speaker,-1.4535,speaker,-0.6522
AVGO_2025_6_5_earnings_call_qa_features.json,AVGO,2025,6,2,2025_Q2,SPEAKER_12,13,989.024,1197.835,208.811,422,"I'm trying to decipher this question of yours, so let me try to answer it perhaps in a way I think you want me to clarify. First and foremost, I think most of what's scaling up, there are a lot of the scaling up that's going in, as I call it, which means a lot of XPU or GPU to GPU interconnects. It's done on copper interconnects. And because, you know, the size of this scale up cluster, still not that huge yet that you can get away with using copper interconnects. And they're still doing it. Mostly they're doing it today. At some point soon, I believe when you start trying to go beyond maybe 72, GPU to GPU interconnects. You may have to push towards a different protocol by protocol mode at a different medium from copper to optical. And when we do that, yeah, perhaps then things like exotic stuff like cold packaging might become of silicon with optical might become relevant. But truly what we really are talking about is that at some stage as the clusters get larger, which means scale up becomes much bigger and you need to interconnect GPU or XPU to each other in scale up many more than just 72 or 100. maybe even 128, you start going more and more. You want to use optical interconnects simply because of distance. And that's when optical will start replacing copper. And when that happens, the question is what's the best way to deliver on optical. And one way is called package optics. But it's not the only way. You can just simply use, continue use, perhaps plugable. at low-cost optics. In which case then you can interconnect the bandwidth, the radix of a switch. And our switch is now 512 connections. So you can now connect all these XPUs, GPUs, 512 for scale-up phenomenon. And that was huge. But that's when you go to optical. That's going to happen within my view, a year or two, and we'll be right in the forefront of it. And it may be co-package optics, which we are very much in development, but it's a lock-in co-package, or it could just be as a first step, pluggable optics. Whatever it is, I think the bigger question is, when does it go from optical and from copper connecting GPU to GPU to optical? connecting it. And the stamp in that move will be huge. And it's not a straight-go package of things. So that's definitely one path we are",2.464,121.26,2.59,92,0.725,2.108,66.69,175.88,104.02,0.015668,1.2616,speaker,-0.1,speaker,-0.1751,speaker,2.6705,speaker,0.0658,speaker,0.3367,speaker,2.6189,speaker,-0.2512,speaker,0.5398,speaker,-1.4298,speaker,-0.4267
AVGO_2025_6_5_earnings_call_qa_features.json,AVGO,2025,6,2,2025_Q2,SPEAKER_12,14,1266.533,1276.051,9.518,24,"You know, the moment moving parts here, then your simple analysis proves here. And I think your simple analysis is totally wrong in that",1.535,151.29,12.61,3,0.786,1.277,2.357,177.23,30.42,0.020389,0.2778,speaker,1.2625,speaker,2.7961,speaker,-0.9355,speaker,0.3131,speaker,-0.3943,speaker,-0.9304,speaker,-0.2189,speaker,-0.7576,speaker,-1.1679,speaker,-0.4346
AVGO_2025_6_5_earnings_call_qa_features.json,AVGO,2025,6,2,2025_Q2,SPEAKER_12,15,1323.436,1393.855,70.419,150,"People do like to create platforms and new protocols and systems. The fact of the matter is scale up can just be done easily and it's currently available. It's open standards, open source, internet. Just as well, just as well, you don't need to create new systems for the sake of doing something that you could easily be doing in networking in internet. And so, yeah, I hear a lot of this interesting new protocol standards that are trying to be created. And most of them, by the way, are proprietary, much as they like to call it otherwise. One is really open source. and open standards is the Internet. And we believe the Internet will prevail as it does for the last 20 years in traditional networking. There's no reason to create a new standard for something that could be easily done in transferring bits and bytes of data.",0.658,127.81,3.41,33,0.655,1.761,21.599,179.16,40.94,0.018772,-0.6509,speaker,0.1972,speaker,0.0681,speaker,0.28,speaker,-0.218,speaker,0.0315,speaker,0.1312,speaker,-0.1728,speaker,-0.5721,speaker,-1.2576,speaker,-0.2433
AVGO_2025_6_5_earnings_call_qa_features.json,AVGO,2025,6,2,2025_Q2,SPEAKER_12,16,1462.807,1567.01,104.203,191,"Yeah, interesting question, but none of the foregoing that you outlined. So it's simple. The way inference has come out very, very hot lately is, remember, we're only selling to a few customers, hyperscalers with platforms and LLMs. That's it. There are not that many. And we told you how many we have, and we haven't increased any. But what is happening is these hyperscalers and those with LLMs need to justify all the spending they're doing. Doing training makes your frontier model smarter. That's no question. It's almost like science, research and science. Make your frontier models by creating very clever algorithms that consumes a lot of compute for training. Smarter. Training makes it smarter. You want to monetize inference. And that's why it's driving it. Monetize, I indicated in my prepare remark, to drive to justify a return on investment And a lot of that investment is training. And that return on investment is by creating use cases, a lot of AI use cases, AI consumption out there through availability of a lot of inference. And that's what we are now starting to see among a small group of",1.469,109.98,1.15,46,0.737,2.302,33.884,166.2,26.97,0.017097,0.2079,speaker,-0.6118,speaker,-0.6021,speaker,0.8067,speaker,0.1145,speaker,0.5073,speaker,0.809,speaker,-0.4828,speaker,-0.8184,speaker,-1.3505,speaker,-0.5613
AVGO_2025_6_5_earnings_call_qa_features.json,AVGO,2025,6,2,2025_Q2,SPEAKER_12,17,1609.484,1638.627,29.143,69,"You know, my preparatory must, which I clarified, that the rate of growth we are seeing in 25 will sustain into 26 based on improved visibility and the fact that we're seeing inference coming in on top of the demand for training as the clusters get bigger and bigger, still stands. I don't think we are getting very far by trying to pass through my words or data here.",1.316,142.06,2.06,10,0.525,0.721,5.254,164.53,28.6,0.021857,0.0459,speaker,0.8437,speaker,-0.3322,speaker,-0.6519,speaker,-0.745,speaker,-0.8834,speaker,-0.7706,speaker,-0.5228,speaker,-0.7896,speaker,-1.0864,speaker,-0.1923
AVGO_2025_6_5_earnings_call_qa_features.json,AVGO,2025,6,2,2025_Q2,SPEAKER_12,19,1641.715,1647.993,6.278,13,going from 25 into 26 as the best forecast we have at this,1.4,124.24,0.0,1,1.582,1.582,1.582,155.58,14.14,0.019115,0.1348,speaker,0.0352,speaker,-0.9431,speaker,-1.0166,speaker,3.5404,speaker,-0.126,speaker,-0.9732,speaker,-0.7369,speaker,-1.0445,speaker,-1.2385,speaker,-0.6255
AVGO_2025_6_5_earnings_call_qa_features.json,AVGO,2025,6,2,2025_Q2,SPEAKER_12,20,1668.209,1676.528,8.319,18,"Broadcom do not participate in NV Ling. So I'm really not qualified to answer that question, I think.",0.017,129.82,14.42,2,0.91,1.301,1.821,186.7,25.44,0.023909,-1.3297,speaker,0.2884,speaker,3.3328,speaker,-0.976,speaker,0.8159,speaker,-0.3732,speaker,-0.96,speaker,0.0076,speaker,-0.8453,speaker,-0.9725,speaker,-0.4606
AVGO_2025_6_5_earnings_call_qa_features.json,AVGO,2025,6,2,2025_Q2,SPEAKER_12,21,1718.648,1875.535,156.887,324,"Okay, that's an interesting question, and I agree, not too untimely, I would say, because, yeah, we have done a lot of the integration of VMware now, and you can see that in the level of free cash flow we're generating from operations. And as we said, the use of capital has always been, we're very, I guess measured and upfront with a return through dividends, which is half our free cash roll of the preceding year. And frankly, as Kirsten has mentioned three months ago and six months ago to an Adlastu earnings call, the first choice typically of the other part of the free cash roll is to bring down our debt. to a level that we feel closer to no more than two, a ratio of debt to EBITDA. And that doesn't mean that, opportunistically, we may go out there and buy back our shares, as we did last quarter and indicated by Kirsten when we did $4.2 billion of stock buyback. Now part of it is used to basically when employee RSU's VES basically use, we basically buy back part of the shares for used to be paying taxes on the invested RSU. But the other part of it, I do admit, we use it opportunistically last quarter when we see an opportunity situation when Basically, we think that it's a good time to buy some shares back. We do. But having said all that, our use of cash outside of dividends would be at this stage used towards reducing our debt. And I know you're going to ask, what about M&A? Well, the kind of M&A we will do in our view would be significant, would be substantial enough that We need that in any case. And it's a good use of our free cash flow to bring down debt to, in a way, expand, if not preserve, our borrowing capacity if we have to do another M&A deal.",0.894,123.91,3.06,64,0.757,1.943,48.426,165.96,58.49,0.016502,-0.401,speaker,0.0202,speaker,-0.0357,speaker,1.536,speaker,0.1956,speaker,0.1916,speaker,1.6113,speaker,-0.4886,speaker,-0.2627,speaker,-1.3835,speaker,-0.3872
AVGO_2025_6_5_earnings_call_qa_features.json,AVGO,2025,6,2,2025_Q2,SPEAKER_12,22,1905.708,1912.407,6.699,11,No comment. We don't talk on prospects. We only talk on,3.358,98.52,0.0,0,0.0,0.0,0.0,191.37,11.04,0.019475,2.2083,speaker,-1.1317,speaker,-0.9431,speaker,-1.0571,speaker,-2.8735,speaker,-1.5176,speaker,-1.0605,speaker,0.1194,speaker,-1.0992,speaker,-1.2186,speaker,-0.533
AVGO_2025_6_5_earnings_call_qa_features.json,AVGO,2025,6,2,2025_Q2,SPEAKER_12,23,1933.417,1952.367,18.95,40,"No, I've always said, and I expect that to be the case in going forward in 26 as we grow, that networking should be a ratio to XPU should be closer in the range of less than 30%, not the",0.27,126.65,0.0,6,0.837,1.661,5.021,196.03,68.24,0.014517,-1.0618,speaker,0.1445,speaker,-0.9431,speaker,-0.814,speaker,0.5199,speaker,-0.0565,speaker,-0.7834,speaker,0.2308,speaker,-0.0909,speaker,-1.4937,speaker,-0.0467
AVGO_2025_6_5_earnings_call_qa_features.json,AVGO,2025,6,2,2025_Q2,SPEAKER_12,24,1983.822,2025.217,41.395,91,"Nobody can give anybody comfort in this environment, Joe. Rules are changing quite dramatically as bilateral trade agreements continue to be negotiated in a very, very dynamic environment. So I'll be honest, I don't know, I know as little as probably, you probably know more than I do maybe, in which case then I know very little about this whole thing about whether there's any export control, how the export control will take place for guessing. So I rather not answer that because no, I don't know whether it will be.",0.962,131.9,2.9,14,0.737,1.281,10.312,166.5,53.42,0.019895,-0.329,speaker,0.3827,speaker,-0.0832,speaker,-0.4898,speaker,0.1145,speaker,-0.3908,speaker,-0.4915,speaker,-0.4756,speaker,-0.3521,speaker,-1.1953,speaker,-0.2811
AVGO_2025_6_5_earnings_call_qa_features.json,AVGO,2025,6,2,2025_Q2,SPEAKER_12,27,2062.73,2096.328,33.598,90,"That's a good question, and so let me start off by saying a good way to measure it is, you know, most of our VMware contracts are typically three years. And that was what VMware did before we acquired them, and that's pretty much what we continue to do, three years, very traditional. So based on that, the renewals were like two-thirds of the way, almost two-thirds, more than halfway through the renewals, So, we probably have at least another year plus maybe a year and a half to go.",2.008,160.72,7.14,13,0.586,0.88,7.612,183.23,55.05,0.020006,0.7787,speaker,1.6903,speaker,1.1741,speaker,-0.5304,speaker,-0.4977,speaker,-0.7435,speaker,-0.6405,speaker,-0.0754,speaker,-0.3234,speaker,-1.1891,speaker,-0.1213
AVGO_2025_9_4_earnings_call_qa_features.json,AVGO,2025,9,3,2025_Q3,SPEAKER_13,0,12.805,36.413,23.608,46,"I don't know about exciting Kirsten, but I do. I thought before we move to questions, I should share an update. The board and I have agreed that I will continue as the CEO of Broadcom through 2030 at least. These are exciting times for Broadcom",0.253,116.91,0.0,8,0.845,1.18,6.762,166.79,46.1,0.057708,-1.0798,speaker,-0.2974,speaker,-0.9431,speaker,-0.7329,speaker,0.5524,speaker,-0.4796,speaker,-0.6874,speaker,-0.4687,speaker,-0.4812,speaker,0.9028,speaker,0.1305
AVGO_2025_9_4_earnings_call_qa_features.json,AVGO,2025,9,3,2025_Q3,SPEAKER_13,1,37.409,47.112,9.703,19,"and I'm very enthusiastic to continue to drive value for our shareholders. Operator, please open up the call for",0.0,117.49,0.0,2,0.981,1.401,1.961,198.75,120.6,0.057291,-1.3477,speaker,-0.271,speaker,-0.9431,speaker,-0.976,speaker,1.1037,speaker,-0.2852,speaker,-0.9523,speaker,0.2959,speaker,0.8321,speaker,0.8797,speaker,0.4528
AVGO_2025_9_4_earnings_call_qa_features.json,AVGO,2025,9,3,2025_Q3,SPEAKER_13,2,101.45,120.704,19.254,36,"I think it's both, Ross, but to a large extent, is the fourth cost customer that we now add on to our roster, which we will ship pretty strongly in 2026, beginning 2026, I should say.",0.861,112.18,3.12,7,0.694,1.501,4.858,170.0,90.3,0.055523,-0.436,speaker,-0.512,speaker,-0.0179,speaker,-0.7735,speaker,-0.0598,speaker,-0.1973,speaker,-0.7924,speaker,-0.3919,speaker,0.298,speaker,0.7816,speaker,0.0341
AVGO_2025_9_4_earnings_call_qa_features.json,AVGO,2025,9,3,2025_Q3,SPEAKER_13,3,121.261,152.564,31.303,46,So a combination of increasing the volumes from existing three customers and we move through that very progressively and steadily. And the addition of a fourth customer with immediate and fairly substantial demand. Really changes our thinking of what 26 would be starting to look like.,2.481,88.17,1.92,13,0.671,1.401,8.721,145.41,17.8,0.053041,1.2796,speaker,-1.6013,speaker,-0.3738,speaker,-0.5304,speaker,-0.1531,speaker,-0.2852,speaker,-0.5793,speaker,-0.9802,speaker,-0.98,speaker,0.6439,speaker,-0.6175
AVGO_2025_9_4_earnings_call_qa_features.json,AVGO,2025,9,3,2025_Q3,SPEAKER_13,5,238.795,384.764,145.969,320,"Well, you know, and if you take a look at that non-AI segment, I mean, you're right, from a year on year Q4 guidance, we are actually up, as you say, slightly, couple one or two percent from a year ago. And it's not much really to shout about at this point. And the big issue is the puts and takes. And the puts and takes and the bomb line to all this is other than seasonality that we perceive If you look at it shorter, without looking year on year, but looking sequentially, we see in things like wireless, and we even start to see some seasonality in server storage these days. It kind of all washes out so far. The only consistent trend we've seen over the last three quarters that is moving up strongly is broadband. And nothing else, if you look at it from a cyclical point of view, seems to be able to sustain and uptrend so far. As a whole, they are not getting worse as you pointed out, Harlan, but they are not showing a V-shaped recovery as a whole that we would like to see and expect to see in cyclical semiconductor cycles. The only thing that gives us some hope is broadband. At this point, And it is recovering very strongly. But then it was the business that was most impacted in the sharp downturn of 24 and early 25. So again, one take that with a grain of salt. But the best answer for you is non-AI semiconductor is kind of slow to recover, as I said. Q4 year on year, it's maybe low single digits. It's the best way to describe it at this point. So I'm expecting to see more of a U-shaped recovery in non-AI and perhaps by late 20s, mid 26, late 26, we start to see some meaningful recovery. But as of right now, not",3.037,131.53,5.34,56,0.755,2.222,42.27,199.9,129.86,0.057157,1.8684,speaker,0.366,speaker,0.6404,speaker,1.2119,speaker,0.1875,speaker,0.437,speaker,1.2716,speaker,0.3234,speaker,0.9953,speaker,0.8723,speaker,0.1678
AVGO_2025_9_4_earnings_call_qa_features.json,AVGO,2025,9,3,2025_Q3,SPEAKER_13,6,392.172,400.458,8.286,14,"We are, but we've been tricked before, but we are. The bookings are up,",0.911,101.38,0.0,5,0.809,2.082,4.045,482.98,392.42,0.054916,-0.383,speaker,-1.0019,speaker,-0.9431,speaker,-0.8545,speaker,0.4064,speaker,0.3138,speaker,-0.8373,speaker,7.096,speaker,5.6237,speaker,0.7479,speaker,2.3979
AVGO_2025_9_4_earnings_call_qa_features.json,AVGO,2025,9,3,2025_Q3,SPEAKER_13,7,400.88,413.738,12.858,25,"and they are up year on year in excess of 20%. Nothing like what AI bookings look like, but 23% is still pretty good, right?",4.59,116.66,4.67,3,0.961,1.382,2.884,177.39,66.97,0.054395,3.513,speaker,-0.3087,speaker,0.4417,speaker,-0.9355,speaker,1.0227,speaker,-0.3019,speaker,-0.9013,speaker,-0.2151,speaker,-0.1133,speaker,0.719,speaker,-0.4296
AVGO_2025_9_4_earnings_call_qa_features.json,AVGO,2025,9,3,2025_Q3,SPEAKER_13,8,467.232,531.307,64.075,155,"Let's answer the first part first. If I could be so bold as to suggest to you When I last quarter, when I said, hey, the trend of growth of 26 will mirror that of 25, which is 50, 60% year on year. That's really all I say. Of course, it comes off 50, 60% because that's what 25 is. All I'm saying, if you want to put another way of looking at what I'm saying, which is perhaps more accurate, is we're seeing the growth rate as salaries. as opposed to just remain steady at that 50, 60%. We are expecting and seeing 2026 to accelerate more than the growth rate we see in 25. And I know you love me to throw in a number at you, but you know what? We're not supposed to be giving you a forecast of 26, but best way to describe it, it will be fairly material",0.27,145.14,1.87,23,0.72,1.6,16.549,171.41,59.99,0.055556,-1.0618,speaker,0.9834,speaker,-0.3886,speaker,-0.1252,speaker,0.0456,speaker,-0.1102,speaker,-0.1474,speaker,-0.3582,speaker,-0.2363,speaker,0.7834,speaker,0.3829
AVGO_2025_9_4_earnings_call_qa_features.json,AVGO,2025,9,3,2025_Q3,SPEAKER_13,9,534.479,538.478,3.999,10,"networking versus custom? Ah, good point. Thanks for reminding me.",0.0,150.04,15.0,1,0.56,0.56,0.56,168.56,31.53,0.090878,-1.3477,speaker,1.2057,speaker,3.5048,speaker,-1.0166,speaker,-0.6031,speaker,-1.025,speaker,-1.0296,speaker,-0.4264,speaker,-0.738,speaker,2.7433,speaker,0.4238
AVGO_2025_9_4_earnings_call_qa_features.json,AVGO,2025,9,3,2025_Q3,SPEAKER_13,10,538.968,618.837,79.869,158,"As we see, and a big part of this driver of growth will be XP use. At the risk of repeating what I said in my remarks, comes from the fact that we continue to gain, share at our three original customers. They have to, they're on their journey, And each passing generation, they go more to XPUs. So we are gaining share from this tree. We now have the benefit of an additional fourth significant customer. I should say fourth and very significant customer. And that combination will mean more XPUs. And as I said, as the ratio, as we create more and more experience among four guys, the networking, we get the networking with these four guys, but now the mix of networking from outside these four guys will now be a smaller, be diluted, be a smaller share. So I expect actually networking percentage of the pool to be a declining percentage going into 26.",2.734,118.69,3.0,32,0.716,1.42,22.9,154.13,39.15,0.054524,1.5475,speaker,-0.2166,speaker,-0.0535,speaker,0.2395,speaker,0.0293,speaker,-0.2685,speaker,0.203,speaker,-0.7716,speaker,-0.6037,speaker,0.7262,speaker,-0.3022
AVGO_2025_9_4_earnings_call_qa_features.json,AVGO,2025,9,3,2025_Q3,SPEAKER_13,11,653.009,700.597,47.588,83,"Well, I guess, Stacy, we generally don't break up back long. I'm just giving a total number to give you a sense of how strong the business is as a whole for the company. And it's largely driven by AI. In terms of growth, software continue to add on a steady basis and non-AI as I indicated has grown double digits. Nothing compared to AI which has grown very strongly. Give you a sense, perhaps fully 50% of it at least is semiconductor.",1.62,104.65,1.26,25,0.878,2.351,21.962,197.22,90.94,0.054463,0.3678,speaker,-0.8536,speaker,-0.5695,speaker,-0.0441,speaker,0.6861,speaker,0.5504,speaker,0.1512,speaker,0.2593,speaker,0.3093,speaker,0.7228,speaker,0.0555
AVGO_2025_9_4_earnings_call_qa_features.json,AVGO,2025,9,3,2025_Q3,SPEAKER_13,13,764.637,821.59,56.953,105,"Ben, you are definitely greedy and definitely overthinking this for me. Thank you. You know, that's asking for subjective qualification. And frankly, I don't want to give that. I'm not comfortable giving that because sometimes we tumble into production in fairly, in time frames that are fairly unexpected, surprisingly. Equally, it could get delayed. So I rather not give you any more color on prospects than to tell you these prospects are real prospects and continue to be very closely engaged towards developing each of their own XP use with every intent of going into substantial production, like the fall we have today who are",0.624,110.62,2.11,24,0.734,1.321,17.618,172.78,70.42,0.058378,-0.6869,speaker,-0.5827,speaker,-0.3174,speaker,-0.0847,speaker,0.1023,speaker,-0.3556,speaker,-0.0885,speaker,-0.3254,speaker,-0.0524,speaker,0.94,speaker,0.0802
AVGO_2025_9_4_earnings_call_qa_features.json,AVGO,2025,9,3,2025_Q3,SPEAKER_13,14,830.922,847.73,16.808,38,"Oh, for the three, I said, now there are four. That's silly. Only for the customers, for the other prospects, no comment. I'm not positioned to judge on that. But for our Four, three, four customers now. Yes.",0.776,135.65,3.57,6,0.803,1.861,4.821,187.37,68.65,0.061748,-0.526,speaker,0.5529,speaker,0.1155,speaker,-0.814,speaker,0.3821,speaker,0.1194,speaker,-0.7945,speaker,0.0237,speaker,-0.0837,speaker,1.127,speaker,0.3555
AVGO_2025_9_4_earnings_call_qa_features.json,AVGO,2025,9,3,2025_Q3,SPEAKER_13,15,904.987,1116.262,211.275,381,"That's a very good question, and let me answer it on a fairly broader basis. As I said before, and perhaps repeat a bit more, we look at this market in two broad segments. One is simply The guys, the parties, the customers who develop their own LLM. And the rest of the other market I consider is collectively lumped as enterprise. That is markets that run, that will run AI workloads for enterprise, whether it's on-prem or GPU XPU or whatever as a service, the enterprise. We don't address that market, to be honest. We don't. That's because that's a hard market for us to address and we're not set up to address that. We instead address this LLM market and as I said many times before, it's a very few narrow market. Few players driving frontier models on a consistent, on a very accelerated trend towards superintelligence, for one, plagiarizing the term of someone else, but you know what I mean. And the other guys who would invest, who need to invest a lot initially, my view, on training, training of ever larger and larger clusters of ever more capable accelerators but also as for these guys you know they got to be accountable to shareholders or accountable to be able to create cash flows that can sustain their path. They start to also invest in inference in a massive way to monetize their models. These are the players we work with. These are individually people or players who spend a lot of money on a lot of compute capacity just that there are only so few of them. And I have indicated identified seven. Four reached out our customers. Three continues to be prospects we engage with. And we're very picky. It's still a careful, I should say, should use the word picket, careful who qualifies under that. And I indicated it. They are building a platform or have a platform and are investing very much on leading LLMs models. And Web7, and I think that's about it. We may see one more perhaps. as a prospect, but again, we are very thoughtful and careful about even making that qualification. But right now, for sure, we have seven. And that, for now, is pretty much what we have.",1.064,108.2,2.27,101,0.716,1.921,72.355,178.33,93.83,0.055182,-0.221,speaker,-0.6925,speaker,-0.27,speaker,3.0352,speaker,0.0293,speaker,0.1722,speaker,2.9314,speaker,-0.1926,speaker,0.3602,speaker,0.7627,speaker,0.0495
AVGO_2025_9_4_earnings_call_qa_features.json,AVGO,2025,9,3,2025_Q3,SPEAKER_13,18,1153.589,1318.222,164.633,335,"Great. Well, thank you for picking that up. Yes. Scale across is the new term now, right, thrown in. The scale up, which is within the rack, you know, which computing within the rack, scale out doing across racks, but within the data center. But now when you get to clusters, then I'm not 100% sure where the cutoff is, but say above 100,000 GPU or XPUs. that you're talking about probably many cases because of limitation of power shell that you don't do one single data center footprint site to hand to sit with over 100,000 of those XPUs in one site. Power may not be easily available, land may not be cumbersome, so some outcomes, most of all our customers now we see, create multiple data center sites close at hand, not far away, within range 100 kilometers. It's kind of the level, but be able to then put in homogenous XP use or GPUs in this multiple location three or four and network across them so that they behave like, in fact, a single cluster. That's the coolest part. And that technology which requires, because of distance, deep buffering, very intelligent congestion control, is technology that exists for many, many years in the light of the telcos of AT&T and Verizon doing network routing, except this is for even somewhat more trickier workloads, but the same. And we've been shipping that to a couple of hyperscalers over the last two years, as Jericho 3. As the scale of these clusters and the bandwidth required for AI training extends, we now launch this Jericho for 51 terabit per second to handle more bandwidth. But same technology we have tested proven for the last 10, 20 years. Nothing new. Don't need to create something new for that. It's running in Ethernet and very proven, very stable. And as I said, last two years under Jericho 3, which runs 256 connections on no computer nodes, we've been selling to a couple of our hyperscale customers.",0.574,122.09,2.55,62,0.715,3.468,44.35,176.97,39.08,0.061252,-0.7399,speaker,-0.0623,speaker,-0.1869,speaker,1.455,speaker,0.0253,speaker,1.533,speaker,1.3864,speaker,-0.2252,speaker,-0.6049,speaker,1.0995,speaker,0.1821
AVGO_2025_9_4_earnings_call_qa_features.json,AVGO,2025,9,3,2025_Q3,SPEAKER_13,20,1372.07,1602.447,230.377,462,"Okay. To answer your first part of the question, yeah, pretty much virtually way over 90% is bought VCF. Now, I'm careful about choice of words. Because we have sold them on it, and their board licenses to deploy it doesn't mean they are fully deployed. Here comes the other part of our work, which is to take this 10,000 customers or big chunk of them who have taken, who have bought their vision of a private cloud on-prem and working with them to enable them to deploy it and operate it successfully on their infrastructure. on-prem. That's the hard work over the next two years that we see happening. And as we do it, we see expansion across their IT footprint on VCF, Private Cloud, running within their data center. That's the key part of it. And we see that continuing. And that's the second phase of my VMware story. First phase convinces people to convert from perpetual subscription and so doing, purchase VCF. Second phase now is make that purchase they made on VCF very, create the value they look for in private cloud on their premise, on their IT data centers. That's what's happening. And that was sustained for quite a while because on top of that, we will start selling advanced services, security, disaster recovery, even AI, running AI workloads on it. All that is very exciting. Your second question is, is that able to enable me to sell more hardware? No, it's quite independent. In fact, as they virtualize their data centers, We consciously accept the fact that we are commoditizing the underlying hardware in the data center. Commoditizing servers, commoditizing storage, commoditizing even networking. And that's fine. And by so commoditizing, we're actually reducing costs of investments in hardware. in data centers for enterprises. Now, beyond the largest 10,000, are we seeing a lot of success? We are seeing some, but again, two reasons why we do not expect it to be as necessary successful. One is the value, the TCO as they call it that comes from it will be much less, but the more important thing is The skill sets that needs to not just deploy, that you can get services and ourselves to help them, but to keep operating it might not be something that they can take on. And we shall see. This is an area we're still learning and it'd be interesting to see. Well, VMware has 300,000 customers. We see the top 10,000 as making as for as being people where it makes a lot of sense, derive a lot of value in deploying private cloud using VCF. We now are looking at whether the next 20,000, 30,000 mid-sized companies see the same way. Stay tuned. I'll let you know.",0.692,120.32,1.82,94,0.742,2.741,69.705,171.69,68.44,0.059178,-0.6149,speaker,-0.1426,speaker,-0.4034,speaker,2.7515,speaker,0.1348,speaker,0.8935,speaker,2.7852,speaker,-0.3515,speaker,-0.0874,speaker,0.9844,speaker,0.1668
AVGO_2025_9_4_earnings_call_qa_features.json,AVGO,2025,9,3,2025_Q3,SPEAKER_13,22,1713.94,1764.413,50.473,97,"Okay. Yeah. No, it's, uh, towards the end of the day, all seven do LLMs, not all of them have a current, have a huge platform we're talking about, but one could imagine eventually all of them will have or create a platform. So it's hard to differentiate the two. But coming back, coming on the second and then the delivery of the 10 billion, I'll probably be in around, I would say, second half of our fiscal quarter year, 2026. I would say to be more, even more precise, likely to be Q3 of our fiscal",0.843,115.31,4.76,24,0.827,2.314,19.842,168.35,25.56,0.057579,-0.455,speaker,-0.3699,speaker,0.4684,speaker,-0.0847,speaker,0.4794,speaker,0.5179,speaker,0.0342,speaker,-0.4314,speaker,-0.8432,speaker,0.8957,speaker,-0.1123
AVGO_2025_9_4_earnings_call_qa_features.json,AVGO,2025,9,3,2025_Q3,SPEAKER_13,23,1772.345,1773.897,1.552,6,It starts and ends in Q3.,0.0,231.96,0.0,0,0.0,0.0,0.0,234.32,125.96,0.066489,-1.3477,speaker,4.9224,speaker,-0.9431,speaker,-1.0571,speaker,-2.8735,speaker,-1.5176,speaker,-1.0605,speaker,1.1469,speaker,0.9266,speaker,1.3901,speaker,2.0146
AVGO_2025_9_4_earnings_call_qa_features.json,AVGO,2025,9,3,2025_Q3,SPEAKER_13,24,1816.27,1873.966,57.696,108,"Well, that's a good question. And we ourselves are thinking about that too. Because to begin with, our Ethernet solutions are very disaggregated from the AI accelerators. Anybody does. It's separate. We treat them as separate, even though you're right. The network is a computer. We have always believed that internet is open source. Anybody should be able to have choices and we keep it separate from our XPU. But the truth of the matter is for our customers who use the XPU, we develop and we optimize our networking features and other components that relate to being able to network signals in any classes, hand-in-hand with it.",1.113,112.31,2.08,24,0.805,1.801,19.328,229.31,254.64,0.058384,-0.1691,speaker,-0.5061,speaker,-0.3263,speaker,-0.0847,speaker,0.3902,speaker,0.0666,speaker,0.0059,speaker,1.0271,speaker,3.1949,speaker,0.9403,speaker,0.6931
AVGO_2025_9_4_earnings_call_qa_features.json,AVGO,2025,9,3,2025_Q3,SPEAKER_13,25,1874.86,1929.502,54.642,103,"In fact, all these XPUs have developed with interface that handles Ethernet, very, very much so. So that's in a way with XPUs with our customers, we are openly enabling. internet as a networking protocol of choice very openly and it need not be our internet switches it could be any other but somebody else internet switches that does it just happens to be when the lead in this business so we get that but beyond it especially when it comes to a closed system of GPUs we see less of that except in the hyperscalers, where the hyperscalers are able to architect",1.063,113.1,3.29,25,0.793,2.019,19.82,215.52,135.99,0.056428,-0.222,speaker,-0.4702,speaker,0.0325,speaker,-0.0441,speaker,0.3415,speaker,0.2584,speaker,0.033,speaker,0.6971,speaker,1.1034,speaker,0.8318,speaker,0.3588
AVGO_2025_9_4_earnings_call_qa_features.json,AVGO,2025,9,3,2025_Q3,SPEAKER_13,26,1930.126,1966.694,36.568,66,"the GPUs, clusters very separate from the networking site, especially in scale out. In which case, on those hyperscalers, we sell a lot of these internet switches that are scaling out. And we suspect when it goes to scaling across now, even more Ethernet that are desegregated from the GPUs that are in the place. As far as XPUs are concerned for sure, it's all Ethernet.",0.793,108.29,0.0,13,0.686,1.66,8.915,148.11,24.0,0.058645,-0.508,speaker,-0.6884,speaker,-0.9431,speaker,-0.5304,speaker,-0.0923,speaker,-0.0574,speaker,-0.5686,speaker,-0.9156,speaker,-0.8707,speaker,0.9548,speaker,-0.113
AVGO_2025_9_4_earnings_call_qa_features.json,AVGO,2025,9,3,2025_Q3,SPEAKER_13,27,2022.23,2266.073,243.843,514,"Thank you for embracing Sue. Thank you. I didn't expect that to come out. And I appreciate that. Well, you know I'm biased, to be honest. But it's so obvious I can't help but being biased. Because Ethernet is well proven. Ethernet is so known to the engineers, the architects that sits in all these hyperscalers, developing, designing AI data centers, data infrastructure. It's the logical thing for them to use. And they are using it. And they are focusing on it. And the development of separate individualized protocol, frankly, you know, it's beyond my imagination why they bother. Internet is there, it's been well used, it's proven, it can keep going up. The only thing people talk about is perhaps latency, especially in scaling up, hence the emergence of NVLink. And even then, as I indicated, It's not hard for us and we are not the only one who can do that. A few others in the internet can do it in the switches. You can just tweak the switches to make the latency super good. Better than NVLink, better than Infiniband. Less than 250 nanoseconds easily. And that's what we did. So it's not that hard. And perhaps I say that because we have been doing it as the internet has been around the last 25 years at length. So it's there, the technology, there's no need to go and create some cookup protocols that now you have to bring people around. Internet is the way to go and there's plenty of competition too because it's an open source system. So I think Ethernet is the way to go and for sure in developing XP use for our customers, all these XP use with the agreement of customers are made compatible interface with Ethernet. And not some fancy other interface that one has to keep going as bandwidth increase. And I show you, we have competition, which is one of the reasons why the hyperscalers like the net. It's not just us. They can find somebody else if for whatever reason they don't like us, and we're open to that. It's always good to do that. It's an open source system, and there are players in that market, not any core system. Switching on to XPU competition, Yeah, we hear about competition and all that. It's just that it's a competition that's an area that we always see competition and our only way to secure our position is we try to out-invest and now innovate anybody else in this game. We have been fortunate to be the first one creating this XPU model of A6 on silicon and we also have been fortunate to be probably one of the largest IP developers of semiconductor out there. Things like serializer, the serializer said 30s been able to developed the best packaging, been able to redesign things at very low power. So we just have to keep investing in it, which we do to outrun the competition in this space. And I believe we're doing a fairly decent job of doing it at this",0.591,126.47,3.2,101,0.711,1.901,71.847,192.9,83.6,0.061665,-0.7219,speaker,0.1364,speaker,0.0058,speaker,3.0352,speaker,0.0091,speaker,0.1546,speaker,2.9034,speaker,0.156,speaker,0.1799,speaker,1.1224,speaker,0.3799
AVGO_2025_9_4_earnings_call_qa_features.json,AVGO,2025,9,3,2025_Q3,SPEAKER_13,28,2315.568,2393.935,78.367,150,"It will be. It's a logical conclusion. You're correct. And we are seeing that step by step. As I say, it's a journey. It's a multi-year journey because it's multi-generational. Because these XPUs don't stay still either. I'm doing multiple versions, at least two versions, two generation versions for each of these customers we have. And with each newer generation, they increase the consumption, the usage of the XPU as they gain confidence, as the model improves, they deploy it even more. So that's the logical trend. that XPUs will keep in this few customers of ours whereas they are successfully deployed and their software stabilizes the software stack, the library that sits on this chip stabilizes and proves itself out. They will have the confidence to keep using a higher and higher percentage of their compute footprint in their own XPUs. For sure, and we see that. And that's",1.873,114.84,0.77,35,0.603,1.521,21.109,173.77,53.59,0.058587,0.6357,speaker,-0.3913,speaker,-0.7148,speaker,0.361,speaker,-0.4288,speaker,-0.1797,speaker,0.1041,speaker,-0.3017,speaker,-0.3491,speaker,0.9516,speaker,0.0311
AVGO_2025_9_4_earnings_call_qa_features.json,AVGO,2025,9,3,2025_Q3,SPEAKER_13,29,2394.712,2397.243,2.531,6,I say we progressively gain share.,0.524,142.24,0.0,0,0.0,0.0,0.0,156.12,11.03,0.066474,-0.7928,speaker,0.8519,speaker,-0.9431,speaker,-1.0571,speaker,-2.8735,speaker,-1.5176,speaker,-1.0605,speaker,-0.724,speaker,-1.0994,speaker,1.3892,speaker,0.4745
GOOG_2025_10_30_earnings_call_qa_features.json,GOOG,2025,10,4,2025_Q4,SPEAKER_01,0,159.5,203.527,44.027,102,"And Brian, on Waymo, a great question was reflecting, I think, on the exact same topic I'm scheduled to meet with the team to do a review on it in a few weeks out. Look, it is an exciting time. Waymo clearly is scaling up, particularly in 2026. And I think the possibility, as you said, of German Eye, particularly with the multimodal experience, as well as services like YouTube, I think there's a real opportunity to make the in-car experience dramatically better. Definitely something we are excited about, and you'll see newer experiences in 2026 for sure. Great. Thank you both.",2.127,139.01,5.45,18,0.677,2.102,12.192,97.72,11.57,0.088251,-0.0561,speaker,-0.6497,speaker,-0.6635,speaker,-0.8347,speaker,-0.8601,speaker,0.2124,speaker,-0.9984,speaker,-0.7062,speaker,-0.7537,speaker,1.7646,speaker,0.086
GOOG_2025_10_30_earnings_call_qa_features.json,GOOG,2025,10,4,2025_Q4,SPEAKER_01,1,507.817,579.991,72.174,160,"So overall, I would say we are seeing substantial demand for our AI infrastructure products, including TPU-based and GPU-based solutions. It is one of the key drivers of our growth over the past year. And I think on a going forward basis, I think we continue to see a very strong demand. And we are investing to meet that. I do think a big part of what differentiates Google Cloud, effectively, we have taken a deep, full stack approach to AI. And that really plays out. We are the only hyperscaler. who's really building offerings on our own models. And we are also highly differentiated on our own technology. So to your question, I think that does give us the opportunity to continue driving growth and operating margins in cloud as we have done in the past. And also I think from a revenue sets the infrastructure portion of our business to be a growth driver looking ahead as well.",2.211,133.01,5.82,23,0.787,1.842,18.097,98.07,16.88,0.081724,-0.003,speaker,-1.1453,speaker,-0.5481,speaker,-0.4891,speaker,0.3291,speaker,-0.1726,speaker,-0.437,speaker,-0.6977,speaker,-0.7155,speaker,1.0622,speaker,-0.2239
GOOG_2025_10_30_earnings_call_qa_features.json,GOOG,2025,10,4,2025_Q4,SPEAKER_01,2,711.582,774.728,63.146,173,"Mark, look, I think, obviously, AI overviews are a natural part of the Google experience. And so, you know, engagement is very, very high. I would say AI mode, you have a varied cohorts that are people who are casual users who are checking it out. But there's a core group which really likes AI more and is passionate about it. And so you see the early adopters, the product is resonating very strongly and they are seeking it out. So I think that's how I would highlight the difference. With Gemini, again, a set of engaged user base who are seeking out the product and so on. But across the board, I think the trajectory has been we are definitely seeing in each of those use cases a set of early adopters and then more people coming in and the people who are using it continue to use it more over time and report high user satisfaction. So I would say the underlying product metrics are pretty encouraging to see as well.",2.514,164.38,10.45,17,0.709,1.46,12.048,95.33,11.82,0.092019,0.1887,speaker,1.4456,speaker,0.8959,speaker,-0.9039,speaker,-0.5141,speaker,-0.7384,speaker,-1.0121,speaker,-0.7645,speaker,-0.7519,speaker,2.17,speaker,0.374
GOOG_2025_10_30_earnings_call_qa_features.json,GOOG,2025,10,4,2025_Q4,SPEAKER_01,3,1088.08,1116.278,28.198,75,"Yeah, and the only thing I would add is just stepping back broadly, I think, AI overviews and AI mode are, you know, dramatically improving search. We can see it in user satisfaction, user quality, all our metrics. And they're universal in the nature. They apply across the universality of human needs. So I think we are seeing it in breadth. And so, you know, naturally over time, that'll apply to commercial categories as well.",0.742,159.59,17.02,11,0.657,1.121,7.224,102.69,20.13,0.090371,-0.9322,speaker,1.05,speaker,2.9449,speaker,-1.3187,speaker,-1.0763,speaker,-1.2404,speaker,-1.4707,speaker,-0.585,speaker,-0.6921,speaker,1.9927,speaker,0.2456
GOOG_2025_10_30_earnings_call_qa_features.json,GOOG,2025,10,4,2025_Q4,SPEAKER_01,4,1191.355,1294.765,103.41,264,"Ken, thanks. Look, I think it's a dynamic moment. And I think we are meeting people in the moment with what they are trying to do. Obviously, search is evolving. You know between AI overviews and AI mode. I think we are if we are able to kind of give that range of experience For people in this moment over time you will expect us to you can expect us To make the experience is simpler in a way that just like we did universal search many, many years ago. We may have done tech search, image search, video search, et cetera. And then we kind of brought it together as universal search. So you will see evolutions like that. But I think we want to be sensitive to making sure we are meeting the users in terms of what they are looking for. I think Gemini allows us to build a more personal, proactive, powerful AI assistant for that moment. And I think having the two-surfaces search in Gemini allows us to really serve users across the breadth of their needs. But over time, we will thoughtfully look for opportunities to make the experience better for users. And to the first part, I would broadly say as As I do think we've been consistently saying for a while now, this is an expansionary moment and we are seeing people engage more. And I think when they do that, naturally a portion of that information for users, those journeys are commercial in nature. So we expect that to play out over time as well.",1.215,153.18,7.54,36,0.809,2.001,29.12,106.78,21.63,0.087706,-0.633,speaker,0.5206,speaker,-0.0117,speaker,0.4097,speaker,0.567,speaker,0.0629,speaker,0.6109,speaker,-0.4853,speaker,-0.6814,speaker,1.7059,speaker,0.292
GOOG_2025_10_30_earnings_call_qa_features.json,GOOG,2025,10,4,2025_Q4,SPEAKER_01,5,1333.426,1432.567,99.141,229,"Thanks, Justin. The first on the pace of frontier model research and development. Look, I think two things are both simultaneously true. I'm incredibly impressed by the pace at which the teams are executing and the pace at which we are improving these models. But it also is true at the same time that each of the prior model you're trying to get better over is now getting more and more capable. So I think both the pace is increasing, but sometimes we are taking the time to put out a notably improved model. So I think that may take slightly longer. But I do think the underlying pace is phenomenal to see. And I'm excited about our Gemini 3.0 release later this year. On cloud, I would point out as a sign of the momentum, I think the number of deals greater than $1 billion that we signed in the first three quarters of this year are greater than the two years prior. So we are definitely seeing strong momentum and we are executing at pace. And in terms of long-term economics, I would say that, again, us being a full-stack AI player and the fact that we are developing highly differentiated products on our own technology, I think will help us drive a good trajectory here, as you've seen over the past few years. Great, thank you.",1.434,138.59,4.84,38,0.73,2.121,27.739,116.54,88.0,0.08282,-0.4944,speaker,-0.6844,speaker,-0.8537,speaker,0.548,speaker,-0.2871,speaker,0.2406,speaker,0.4796,speaker,-0.2472,speaker,-0.2043,speaker,1.1801,speaker,0.1661
GOOG_2025_2_4_earnings_call_qa_features.json,GOOG,2025,2,1,2025_Q1,SPEAKER_05,0,63.751,144.295,80.544,183,"Thanks, Brian. On search, obviously, we view I mean, this has been a long continual journey. AI overviews has been the next step. It's playing out positively as we have indicated. The metrics look great. And we are obviously trading on that experience, bringing better and better models, expanding to the number of queries where it works and so on. But there's a lot more to come. I think we'll continue bringing AI in more powerful ways, in multimodal ways, things like what we've done with lens circle to search. You can imagine the future with project Astra. You can also imagine areas like we have done in German ID research, possibilities where you are really dramatically expanding the types of use cases for which search can work, things which don't always get answered instantaneously, but can take some time to answer. Those are all areas of explorations, and you will see us, you know, putting newer experiences in front of users through the course of 2025. And so I do feel the opportunity space with AI, there's a lot of unlock ahead.",2.008,136.32,3.72,32,0.81,1.771,25.91,104.61,61.02,0.075215,-0.1314,speaker,-0.8719,speaker,-1.203,speaker,0.1331,speaker,0.5778,speaker,-0.2778,speaker,0.3058,speaker,-0.5382,speaker,-0.3982,speaker,0.3618,speaker,-0.1718
GOOG_2025_2_4_earnings_call_qa_features.json,GOOG,2025,2,1,2025_Q1,SPEAKER_05,1,436.857,575.097,138.24,328,"Thanks, Eric. Look, I think there's been a lot of observations on deep seek. First of all, I think a tremendous team. I think they've done very, very good work. Look, I think for us, it's always been obvious over time. There's frontier model development, but you can drive a lot of efficiency to serve these models really, really well. If you look at one of the areas in which the Gemini model shine is the period of frontier of cost performance and latency. And if you look at all three attributes, I think we lead this period of frontier. And I would say both are 2.0 flash models or 2.0 flash thinking models. You know, they are some of the most efficient models out there, including comparing to DeepSeq's V3 and R1. And I think a lot of it is our strength of the full stack development into an optimization, our obsession with cost per query, all of that, I think sets us up well for the workloads head, both to serve billions of users across our products, and on the cloud side. A couple of things I would say are if you look at the trajectory over the past three years, the proportion of the spend towards inference compared to training has been increasing, which is good because, obviously, inference is to support businesses with good ROIC. And so I think that trend is good. I think the reasoning models, if anything, accelerates that trend because it's obviously scaling upon inference dimension as well. And so I think, look, I think part of the reason we are so excited about the AI opportunity is We know we can drive extraordinary use cases because the cost of actually using it is going to keep coming down, which will make more use cases feasible. And that's the opportunity space. It's as big as it comes. And that's why you're seeing us invest to meet that moment. Thank you.",1.249,142.36,8.25,44,0.823,2.26,36.223,108.78,54.76,0.071439,-0.6115,speaker,-0.3731,speaker,0.2098,speaker,0.9628,speaker,0.7183,speaker,0.4464,speaker,1.2862,speaker,-0.4365,speaker,-0.4432,speaker,-0.0446,speaker,-0.2327
GOOG_2025_2_4_earnings_call_qa_features.json,GOOG,2025,2,1,2025_Q1,SPEAKER_05,2,835.445,914.302,78.857,190,"Look, I think, first of all, we are definitely seeing a lot of progress in the underlying capabilities of these models. Gemini 2.0 was definitely built with the view of enabling more agent use cases. And so we are definitely seeing progress inside and I think we'll be able to do more agentic experiences for our users. Look, I actually think all of this expands the opportunity space. Historically, we've had information use cases, but now you can have, you can act on your information needs in a much deeper way. It's always been our vision when we have talked about Google Assistant, et cetera. So I think the opportunity space expands. I think there's plenty of, it feels very far from a zero sum game. There's plenty of room, I think, for many new types of use cases to flourish. And I think for us, we have a clear sense of additional use cases, we can start to tackle for our users in Google search. And all the early work with the AI overview shows that users will react positively to that. So I'm pretty excited about what's ahead.",1.502,144.57,7.61,25,0.903,4.524,22.577,97.72,13.52,0.072301,-0.4514,speaker,-0.1905,speaker,0.0102,speaker,-0.3508,speaker,1.5832,speaker,3.7994,speaker,-0.0111,speaker,-0.7062,speaker,-0.7397,speaker,0.0482,speaker,-0.314
GOOG_2025_2_4_earnings_call_qa_features.json,GOOG,2025,2,1,2025_Q1,SPEAKER_05,3,988.973,1065.215,76.242,167,"Ross, the whole TPU project started. Our V1 was effectively an inferencing chip. So we've always, part of the reason we have taken the end-to-end stack approaches so that we can definitely drive, you know, a strong differentiation in end-to-end optimizing and not only on a cost but on a latency basis and a performance basis. Be at the period of frontier we mentioned and I think our full-stack approach and our TPU efforts all give a meaningful advantage and we plan, you already see that, I know you asked about the cost, but it's effectively captured. When we price outside, we pass on that differentiation. It's partly why we've been able to bring forward flash models at very attractive value props, which is what is driving. both developer growth, we've doubled our developers to 4.4 million in just about six months. Vertex usage is up 20x last year. And so all of that is a direct result of that approach. And so we'll continue doing that.",1.94,131.42,4.72,27,0.81,2.102,21.877,91.39,10.68,0.067283,-0.1744,speaker,-1.2766,speaker,-0.8912,speaker,-0.2125,speaker,0.5778,speaker,0.2124,speaker,-0.0777,speaker,-0.8606,speaker,-0.7601,speaker,-0.4918,speaker,-0.5672
GOOG_2025_2_4_earnings_call_qa_features.json,GOOG,2025,2,1,2025_Q1,SPEAKER_05,4,1162.634,1216.33,53.696,127,"Maybe just on search usage overall, our metrics are healthy. We are continuing to see growth in search on a year-on-year basis in terms of overall usage. Of course, within that AI overviews has seen stronger growth, particularly across all segments of users, including in younger users. So it's being well received. But overall, I think through this AI moment, I think Search is continuing to perform well. And as I said earlier, we have a lot more innovations to come this year. I think the product will evolve even more. And I think as you make Search, as you give as you make it more easy for people to interact and ask follow-up questions, et cetera, I think we have an opportunity to drive further growth.",1.924,141.91,10.06,20,0.666,1.481,13.326,95.56,12.16,0.073604,-0.1845,speaker,-0.4102,speaker,0.7743,speaker,-0.6965,speaker,-0.979,speaker,-0.7073,speaker,-0.8906,speaker,-0.7589,speaker,-0.7494,speaker,0.1884,speaker,-0.3191
GOOG_2025_2_4_earnings_call_qa_features.json,GOOG,2025,2,1,2025_Q1,SPEAKER_05,5,1346.96,1475.497,128.537,321,"First of all, we've had a strong momentum for Gemini on the app side, particularly through the second half of 2024. And some of it is we've made it more easily accessible. We've brought it to, for example, with a dedicated app on iOS, which has been super positively received and definitely getting a lot of traction there. So definitely driving organic growth by putting the product out. We just last week rolled out with our 2.0 series of models. So 2.0 flash, I mean, I think that's one of the most capable models you can access at the free tier. So that's definitely contributing as well. And so, you know, we are rapidly trading. We've had a couple of, you know, you know key innovations there Gemini live I think has been definitely a hit with users as well as for advanced users Gemini deep research so I think a combination of innovation continually trading on the product and making it better is driving a lot of usage and you know we'll have a lot more to come as we go at this year you know and we're obviously You have a partnership at Samsung, so there are other things which will contribute to do it as well. On the monetization side, obviously for now, we have focused on free tier and subscriptions. But obviously, as you've seen in Google over time, we always want to lead with user experience. And we do have a very good ideas for native ad concepts. But you will see us lead with the user experience. But I do think we're always committed to making the products work and reach billions of users at scale. And advertising has been a great aspect of that strategy. And so just like you've seen with YouTube, we'll give people options over time. But for this year, I think you'll see us be focused on the subscription direction.",1.333,149.84,9.34,49,0.671,2.389,32.863,110.3,87.44,0.071795,-0.5583,speaker,0.2447,speaker,0.5497,speaker,1.3084,speaker,-0.925,speaker,0.6375,speaker,0.9668,speaker,-0.3994,speaker,-0.2083,speaker,-0.0063,speaker,-0.0259
GOOG_2025_4_24_earnings_call_qa_features.json,GOOG,2025,4,2,2025_Q2,SPEAKER_05,0,398.585,495.127,96.542,228,"Thanks, Eric. You know, obviously it's an exciting moment on the AI front. I think the foundation for everything is obviously the frontier model progress we are seeing, and particularly with 2.5 pro and flash, I think we're well positioned. seeing tremendous reception from developers, enterprises, and consumers too. Obviously, we are delivering consumer AI experiences across our product portfolio, including the primary way people experience it is obviously in search with AI overviews and very early days with AI mode, but that will be a consumer AI forward experience. We are already seeing very positive feedback, queries are You know, people are typing in roughly two X longer queries compared to traditional search. So there's a lot of excitement there. And in the Gemini app, which you asked about, you know, we've really seen increased momentum, particularly over the last few weeks as we've rolled out not just the newer models, but we are seeing users are really responding well to all the innovation Gemini live, which is based on Project Astra. has been very well received deep research. I think based on 2.5 Pro is SOTA and that's been well received in Canvas. We've had a lot of traction as well. And so we are definitely investing more. We have recently organized ourselves better to capitalize on this momentum and I'm excited about our roadmap there.",1.857,141.7,8.08,33,0.688,1.781,22.71,95.79,11.57,0.071312,-0.2269,speaker,-0.4276,speaker,0.1567,speaker,0.2023,speaker,-0.7412,speaker,-0.263,speaker,0.0015,speaker,-0.7533,speaker,-0.7537,speaker,-0.0582,speaker,-0.3168
GOOG_2025_4_24_earnings_call_qa_features.json,GOOG,2025,4,2,2025_Q2,SPEAKER_05,1,652.081,716.223,64.142,154,"Thanks, Ross. I think I touched upon this to Eric's question as well, but, you know, we are definitely, I think, you know, there's been a lot of momentum in terms of product features we've been introducing and, you know, we are definitely seeing reception, including increased adoption and usage based on those features. So I think we are in a good positive cycle. The recent advances on the model frontier, by many metrics, I think we have the best model out there now. And I think that's going to drive increased adoption as well. And again, I would reiterate, people are using Obviously, we have 1.5 billion users through AI overviews interacting with AI in a deep way, in a very engaged way. Obviously, we are innovating with AI mode. And we have a very exciting roadmap ahead with the Gemini app as well. So across the board, super excited about what's ahead.",1.721,144.06,12.16,25,0.653,1.361,16.329,95.73,15.69,0.063697,-0.3129,speaker,-0.2327,speaker,1.4292,speaker,-0.3508,speaker,-1.1196,speaker,-0.885,speaker,-0.6051,speaker,-0.7548,speaker,-0.7241,speaker,-0.8777,speaker,-0.5388
GOOG_2025_4_24_earnings_call_qa_features.json,GOOG,2025,4,2,2025_Q2,SPEAKER_05,2,811.212,977.026,165.814,412,"Look on internally, I mean, this has been, you know, extraordinary amount of focus and excitement, both because I think, you know, we are, you know, the early use cases have been transformative in nature. And I think there's still feel that feels like early days and long ways to go. Obviously, I had mentioned a few months ago, in terms of how we are using AI for coding, we are continuing to make a lot of progress there in terms of people using coding suggestions. I think the last time I had said the number was like 25% of code that's checked in. It involves people accepting AI suggested solutions. That number is well over 30% now. But more importantly, we have deployed more deeper flows. And particularly with the newer models, I think we are working on early agent work flows and how we can get those coding experiences to be much deeper. We are deploying it across all parts of the company. Our customer service teams are deeply leading the way there. We've both dramatically enhanced our user experience as well as made it much more efficient to do so. And we are actually bringing all our learnings and expertise in our solutions through cloud to our other customers. But beyond that, all the way from the finance team preparing for this earnings call to everything, it's deeply embedded in everything we do. But I still see it as early days and there's going to be a lot more to do. On AI mode, look, I think we are just leaning in on the early positive feedback as we scale up AI overviews. It's been one of our most positive launches, but it's been clear people have wanted even more of it. With AI mode, we are bringing our state-of-the-art Gemini models right into search. I mentioned people typing in longer queries. There's a lot more complex nuance questions. People are following through more. People are appreciating the clean design, the fast response time, and the fact that they can kind of be much more open-ended. can undertake more complicated tasks, product comparisons, for example, has been a positive one, exploring how tos, planning a trip. So those are the kinds of early feedback we are seeing. And I think we are obviously really focused on improving the product across all of AI mode, AI overviews, and the Gemini app. And we are seeing positive use attraction as well.",2.008,149.08,6.51,67,0.697,2.423,46.702,99.64,13.97,0.068572,-0.1314,speaker,0.1819,speaker,-0.3329,speaker,2.5528,speaker,-0.6439,speaker,0.6878,speaker,2.2824,speaker,-0.6594,speaker,-0.7364,speaker,-0.3531,speaker,-0.1941
GOOG_2025_4_24_earnings_call_qa_features.json,GOOG,2025,4,2,2025_Q2,SPEAKER_05,3,1158.348,1255.598,97.25,235,"And Mark, thanks. I think this is probably the first question I've got on earnings call on Waymo. So thank you. And I think it's a sign of its progress. Look, the thing that excites me is I think we've been laser focused and will continue to be on building the world's best driver. And I think doing that well really gives you a variety of optionality in business models across geographies, et cetera. It will also require a successful ecosystem of partners and we can possibly do it all ourselves. And so I'm excited about the progress the teams have made through a variety of partnerships. Obviously, a highlight of it is a partnership with Uber. We are very pleased with what we are already seeing in Austin in terms of rider satisfaction. We look forward to offering the first paid rides in Atlanta via Uber later this year. But we are also building up a network of partners, for example, for maintaining fleets of vehicles and doing all the operations related to that. with the recently announced partnership with Move in Phoenix and Miami, obviously partnerships with OEMs. There are future optionality around a personal ownership as well. So we are widely exploring, but at the same time, clearly staying focused and making progress, both in terms of safety, the driver experience, and progress on the business model and operationally scaling it up.",1.418,144.99,5.55,37,0.746,2.341,27.612,110.11,81.65,0.066597,-0.5046,speaker,-0.1558,speaker,-0.6323,speaker,0.4788,speaker,-0.1141,speaker,0.5664,speaker,0.4676,speaker,-0.4041,speaker,-0.25,speaker,-0.5656,speaker,-0.1509
GOOG_2025_4_24_earnings_call_qa_features.json,GOOG,2025,4,2,2025_Q2,SPEAKER_05,4,1329.511,1408.486,78.975,227,"Okay, now maybe on AI powered search and how do we see our consumer experiences? Look, I do think search in Gemini obviously will be two distinct efforts, right? I think there are obviously some areas of overlap, but they're also you know, like exposed very, very different use cases. And so, for example, in Gemini, we see people iteratively coding and going much deeper on a coding workflow as an example. So I think both will be around. Within search, you know, we think of AI overviews as scaling up and working for our entire user base, but an AI mode is the tip of the tree for us pushing forward on an AI forward experience. There will be things which we discover there, which will make sense in the context of AI overviews. So I think we'll flow through to our user base. But you almost want to think of what are the most advanced 1 million people using search for, the most advanced 10 million people, and then how do a billion and a half people use search for? And we want to innovate. And so I think this allows us to do that. But the true north through all of this is use a feedback, use a satisfaction user experience, and so that will determine where this all works out in the future.",1.401,172.46,9.88,27,0.648,1.621,17.489,103.69,15.66,0.066638,-0.5153,speaker,2.1129,speaker,0.7181,speaker,-0.2125,speaker,-1.1736,speaker,-0.4999,speaker,-0.4948,speaker,-0.5606,speaker,-0.7243,speaker,-0.5612,speaker,0.1362
GOOG_2025_4_24_earnings_call_qa_features.json,GOOG,2025,4,2,2025_Q2,SPEAKER_05,6,1553.594,1573.507,19.913,56,And I'll just chime in to say YouTube just celebrated its 20th birthday. And we now have more than 20 billion videos on YouTube. And we get 20 million videos uploaded every day. So I think it's a tremendous platform. And thanks to all the creators and users who have supported us there over the years.,0.0,168.73,6.03,4,0.66,0.84,2.641,98.98,11.8,0.062091,-1.4015,speaker,1.8048,speaker,-0.4826,speaker,-1.8026,speaker,-1.0439,speaker,-1.6566,speaker,-1.9064,speaker,-0.6755,speaker,-0.752,speaker,-1.0505,speaker,0.1474
GOOG_2025_7_23_earnings_call_qa_features.json,GOOG,2025,7,3,2025_Q3,SPEAKER_07,0,81.638,167.549,85.911,199,"Thanks Eric. Appreciate the question. I do think looking ahead, based on everything we are seeing, people are excited about AI. They're adopting it well across our products. For me, just seeing multimodality, how people have modified their behavior to include images, both through lens and circle to search, seamlessly as part of interacting with Google. our early indications that people are going to be adopting through these moments very, very well. I think I'm trying to understand your question in terms of about clicks and clicks monetization, maybe that's something Phillip can touch on. But overall, we expect as we build out our organic experiences, we have a good understanding of how to continuing training on monetization. So that will work well with organic experiences. But we will lead with organic experience. So in terms of newer surfaces like Gemini app, et cetera, we'll focus on the organic experience for the near term. But just like we are doing with AIO views and with AI mode over time, we'll be able to bring very, very good commercial experiences there as well. And we think people will adapt to them as they've always done. Maybe Philip can add more.",8.943,138.98,4.89,30,0.84,2.281,25.213,164.22,270.43,0.064639,4.2553,speaker,-0.6522,speaker,-0.8381,speaker,-0.0051,speaker,0.9021,speaker,0.4775,speaker,0.2395,speaker,0.9157,speaker,1.1069,speaker,-0.7763,speaker,-0.3329
GOOG_2025_7_23_earnings_call_qa_features.json,GOOG,2025,7,3,2025_Q3,SPEAKER_07,1,256.278,316.353,60.075,128,"Thanks. Doug, thanks. On the CapEx step, obviously, we are seeing strong momentum across our portfolio and especially in cloud. You are right. It's a tight supply environment and we are are investing more to expand. But there is obviously a time delay between this additional investment will play out in future years. And so that's why both of them are true at the same time. But we are planning ahead and we are investing. But overall, it's exciting to see the traction, particularly in cloud. I think the comprehensiveness of our AI portfolio the breadth of our offerings, both providing our models on GPUs and TPUs for our customers. All of that has been really driving demand and so we are investing to match up to it.",3.308,127.84,4.0,17,0.961,2.542,16.338,204.09,377.86,0.062939,0.6909,speaker,-1.5723,speaker,-1.1157,speaker,-0.9039,speaker,2.2103,speaker,0.8641,speaker,-0.6043,speaker,1.8881,speaker,1.8791,speaker,-0.9592,speaker,0.0856
GOOG_2025_7_23_earnings_call_qa_features.json,GOOG,2025,7,3,2025_Q3,SPEAKER_07,2,425.332,576.38,151.048,401,"Thanks, Brian. Let me start with the first one on agentic capabilities. Overall, we are definitely in many ways when we build 2.5, our series of 2.5 models, particularly with Pro, et cetera. It's the direction where we are investing the most. There's definitely exciting progress, including in the models we haven't fully released yet. The main gaps we are all trying to do is, You're obviously chaining a sequence of events and so being able to do it reliably, the latency compounds, the cost compounds, and being able to do it reliably in a way for the users, all of this comes together. In each of this, we are making progress and it all needs to kind of hang together. The good news is we are making robust progress. We think we are at the frontier there. And, you know, in all of these areas, when you look back in a 12 month basis, you end up making the models much more efficient for any given capability. So the power looking trajectory, I think, will really unlock these agent experiences. We see the potential being able to do them. But they're a bit slow and costly and takes time and sometimes are brutal, right? But they're making progress on all of that. And I think that's what will really unlock and I expect 2026 to be the year in which people kind of use agent experiences more broadly, right? And so it's an exciting opportunity ahead. On the second part, I think when you say source of internalization, I presume you're talking about how we are using all of this internally. Again, given you asked a question about agents, we are now beginning to roll out agent according journeys for our software engineers within the company. And it's been exciting to see just over the last few months, and particularly over the last few weeks, people are definitely doing more agentic workflows in software engineering as well internally. That's a good example of the same experiences a few months ago, had a lot of friction points, but we are overcoming it, and people are beginning to use internally on the coding side, as well as in certain other areas of the company as well. Exciting progress. I expect it to be an active area where we will roll out journeys for our users as well, so look forward to it.",3.629,159.29,6.36,50,0.755,2.123,37.771,178.75,313.27,0.061458,0.894,speaker,1.0252,speaker,-0.3797,speaker,1.3776,speaker,-0.0168,speaker,0.2435,speaker,1.4334,speaker,1.2701,speaker,1.4149,speaker,-1.1186,speaker,0.3897
GOOG_2025_7_23_earnings_call_qa_features.json,GOOG,2025,7,3,2025_Q3,SPEAKER_07,3,625.722,762.173,136.451,376,"Thanks, Michael. On the first thing, look, I think Any time I changes, you know, you can drive new experiences, including on hardware experiences too. So, I think I will particularly enable you've long had the promise of glasses and other form factors. Right. You know, I think I will spur a whole new wave of innovation there. We are super excited about our investment in glasses and, you know, found the experiences have taken a dramatic step up compared to the last, compared to the last iteration. So I think it'll be an exciting new emerging category. But I still expect phones to be at the center of the experience for the next two to three years at least. And so I still think that's going to be phones who continue to be at the center of the consumer experience. But we are excited about the emerging categories as well. On your second question on AI mode versus Gemini standalone app, broadly, There are some use cases where you can get a great experience in both places. But there are use cases which are very specific. I think where the queries are, you know, information oriented, but people really want to rely on the information. But I have the full power of AI. I think AI mode really shines in that. You can go there and you know it's backed up. you know, the Gemini models are using search deeply as a tool. And so it's all grounded in that search experience. And I think, I think users are responding very positively to it. And whereas in a Gemini standalone app, you know, you see everything from, you know, people can have a long conversational chat, just trying to pass time right then in the Gemini app, you know, you've seen early cases where, People may get into it, you know, in a therapy-like experience, right? So these are all emerging experiences of what people do. And I think this is why I'm glad we have both surfaces and we can innovate in both of these areas. And of course, there'll be areas which will be commonly served by both applications. And over time, I think we can make experience more seamless for our users.",2.042,165.33,13.19,49,0.716,1.635,35.102,200.79,336.0,0.059973,-0.1099,speaker,1.524,speaker,1.7504,speaker,1.3084,speaker,-0.4385,speaker,-0.4792,speaker,1.1796,speaker,1.8076,speaker,1.5782,speaker,-1.2784,speaker,0.5167
GOOG_2025_7_23_earnings_call_qa_features.json,GOOG,2025,7,3,2025_Q3,SPEAKER_07,5,801.779,885.58,83.801,220,"Mark, on the first question, look, I think we've gone through these moments before. We've obviously always deeply invested in talent, including an AI talent for well over a decade now. And I think we have an extraordinary both breadth and depth of the talent. In my experience, the top people look for a combination of They want to really be at the frontier driving progress and so the mission and the and and how state of the art your work is matters. So that's super important to them access to compute resources and access to your peers right working with the best people in the industry and it's a combination of all of that and using it to. driving back and I think we are pretty competitive on all those fronts and you know through this moment we continue to I look at the both our attention metrics as well as the new talent coming in. And both are healthy. I do know individual cases can make headlines, but when we look at numbers deeply, I think we are doing very well through this moment. And we'll continue investing in the people and the talent and the compute needed to make sure we are set up well for the opportunity ahead. And maybe I'll pass it on to Anna.",1.974,157.52,8.59,29,0.734,1.481,21.276,164.63,271.24,0.066932,-0.1529,speaker,0.879,speaker,0.3158,speaker,-0.0743,speaker,-0.2439,speaker,-0.7073,speaker,-0.1348,speaker,0.9257,speaker,1.1128,speaker,-0.5296,speaker,0.4085
GOOG_2025_7_23_earnings_call_qa_features.json,GOOG,2025,7,3,2025_Q3,SPEAKER_07,6,1054.955,1084.553,29.598,65,"On the second part, with respect to OpenAI, we are very excited to be partnering with them on Google Cloud. Google Cloud is an open platform, and we have a strong history of supporting great companies, startups, AI labs, et cetera. So super excited about our partnership there on the cloud side. And we look forward to investing more in that relationship and growing there.",3.763,131.77,2.03,10,0.708,1.16,7.081,97.13,12.25,0.070198,0.9788,speaker,-1.2477,speaker,-1.7301,speaker,-1.3878,speaker,-0.5249,speaker,-1.1827,speaker,-1.4843,speaker,-0.7206,speaker,-0.7488,speaker,-0.1781,speaker,-0.4388
GOOG_2025_7_23_earnings_call_qa_features.json,GOOG,2025,7,3,2025_Q3,SPEAKER_07,7,1186.883,1287.509,100.626,251,"Mark, on the second part of the question, I think between these two surfaces, you're pretty much covering the entire breadth and depth of what humanity can possibly do. I think there's plenty for two surfaces to tackle at this moment. Obviously, you are right. Search is more information focused. And we think of the Gemini app as more your assistant, a more personal, proactive, and powerful assistant for every aspect of your daily life. And so you can imagine wanting to code deeply or create a long video, et cetera, like, you know, those things can be done by the Gemini app today better. Over time, like we've always done, we've gone through these evaluations before, like as you point out, we can understand user intent better and abstract some of the complexity for our users. At one point people used to go to query separately for text, differently from images, differently from videos, etc. and we kind of made it all seamless with Universal Search. So we have the experience of being able to bring together experiences in a way that makes sense for users. and do the heavy lifting for them. But I think when you're in this early stage of new emerging paradigms, I think we want to make sure we can meet them, what they are expecting today, and over time, I think it will give us an opportunity to serve them better. So I think that's how we are thinking about it. Okay, thank you.",2.919,149.66,7.75,19,0.989,1.961,18.786,186.52,305.39,0.064267,0.4449,speaker,0.2298,speaker,0.0538,speaker,-0.7656,speaker,2.513,speaker,0.0036,speaker,-0.3715,speaker,1.4596,speaker,1.3582,speaker,-0.8163,speaker,0.2079
GOOG_2025_7_23_earnings_call_qa_features.json,GOOG,2025,7,3,2025_Q3,SPEAKER_07,8,1414.797,1492.608,77.811,187,"Look on the on agent experience. Look, I think there was early question on the technology aspects of it and how we are making progress. Obviously, there is the value proposition for all the players involved. And I think that's going to be an equally important thing to create the unlock here. And I do think, you know, our time users will It's clear to me, as we make progress on the agentic experience, it's going to be a much better experience for users. You will find savvier players leaning into these experiences and that will help them grow and meet this moment. I do think it's an opportunity for some of the players. You are right. the early days of the web, there are aspects about it, which will expand access, grow the use cases, et cetera. And I think that elements are there. But I do think it's important. It's not just a technology play, but we have to solve the business models for the many players involved. So I think that's going to be an important part of this evolution as well. Thank you.",2.869,144.2,6.17,27,0.827,1.84,22.338,206.37,367.67,0.068816,0.4133,speaker,-0.2211,speaker,-0.4389,speaker,-0.2125,speaker,0.7616,speaker,-0.1756,speaker,-0.0338,speaker,1.9437,speaker,1.8059,speaker,-0.3268,speaker,0.5214
GOOG_2025_7_23_earnings_call_qa_features.json,GOOG,2025,7,3,2025_Q3,SPEAKER_07,9,1543.115,1668.952,125.837,285,"Great. On the first thing on subscriptions, You know, we've definitely, you know, Google One has been an attractive value proposition powered by storage, but now our AI plans, including both Pro and Ultra, and particularly with the 2.5 series of models, they've definitely seen accelerated traction. So it was a very healthy quarter. And so we are definitely excited about the opportunities ahead. And you will find, through this moment, I think we'll be able to drive growth in that area based on our AI offerings. And so it's definitely an area we are both excited by and we are actually seeing traction, particularly in the last quarter ever since we introduced 2.5 Pro. So we are excited about the trajectory there. On the cloud side, look, I think we are definitely investing because we are delivering a lot of value through our cloud offerings. I think it's important to understand as we build more and more of an install base with Google Cloud, we have very high customer satisfaction. Our churn rates are very low and we are much more efficient in the investments needed to grow those lines of businesses. So you're seeing all that play out in our margin trajectory, particularly if you look at it annually, sequentially over the past few years. And so all that gives us confidence as we are investing in this, we will be able to have a healthy ROI on our investments. And particularly in this AI moment, you know, there's definitely the value we are delivering to the customers is also growing pretty significantly on a forward-looking basis. And so I think all that, you know, will help us, you know, do well here.",1.772,135.89,8.58,48,0.753,2.317,36.152,188.33,329.43,0.067377,-0.2806,speaker,-0.9074,speaker,0.3127,speaker,1.2393,speaker,-0.0384,speaker,0.5309,speaker,1.2795,speaker,1.5037,speaker,1.531,speaker,-0.4817,speaker,0.2499
