ticker,company_name,quarter,currency,revenue,cogs_cost_of_revenue,gross_profit,operating_expenses,operating_income,pretax_income,income_tax_expense,net_income,eps_basic,eps_diluted,consensus_eps_actual,consensus_eps_estimate,consensus_eps_surprise_pct,consensus_revenue_actual,consensus_revenue_estimate,consensus_revenue_surprise_pct,cash_and_equivalents,total_assets,total_liabilities,shareholders_equity,total_debt,operating_cash_flow,capital_expenditures,free_cash_flow,dividends_paid,share_repurchases,gross_margin,operating_margin,net_margin,free_cash_flow_margin,ebitda,revenue_qoq_growth,data_source,sec_filing_date,sec_filing_form,expected_vs_actual_source,expected_vs_actual_note,has_derived_q4_values,market_data_ticker,earnings_report_date,earnings_report_timing,pre_report_close_date,pre_report_close,reaction_trading_date,reaction_open,reaction_close,reaction_open_return_pct,reaction_close_return_pct,one_week_after_date,one_week_after_close,one_week_after_return_pct,one_month_after_date,one_month_after_close,one_month_after_return_pct,price_reaction_window,one_week_definition,one_month_definition,price_source,guidance_source,guidance_text,guidance_issued_date,guidance_target_period,guidance_revenue_low,guidance_revenue_high,guidance_revenue_mid,guidance_revenue_consensus,guidance_revenue_surprise_pct,guidance_eps_low,guidance_eps_high,guidance_eps_mid,guidance_eps_consensus,guidance_eps_surprise_pct,guidance_leakage_safe,guidance_excluded_reason,guidance_report_date,guidance_revenue_mid_vs_reported_pct,guidance_eps_mid_vs_actual_pct,guidance_cutoff_rule
MSFT,MICROSOFT CORP,CY2025Q1,USD,70066000000,21919000000,48147000000,16147000000,32000000000,31377000000,5553000000,25824000000,3.47,3.46,,,,70066000000,68540000000,2.226437117011964,28828000000,562624000000,240733000000,321891000000,39882000000,37044000000,16745000000,20299000000,6169000000,4781000000,0.6871663859789342,0.456712242742557,0.3685667798932435,0.2897125567322239,,,SEC companyfacts,2026-04-29,10-Q,,Report date inferred from MarketBeat earnings history revenue match; after-hours convention used,true,MSFT,2025-04-30,after_hours,2025-04-30,395.26,2025-05-01,431.11,425.4,9.069979254161824,7.625360522187924,2025-05-08,438.17,10.856145322066494,2025-06-02,461.97,16.877498355512838,after-hours: next trading day open/close vs report-day close,5 trading sessions after the reaction trading day,21 trading sessions after the reaction trading day,Nasdaq historical daily OHLC,,,,,,,,,,,,,,,,,,,,
MSFT,MICROSOFT CORP,CY2025Q2,USD,76441000000,24014000000,52427000000,18104000000,34323000000,32616000000,5383000000,27233000000,,,3.65,3.35,8.96,76441000000,73790000000,3.5926277273343272,30242000000,619003000000,275524000000,343479000000,40152000000,42647000000,17079000000,25568000000,6169000000,4546000000,0.6858492170432098,0.44901296424693554,0.3562616920239139,0.3344801873340223,,0.09098564210886878,SEC companyfacts,2025-07-30,10-K,Nasdaq earnings surprise,not supplied by Nasdaq; after-hours convention used,true,MSFT,2025-07-30,after_hours,2025-07-30,513.24,2025-07-31,555.225,533.5,8.180383446340896,3.947470968747563,2025-08-07,520.84,1.4807887148312724,2025-08-29,506.69,-1.2762060634401082,after-hours: next trading day open/close vs report-day close,5 trading sessions after the reaction trading day,21 trading sessions after the reaction trading day,Nasdaq historical daily OHLC,,,,,,,,,,,,,,,,,,,,
MSFT,MICROSOFT CORP,CY2025Q3,USD,77673000000,24043000000,53630000000,15669000000,37961000000,34301000000,6554000000,27747000000,3.73,3.72,4.13,3.65,13.15,77673000000,75490000000,2.8917737448668697,28849000000,636351000000,273275000000,363076000000,35376000000,45057000000,19394000000,25663000000,6169000000,5650000000,0.6904587179586213,0.48872838695557014,0.35722838051832684,0.33039795038172853,,0.016117005272039873,SEC companyfacts,2025-10-29,10-Q,Nasdaq earnings surprise,not supplied by Nasdaq; after-hours convention used,false,MSFT,2025-10-29,after_hours,2025-10-29,541.55,2025-10-30,530.48,525.76,-2.044132582402352,-2.915704921059914,2025-11-06,497.1,-8.207921706213634,2025-12-01,486.74,-10.120949127504376,after-hours: next trading day open/close vs report-day close,5 trading sessions after the reaction trading day,21 trading sessions after the reaction trading day,Nasdaq historical daily OHLC,,,,,,,,,,,,,,,,,,,,
MSFT,MICROSOFT CORP,CY2025Q4,USD,81273000000,25978000000,55295000000,17020000000,38275000000,48246000000,9788000000,38458000000,5.18,5.16,4.14,3.88,6.7,81273000000,80280000000,1.2369207772795217,24296000000,665302000000,274427000000,390875000000,35425000000,35758000000,29876000000,5882000000,6762000000,7415000000,0.6803612515841669,0.47094360980891564,0.473195280105324,0.07237335892608862,,0.04634815186744429,SEC companyfacts,2026-01-28,10-Q,Nasdaq earnings surprise,not supplied by Nasdaq; after-hours convention used,false,MSFT,2026-01-28,after_hours,2026-01-28,481.63,2026-01-29,439.99,433.5,-8.64564084463177,-9.99314826734215,2026-02-05,393.67,-18.262981957103996,2026-03-02,398.55,-17.249756036791723,after-hours: next trading day open/close vs report-day close,5 trading sessions after the reaction trading day,21 trading sessions after the reaction trading day,Nasdaq historical daily OHLC,,,,,,,,,,,,,,,,,,,,
MSFT,MICROSOFT CORP,CY2026Q1,USD,82886000000,26828000000,56058000000,17660000000,38398000000,39340000000,7562000000,31778000000,4.28,4.27,4.27,4.07,4.91,82886000000,81440000000,1.7755402750491158,32105000000,694228000000,279861000000,414367000000,31423000000,46679000000,30876000000,15803000000,6756000000,4627000000,0.6763265207634582,0.46326279468185216,0.3833940593103781,0.19065945998117897,,0.019846689552495907,SEC companyfacts,2026-04-29,10-Q,Nasdaq earnings surprise,not supplied by Nasdaq; after-hours convention used,false,MSFT,2026-04-29,after_hours,2026-04-29,424.46,2026-04-30,410.81,407.78,-3.215850727983786,-3.9296989115582166,2026-05-07,420.77,-0.8693398671252881,,,,after-hours: next trading day open/close vs report-day close,5 trading sessions after the reaction trading day,21 trading sessions after the reaction trading day,Nasdaq historical daily OHLC,marketbeat_cached_earnings_page,"Microsoft updated its fourth quarter 2026 earnings guidance on Wednesday, April, 29th. The company issued revenue guidance of $86.7 billion-$87.8 billion, compared to the consensus revenue estimate of $87.6 billion.",2026-04-29,CY2026Q4,86700000000,87800000000,87250000000,87600000000,-0.4,,,,,,true,,,5.27,-100,through_reaction_trading_date
AAPL,Apple Inc.,CY2025Q1,USD,95359000000,50492000000,44867000000,15278000000,29589000000,29310000000,4530000000,24780000000,1.65,1.65,,,,95359000000,94040000000,1.4025946405784773,28162000000,331233000000,264437000000,66796000000,78566000000,,,,,,0.47050619238876246,0.31029058610094484,0.25986010759341016,,,,SEC companyfacts,2026-05-01,10-Q,,Report date inferred from MarketBeat earnings history revenue match; after-hours convention used,false,AAPL,2025-05-01,after_hours,2025-05-01,213.32,2025-05-02,206.09,205.35,-3.3892743296455983,-3.736171010688168,2025-05-09,198.53,-6.933245827864239,2025-06-03,203.27,-4.711231951996992,after-hours: next trading day open/close vs report-day close,5 trading sessions after the reaction trading day,21 trading sessions after the reaction trading day,Nasdaq historical daily OHLC,marketbeat_cached_report_transcript,"es revenue fell 5% YoY, pressured by tougher comparisons from last year’s Vision Pro and Watch Ultra 2 launches. Capital Return program expanded with a new $100 billion share repurchase authorization and a 4% dividend increase to $0.26 per share. June Quarter Outlook projects low- to-mid single-digit revenue growth and a 45.5–46.5% gross margin, including an estimated $0.9 billion tariff headwind. AI Generated. May Contain Errors. Conference Call Audio Live Call not available Earnings Conference Call Apple Q2 2025 00:00 / 00:00 Speed: 1x 1.25x 1.5x 2x Transcript Sections Presentation Participants (adsbygoogle = window.adsbygoogle || []).push({}); setTimeout(function(){var ad_container = document.querySelector('#ad5781517740');if(0 == ad_container.offsetHeight) {ad_container.innerHTML = ' Ad Paradigm Press $30 stock to buy before Starlink goes public (WATCH NOW!) A little-known stock pick with money-doubling potential over the next year is reveale",2025-05-01,,46,47,46,,,,,,,,true,,2025-05-01,-100,-100,through_reaction_trading_date
AAPL,Apple Inc.,CY2025Q2,USD,94036000000,50318000000,43718000000,15516000000,28202000000,28031000000,4597000000,23434000000,1.57,1.57,1.57,1.42,10.56,94036000000,88640000000,6.08754512635379,36269000000,331495000000,265665000000,65830000000,82430000000,27867000000,3462000000,24405000000,3945000000,21075000000,0.4649070568718363,0.2999064188183249,0.24920243311072354,0.25952826577055593,31032000000,-0.013873887100326136,SEC companyfacts,2025-08-01,10-Q,Nasdaq earnings surprise,not supplied by Nasdaq; after-hours convention used,true,AAPL,2025-07-31,after_hours,2025-07-31,207.57,2025-08-01,210.865,202.38,1.587416293298654,-2.5003613238907345,2025-08-08,229.35,10.492845786963436,2025-09-02,229.72,10.671098906393027,after-hours: next trading day open/close vs report-day close,5 trading sessions after the reaction trading day,21 trading sessions after the reaction trading day,Nasdaq historical daily OHLC,,,,,,,,,,,,,,,,,,,,
AAPL,Apple Inc.,CY2025Q3,USD,102466000000,54125000000,48341000000,15914000000,32427000000,32804000000,5338000000,27466000000,,,1.85,1.73,6.94,102466000000,101650000000,0.8027545499262174,35934000000,359241000000,285508000000,73733000000,78328000000,29728000000,3242000000,26486000000,3862000000,20132000000,0.47177600374758455,0.3164659496808698,0.2680498897195167,0.2584857416118517,35554000000,0.08964651835467267,SEC companyfacts,2025-10-31,10-K,Nasdaq earnings surprise,not supplied by Nasdaq; after-hours convention used,true,AAPL,2025-10-30,after_hours,2025-10-30,271.4,2025-10-31,276.99,270.37,2.059690493736195,-0.3795136330139915,2025-11-07,268.47,-1.0795873249815586,2025-12-02,286.19,5.449521002210767,after-hours: next trading day open/close vs report-day close,5 trading sessions after the reaction trading day,21 trading sessions after the reaction trading day,Nasdaq historical daily OHLC,marketbeat_cached_report_transcript,"ted major product and silicon momentum (A19 Pro, M5) and expanded Apple Intelligence with on‑device foundation models and many AI features, plus a planned personalized Siri next year, signaling long‑term product/service upside. Neutral Sentiment: The December outlook targets a company best‑ever quarter (10–12% revenue growth, double‑digit iPhone growth) and gross margin of 47–48%, but Apple is materially increasing R&D/AI spend (OpEx $18.1–18.5B), a mixed near‑term dynamic for margins. AI Generated. May Contain Errors. Conference Call Audio Live Call not available Earnings Conference Call Apple Q4 2025 00:00 / 00:00 Speed: 1x 1.25x 1.5x 2x Transcript Sections Presentation Participants (adsbygoogle = window.adsbygoogle || []).push({}); setTimeout(function(){var ad_container = document.querySelector('#ad5781517740');if(0 == ad_container.offsetHeight) {ad_container.innerHTML = ' Ad Brownstone Research SpaceX eyes a 1.75 trillion valuation - here\'s ",2025-10-30,,47,48,48,,,,,,,,true,,2025-10-30,-100,-100,through_reaction_trading_date
AAPL,Apple Inc.,CY2025Q4,USD,143756000000,74525000000,69231000000,18379000000,50852000000,51002000000,8905000000,42097000000,2.85,2.84,2.84,2.65,7.17,143756000000,138250000000,3.9826401446654613,45317000000,379297000000,291107000000,88190000000,76685000000,53925000000,2373000000,51552000000,3921000000,24701000000,0.4815868555051615,0.35373827875010433,0.292836472912435,0.3586076407245611,54066000000,0.4029629340464154,SEC companyfacts,2026-01-30,10-Q,Nasdaq earnings surprise,not supplied by Nasdaq; after-hours convention used,false,AAPL,2026-01-29,after_hours,2026-01-29,258.28,2026-01-30,255.165,259.48,-1.2060554437044992,0.4646120489391534,2026-02-06,278.12,7.681585875793726,2026-03-03,263.75,2.1178565897475714,after-hours: next trading day open/close vs report-day close,5 trading sessions after the reaction trading day,21 trading sessions after the reaction trading day,Nasdaq historical daily OHLC,,,,,,,,,,,,,,,,,,,,
AAPL,Apple Inc.,CY2026Q1,USD,111184000000,56403000000,54781000000,18896000000,35885000000,35833000000,6255000000,29578000000,2.02,2.01,2.01,1.92,4.69,111184000000,109460000000,1.575004567878677,45572000000,371082000000,264591000000,106491000000,74404000000,,,,,,0.4927057850050367,0.32275327385235286,0.2660274859692042,,,-0.22657836890286318,SEC companyfacts,2026-05-01,10-Q,Nasdaq earnings surprise,not supplied by Nasdaq; after-hours convention used,false,AAPL,2026-04-30,after_hours,2026-04-30,271.35,2026-05-01,278.855,280.14,2.7658006264971418,3.239358761746808,2026-05-08,293.32,8.096554265708484,,,,after-hours: next trading day open/close vs report-day close,5 trading sessions after the reaction trading day,21 trading sessions after the reaction trading day,Nasdaq historical daily OHLC,marketbeat_cached_earnings_page,"Apple issued an update on its third quarter 2026 earnings guidance on Friday, May, 1st. The company issued revenue guidance of $107.2 billion-$110.0 billion, compared to the consensus revenue estimate of $102.8 billion.",2026-05-01,CY2026Q3,107200000000,110000000000,108600000000,102800000000,5.64,,,,,,true,,,-2.32,-100,through_reaction_trading_date
NVDA,NVIDIA CORP,CY2025Q1,USD,44062000000,17394000000,26668000000,5030000000,21638000000,21910000000,3135000000,18775000000,0.77,0.76,,,,44062000000,43090000000,2.255743792063124,15234000000,125254000000,41411000000,83843000000,8464000000,27414000000,1227000000,26187000000,244000000,14095000000,0.6052380736235304,0.49108074985248057,0.4261041260042667,0.5943216376923426,22249000000,,SEC companyfacts,2025-05-28,10-Q,SEC companyfacts filing date fallback,SEC filing date fallback; exact earnings-release timing unavailable,true,NVDA,2025-05-28,after_hours,2025-05-28,134.81,2025-05-29,142.245,139.19,5.515169497811737,3.2490171352273536,2025-06-05,139.99,3.8424449224835002,2025-06-30,157.99,17.194570135746613,after-hours: next trading day open/close vs report-day close,5 trading sessions after the reaction trading day,21 trading sessions after the reaction trading day,Nasdaq historical daily OHLC,,,,,,,,,,,,,,,,,,,,
NVDA,NVIDIA CORP,CY2025Q2,USD,46743000000,12890000000,33853000000,5413000000,28440000000,31206000000,4784000000,26422000000,1.08,1.08,0.77,0.8,-3.75,46743000000,43090000000,8.477605012763982,11639000000,140740000000,40609000000,100131000000,8466000000,,,,244000000,,0.724236784117408,0.6084333483088377,0.5652611086151937,,,0.060846080522899554,SEC companyfacts,2025-08-27,10-Q,Nasdaq earnings surprise,not supplied by Nasdaq; after-hours convention used,false,NVDA,2025-05-28,after_hours,2025-05-28,134.81,2025-05-29,142.245,139.19,5.515169497811737,3.2490171352273536,2025-06-05,139.99,3.8424449224835002,2025-06-30,157.99,17.194570135746613,after-hours: next trading day open/close vs report-day close,5 trading sessions after the reaction trading day,21 trading sessions after the reaction trading day,Nasdaq historical daily OHLC,,,,,,,,,,,,,,,,,,,,
NVDA,NVIDIA CORP,CY2025Q3,USD,57006000000,15157000000,41849000000,5839000000,36010000000,37936000000,6026000000,31910000000,1.31,1.3,0.99,0.94,5.32,57006000000,45650000000,24.87623220153341,11486000000,161148000000,42251000000,118897000000,7468000000,,,,,,0.7341157071185489,0.6316878925025436,0.5597656387046978,,,0.2195622874013221,SEC companyfacts,2025-11-19,10-Q,Nasdaq earnings surprise,not supplied by Nasdaq; after-hours convention used,false,NVDA,2025-08-27,after_hours,2025-08-27,181.6,2025-08-28,180.82,180.17,-0.4295154185022033,-0.7874449339207087,2025-09-05,167.02,-8.028634361233472,2025-09-29,181.85,0.13766519823788548,after-hours: next trading day open/close vs report-day close,5 trading sessions after the reaction trading day,21 trading sessions after the reaction trading day,Nasdaq historical daily OHLC,marketbeat_cached_report_transcript,"text:'',url:'https://www.marketbeat.com/earnings/reports/2025-8-27-nvidia-co-stock/'}; Link copied to clipboard. Key Takeaways Positive Sentiment: NVIDIA reported record Q2 revenue of $46.7 billion with data center revenue up 56% year-over-year, exceeding its outlook across all market platforms. Positive Sentiment: The Blackwell GB200 platform grew sequentially by 17% and NVLink 72 systems are widely adopted by major CSPs, while GB300 production ramped to ~1,000 racks per week. Positive Sentiment: NVIDIA expects Q3 revenue of $54 billion ±2% —over $7 billion above Q2—with non-GAAP gross margin around 73.5% and operating expenses reflecting continued investment. Negative Sentiment: Geopolitical uncertainty in China has delayed H200 shipments, Q3 guidance excludes any China revenue, and only $2–5 billion may ship if export licenses are approved. Positive Sentiment: NVIDIA forecasts a $3–4 trillion AI infrastructure market by decade-end, positioning",2025-08-27,,2000000000,5000000000,3500000000,,,,,,,,true,,2025-08-27,-93.86,-100,through_reaction_trading_date
NVDA,NVIDIA CORP,CY2025Q4,USD,68127000000,17034000000,51093000000,6794000000,44299000000,50398000000,7438000000,42960000000,,,1.24,1.18,5.08,68127000000,54660000000,24.637760702524698,10605000000,206803000000,49510000000,157293000000,7469000000,,,,,,0.7499669734466511,0.6502414608011508,0.630586991941521,,,0.1950847279233765,SEC companyfacts,2026-02-25,10-K,Nasdaq earnings surprise,not supplied by Nasdaq; after-hours convention used,true,NVDA,2025-11-19,after_hours,2025-11-19,186.52,2025-11-20,195.95,180.64,5.055758095646567,-3.1524769461720052,2025-11-28,177,-5.104010293802278,2025-12-22,183.69,-1.5172635642290437,after-hours: next trading day open/close vs report-day close,5 trading sessions after the reaction trading day,21 trading sessions after the reaction trading day,Nasdaq historical daily OHLC,,,,,,,,,,,,,,,,,,,,
NVDA,NVIDIA CORP,CY2026Q1,,,,,,,,,,,,1.57,1.45,8.28,68130000000,65560000000,3.920073215375229,,,,,,,,,,,,,,,,,SEC companyfacts,,,Nasdaq earnings surprise,not supplied by Nasdaq; after-hours convention used,true,NVDA,2026-02-25,after_hours,2026-02-25,195.56,2026-02-26,194.27,184.89,-0.659644098997746,-5.456125997136437,2026-03-05,183.34,-6.248721619963183,2026-03-27,167.52,-14.338310492943338,after-hours: next trading day open/close vs report-day close,5 trading sessions after the reaction trading day,21 trading sessions after the reaction trading day,Nasdaq historical daily OHLC,marketbeat_cached_report_transcript,"total shareholder returns superior to the market or our peer group. Importantly, we will continue to run a strategic and disciplined process as it relates to our investments, and we remain committed to returning capital to our shareholders. Let me turn to the outlook for the first quarter. Starting this quarter, we will be including stock-based compensation expense in our non-GAAP results. Stock-based compensation is a foundational component of our compensation program to attract and retain world-class talent. Let me first start with revenue. Total revenue is expected to be $78 billion, Â±2%. Colette Kress EVP and CFO at NVIDIA 00:18:46 We expect most of our growth to be driven by data center. Consistent with last quarter, we are not assuming any data center compute revenue from China in our outlook. GAAP and non-GAAP gross margins are expected to be 74.9% and 75% respectively, Â±50 basis points. For the full-year, we continue to see gross margin",2026-02-25,,76000000000,80000000000,78000000000,,,,,,,,true,,2026-02-25,,-100,through_reaction_trading_date
GOOGL,Alphabet Inc.,CY2025Q1,USD,90234000000,36361000000,53873000000,59628000000,30606000000,41789000000,7249000000,34540000000,2.84,2.81,,,,90234000000,89300000000,1.045912653975364,23264000000,475374000000,130107000000,345267000000,10886000000,36150000000,17197000000,18953000000,2434000000,15068000000,0.5970365937451515,0.3391847862224882,0.38278254316554733,0.2100427776669548,,,SEC companyfacts,2025-04-25,10-Q,SEC companyfacts filing date fallback,SEC filing date fallback; exact earnings-release timing unavailable,false,GOOGL,2025-04-25,after_hours,2025-04-25,161.96,2025-04-28,162.425,160.61,0.2871079278834301,-0.8335391454680133,2025-05-05,164.21,1.3892319091133614,2025-05-28,172.36,6.421338602123984,after-hours: next trading day open/close vs report-day close,5 trading sessions after the reaction trading day,21 trading sessions after the reaction trading day,Nasdaq historical daily OHLC,,,,,,,,,,,,,,,,,,,,
GOOGL,Alphabet Inc.,CY2025Q2,USD,96428000000,39039000000,57389000000,65157000000,31271000000,33933000000,5737000000,28196000000,2.33,2.31,2.31,2.15,7.44,96428000000,93600000000,3.0213675213675217,21036000000,502053000000,139137000000,362916000000,23607000000,,,,,,0.5951487119923674,0.3242937735927324,0.2924046957315303,,,0.06864374847618414,SEC companyfacts,2025-07-24,10-Q,Nasdaq earnings surprise,not supplied by Nasdaq; after-hours convention used,false,GOOGL,2025-07-23,after_hours,2025-07-23,190.23,2025-07-24,197.03,192.17,3.574620196604117,1.0198181149135246,2025-07-31,191.9,0.8778846659307239,2025-08-22,206.09,8.337275929138418,after-hours: next trading day open/close vs report-day close,5 trading sessions after the reaction trading day,21 trading sessions after the reaction trading day,Nasdaq historical daily OHLC,,,,,,,,,,,,,,,,,,,,
GOOGL,Alphabet Inc.,CY2025Q3,USD,102346000000,41369000000,60977000000,71118000000,31228000000,43987000000,9008000000,34979000000,2.89,2.87,2.87,2.26,26.99,102346000000,99900000000,2.4484484484484486,23090000000,536469000000,149602000000,386867000000,21607000000,48414000000,23953000000,24461000000,2536000000,11504000000,0.5957927031833193,0.30512184159615424,0.34177202821800556,0.2390029898579329,,0.061372215539055044,SEC companyfacts,2025-10-30,10-Q,Nasdaq earnings surprise,not supplied by Nasdaq; after-hours convention used,true,GOOGL,2025-10-29,after_hours,2025-10-29,274.57,2025-10-30,291.59,281.48,6.198783552463846,2.5166624175984356,2025-11-06,284.75,3.7076155443056438,2025-12-01,314.89,14.684779837564188,after-hours: next trading day open/close vs report-day close,5 trading sessions after the reaction trading day,21 trading sessions after the reaction trading day,Nasdaq historical daily OHLC,,,,,,,,,,,,,,,,,,,,
GOOGL,Alphabet Inc.,CY2025Q4,USD,113828000000,45766000000,68062000000,77894000000,35934000000,39117000000,4662000000,34455000000,,,2.82,2.57,9.73,113828000000,111240000000,2.3265012585400933,30708000000,595281000000,180016000000,415265000000,46547000000,52402000000,27851000000,24551000000,2536000000,5499000000,0.5979372386407562,0.315686825737077,0.30269353761816076,0.2156850687001441,,0.11218806792644559,SEC companyfacts,2026-02-05,10-K,Nasdaq earnings surprise,not supplied by Nasdaq; after-hours convention used,true,GOOGL,2026-02-04,after_hours,2026-02-04,333.04,2026-02-05,312.22,331.25,-6.251501321162621,-0.5374729762190789,2026-02-12,309,-7.21835214989191,2026-03-09,306.36,-8.011049723756908,after-hours: next trading day open/close vs report-day close,5 trading sessions after the reaction trading day,21 trading sessions after the reaction trading day,Nasdaq historical daily OHLC,,,,,,,,,,,,,,,,,,,,
GOOGL,Alphabet Inc.,CY2026Q1,USD,109896000000,41271000000,68625000000,70200000000,39696000000,77412000000,14834000000,62578000000,5.17,5.11,5.11,2.64,93.56,109896000000,106980000000,2.7257431295569265,38063000000,703919000000,225173000000,478746000000,77501000000,45790000000,35674000000,10116000000,2542000000,0,0.6244540292640315,0.36121423891679405,0.5694292785906675,0.09205066608429788,,-0.03454334610113505,SEC companyfacts,2026-04-30,10-Q,Nasdaq earnings surprise,not supplied by Nasdaq; after-hours convention used,false,GOOGL,2026-04-29,after_hours,2026-04-29,349.94,2026-04-30,374.07,384.8,6.895467794479053,9.96170772132366,2026-05-07,397.99,13.730925301480257,,,,after-hours: next trading day open/close vs report-day close,5 trading sessions after the reaction trading day,21 trading sessions after the reaction trading day,Nasdaq historical daily OHLC,,,,,,,,,,,,,,,,,,,,
AMZN,AMAZON COM INC,CY2025Q1,USD,155667000000,76976000000,78691000000,137262000000,18405000000,21679000000,4553000000,17127000000,1.62,1.59,,,,155667000000,154960000000,0.45624677336086733,66207000000,643256000000,,305867000000,53374000000,17015000000,25019000000,-8004000000,,,0.5055085535148747,0.11823315153500742,0.1100233190078822,-0.05141744878490624,32667000000,,SEC companyfacts,2026-04-30,10-Q,,Report date inferred from MarketBeat earnings history revenue match; after-hours convention used,false,AMZN,2025-05-01,after_hours,2025-05-01,190.2,2025-05-02,191.435,189.98,0.6493165089379672,-0.1156677181913769,2025-05-09,193.06,1.5036803364879148,2025-06-03,205.71,8.154574132492124,after-hours: next trading day open/close vs report-day close,5 trading sessions after the reaction trading day,21 trading sessions after the reaction trading day,Nasdaq historical daily OHLC,,,,,,,,,,,,,,,,,,,,
AMZN,AMAZON COM INC,CY2025Q2,USD,167702000000,80809000000,86893000000,148531000000,19171000000,20857000000,2678000000,18164000000,1.71,1.68,1.68,1.33,26.32,167702000000,161800000000,3.647713226205192,57741000000,682170000000,,333775000000,50718000000,32515000000,32183000000,332000000,,,0.5181393185531479,0.11431586981669867,0.10831117100571251,0.0019797020906131115,34398000000,0.0773124682816525,SEC companyfacts,2025-08-01,10-Q,Nasdaq earnings surprise,not supplied by Nasdaq; after-hours convention used,false,AMZN,2025-07-31,after_hours,2025-07-31,234.11,2025-08-01,217.21,214.75,-7.218828755713129,-8.269616846781433,2025-08-08,222.69,-4.878048780487811,2025-09-02,225.34,-3.7461022596215496,after-hours: next trading day open/close vs report-day close,5 trading sessions after the reaction trading day,21 trading sessions after the reaction trading day,Nasdaq historical daily OHLC,,,,,,,,,,,,,,,,,,,,
AMZN,AMAZON COM INC,CY2025Q3,USD,180169000000,88670000000,91499000000,162747000000,17422000000,28170000000,6910000000,21187000000,1.98,1.95,1.95,1.58,23.42,180169000000,177530000000,1.4865093223680503,66922000000,727921000000,,369631000000,50742000000,35525000000,35095000000,430000000,,,0.5078509621522015,0.09669810011711227,0.11759514677885763,0.0023866480915140783,34218000000,0.07434019868576404,SEC companyfacts,2025-10-31,10-Q,Nasdaq earnings surprise,not supplied by Nasdaq; after-hours convention used,true,AMZN,2025-10-30,after_hours,2025-10-30,222.86,2025-10-31,250.1,244.22,12.222920218971542,9.58449250650632,2025-11-07,244.41,9.669747823745842,2025-12-02,234.42,5.1871129857309395,after-hours: next trading day open/close vs report-day close,5 trading sessions after the reaction trading day,21 trading sessions after the reaction trading day,Nasdaq historical daily OHLC,,,,,,,,,,,,,,,,,,,,
AMZN,AMAZON COM INC,CY2025Q4,USD,213386000000,109959000000,103427000000,188409000000,24977000000,26605000000,4946000000,21192000000,,,1.95,1.98,-1.52,213386000000,211020000000,1.1212207373708654,86810000000,818042000000,,411065000000,65648000000,54459000000,39522000000,14937000000,,,0.48469440356911886,0.11705079058607407,0.0993129821075422,0.06999990627313882,44448000000,0.18436578989726313,SEC companyfacts,2026-02-06,10-K,Nasdaq earnings surprise,not supplied by Nasdaq; after-hours convention used,true,AMZN,2026-02-05,after_hours,2026-02-05,222.69,2026-02-06,202.7,210.32,-8.976604248057843,-5.5548071309892695,2026-02-13,198.79,-10.732408280569404,2026-03-10,214.33,-3.75409762450042,after-hours: next trading day open/close vs report-day close,5 trading sessions after the reaction trading day,21 trading sessions after the reaction trading day,Nasdaq historical daily OHLC,,,,,,,,,,,,,,,,,,,,
AMZN,AMAZON COM INC,CY2026Q1,USD,181519000000,87463000000,94056000000,157667000000,23852000000,39834000000,9560000000,30255000000,2.82,2.78,1.56,1.6,-2.5,181519000000,177280000000,2.391132671480144,101816000000,916630000000,,441914000000,119074000000,26032000000,44203000000,-18171000000,,,0.5181606333221316,0.13140222235688825,0.16667676661947234,-0.10010522314468458,42797000000,-0.14933969426297883,SEC companyfacts,2026-04-30,10-Q,Nasdaq earnings surprise,not supplied by Nasdaq; after-hours convention used,false,AMZN,2026-04-29,after_hours,2026-04-29,263.04,2026-04-30,273.17,265.06,3.8511253041362514,0.7679440389294334,2026-05-07,271.17,3.0907846715328446,,,,after-hours: next trading day open/close vs report-day close,5 trading sessions after the reaction trading day,21 trading sessions after the reaction trading day,Nasdaq historical daily OHLC,marketbeat_cached_earnings_page,"Amazon.com updated its second quarter 2026 earnings guidance on Wednesday, April, 29th. The company issued revenue guidance of $194.0 billion-$199.0 billion, compared to the consensus revenue estimate of $188.7 billion.",2026-04-29,CY2026Q2,194000000000,199000000000,196500000000,188700000000,4.13,,,,,,true,,,8.25,-100,through_reaction_trading_date
META,"Meta Platforms, Inc.",CY2025Q1,USD,42314000000,7572000000,34742000000,24759000000,17555000000,18382000000,1738000000,16644000000,6.59,6.43,,,,42314000000,41450000000,2.0844390832328106,28750000000,280213000000,95184000000,185029000000,28829000000,24026000000,12941000000,11085000000,1329000000,12754000000,0.8210521340454696,0.414874509618566,0.39334499220116276,0.2619700335586331,21455000000,,SEC companyfacts,2026-04-30,10-Q,,Report date inferred from MarketBeat earnings history revenue match; after-hours convention used,false,META,2025-04-30,after_hours,2025-04-30,549,2025-05-01,592.075,572.21,7.846083788706748,4.227686703096546,2025-05-08,598.01,8.927140255009105,2025-06-02,670.9,22.204007285974495,after-hours: next trading day open/close vs report-day close,5 trading sessions after the reaction trading day,21 trading sessions after the reaction trading day,Nasdaq historical daily OHLC,,,,,,,,,,,,,,,,,,,,
META,"Meta Platforms, Inc.",CY2025Q2,USD,47516000000,8491000000,39025000000,27075000000,20441000000,20534000000,2197000000,18337000000,7.28,7.14,7.14,5.83,22.47,47516000000,44550000000,6.657687991021325,12005000000,294744000000,99674000000,195070000000,28832000000,,,,1327000000,,0.821302298173247,0.43019193534809325,0.38591211381429413,,,0.1229380346930094,SEC companyfacts,2025-07-31,10-Q,Nasdaq earnings surprise,not supplied by Nasdaq; after-hours convention used,false,META,2025-07-30,after_hours,2025-07-30,695.21,2025-07-31,775.2,773.44,11.505875922383165,11.252715006976311,2025-08-07,761.83,9.582716013866314,2025-08-29,738.7,6.255663756275083,after-hours: next trading day open/close vs report-day close,5 trading sessions after the reaction trading day,21 trading sessions after the reaction trading day,Nasdaq historical daily OHLC,marketbeat_cached_report_transcript," at Meta 00:25:38 We also expect that developing leading AI infrastructure will be a core advantage in developing the best AI models and product experiences. We expect to ramp our investments significantly in 2026 to support that work. Moving to our financial outlook, we expect third quarter 2025 total revenue to be in the range of $47.5 billion-$50.5 billion. Our guidance assumes foreign currency is an approximately 1% tailwind to year-over-year total revenue growth based on current exchange rates. While we are not providing an outlook for fourth quarter revenue, we would expect our year-over-year growth rate in the fourth quarter of 2025 to be slower than the third quarter as we lap a period of stronger growth in the fourth quarter of 2024. Susan Li CFO at Meta 00:26:31 Turning now to the expense outlook, we expect full year 2025 total expenses to be in the range of $114 billion-$118 billion, narrowed from our prior outlook of $113 billion-$118",2025-07-30,CY2025Q3,47500000000,50500000000,49000000000,,,,,,,,true,,2025-07-30,3.12,-100,through_reaction_trading_date
META,"Meta Platforms, Inc.",CY2025Q3,USD,51242000000,9206000000,42036000000,30707000000,20535000000,21663000000,18954000000,2709000000,1.08,1.05,7.25,6.61,9.68,51242000000,49340000000,3.854884475070936,10187000000,303844000000,109778000000,194066000000,28834000000,29999000000,18829000000,11170000000,1330000000,3327000000,0.820342687639046,0.4007454822216151,0.05286678896217946,0.21798524647749892,25498000000,0.07841569155652833,SEC companyfacts,2025-10-30,10-Q,Nasdaq earnings surprise,not supplied by Nasdaq; after-hours convention used,true,META,2025-10-29,after_hours,2025-10-29,751.67,2025-10-30,669.15,666.47,-10.978221826067289,-11.334761264916777,2025-11-06,618.94,-17.658014820333378,2025-12-01,640.87,-14.740511128553749,after-hours: next trading day open/close vs report-day close,5 trading sessions after the reaction trading day,21 trading sessions after the reaction trading day,Nasdaq historical daily OHLC,marketbeat_cached_report_transcript,"e Sentiment: Wearables momentum: Reality Labs revenue was up 74% YoY in Q3 driven by headset stocking and strong sales of AI-enabled glasses (Ray‑Ban Meta display glasses sold out in most stores), prompting plans to increase manufacturing. Negative Sentiment: Guidance and risks: Q4 revenue guidance is $56–59 billion , but management warns 2026 will require materially higher CapEx/expenses for compute and flags regulatory and legal risks in the EU and U.S. that could significantly affect revenue. AI Generated. May Contain Errors. Conference Call Audio Live Call not available Earnings Conference Call Meta Platforms Q3 2025 00:00 / 00:00 Speed: 1x 1.25x 1.5x 2x Transcript Sections Presentation Participants (adsbygoogle = window.adsbygoogle || []).push({}); setTimeout(function(){var ad_container = document.querySelector('#ad5781517740');if(0 == ad_container.offsetHeight) {ad_container.innerHTML = ' Ad Weiss Ratings Before you buy SpaceX shares, consi",2025-10-29,,56000000000,59000000000,57500000000,,,,,,,,true,,2025-10-29,12.21,-100,through_reaction_trading_date
META,"Meta Platforms, Inc.",CY2025Q4,USD,59894000000,10906000000,48988000000,35149000000,24745000000,25353000000,2585000000,22768000000,,,8.88,8.21,8.16,59894000000,58330000000,2.681296074061375,35873000000,366021000000,148778000000,217243000000,58744000000,36214000000,21383000000,14831000000,1338000000,0,0.8179116439042308,0.41314655892076,0.38013824423147563,0.24762079674090895,30156000000,0.16884586862339487,SEC companyfacts,2026-01-29,10-K,Nasdaq earnings surprise,not supplied by Nasdaq; after-hours convention used,true,META,2026-01-28,after_hours,2026-01-28,668.73,2026-01-29,737.43,738.31,10.273204432282077,10.404797152812035,2026-02-05,670.21,0.22131502998220778,2026-03-02,653.56,-2.268479057317613,after-hours: next trading day open/close vs report-day close,5 trading sessions after the reaction trading day,21 trading sessions after the reaction trading day,Nasdaq historical daily OHLC,marketbeat_cached_report_transcript," for opportunities to periodically supplement our strong operating cash flow with prudent amounts of cost-efficient external financing, which may lead us to eventually maintain a positive net debt balance. Susan Li CFO at Meta 00:24:43 Moving to our financial outlook, we expect our first quarter 2026 total revenue to be in the range of $53.5 billion-$56.5 billion. Our guidance assumes foreign currency is an approximately 4% tailwind to year-over-year total revenue growth based on current exchange rates. Turning to the expense and CapEx outlooks, we expect full year 2026 total expenses to be in the range of $162 billion-$169 billion. The majority of expense growth will be driven by infrastructure costs, which includes third-party cloud spend, higher depreciation, and higher infrastructure operating expenses. The second-largest contributor to total expense growth is employee compensation, driven by investments in technical talent. This includes 202",2026-01-28,CY2026Q1,53500000000,56500000000,55000000000,,,,,,,,true,,2026-01-28,-8.17,-100,through_reaction_trading_date
META,"Meta Platforms, Inc.",CY2026Q1,USD,56311000000,10218000000,46093000000,33439000000,22872000000,21752000000,-5021000000,26773000000,10.57,10.44,7.31,6.71,8.94,56311000000,55560000000,1.3516918646508278,23426000000,395250000000,151569000000,243681000000,58748000000,32226000000,18997000000,13229000000,1346000000,0,0.8185434462183232,0.40617286143027115,0.47544884658414877,0.23492745644723056,28871000000,-0.0598223528233212,SEC companyfacts,2026-04-30,10-Q,Nasdaq earnings surprise,not supplied by Nasdaq; after-hours convention used,false,META,2026-04-29,after_hours,2026-04-29,669.12,2026-04-30,619.32,611.91,-7.442611190817784,-8.550035868005743,2026-05-07,616.81,-7.81773075083693,,,,after-hours: next trading day open/close vs report-day close,5 trading sessions after the reaction trading day,21 trading sessions after the reaction trading day,Nasdaq historical daily OHLC,marketbeat_cached_earnings_page,"Meta Platforms issued an update on its second quarter 2026 earnings guidance on Wednesday, April, 29th. The company issued revenue guidance of $58.0 billion-$61.0 billion, compared to the consensus revenue estimate of $59.6 billion.",2026-04-29,CY2026Q2,58000000000,61000000000,59500000000,59600000000,-0.17,,,,,,true,,,5.66,-100,through_reaction_trading_date
AVGO,Broadcom Inc.,CY2025Q1,USD,15004000000,4807000000,10197000000,4368000000,5829000000,5085000000,120000000,4965000000,1.05,1.03,,,,15004000000,14980000000,0.16021361815754337,9472000000,164630000000,95044000000,69586000000,69407000000,6113000000,100000000,6013000000,2774000000,2450000000,0.6796187683284457,0.3884964009597441,0.33091175686483604,0.4007597973873634,,,SEC companyfacts,2025-06-11,10-Q,SEC companyfacts filing date fallback,SEC filing date fallback; exact earnings-release timing unavailable,false,AVGO,2025-06-11,after_hours,2025-06-11,252.91,2025-06-12,250.185,256.07,-1.0774583844055174,1.2494563283381426,2025-06-20,249.99,-1.1545609109960016,2025-07-15,280.94,11.082993950417146,after-hours: next trading day open/close vs report-day close,5 trading sessions after the reaction trading day,21 trading sessions after the reaction trading day,Nasdaq historical daily OHLC,,,,,,,,,,,,,,,,,,,,
AVGO,Broadcom Inc.,CY2025Q2,USD,15952000000,5249000000,10703000000,4816000000,5887000000,5285000000,1145000000,4140000000,0.88,0.85,1.33,1.35,-1.48,15952000000,14980000000,6.488651535380507,10718000000,165621000000,92344000000,73277000000,66257000000,,,,2786000000,2450000000,0.6709503510531595,0.3690446339017051,0.25952858575727183,,,0.06318315115969075,SEC companyfacts,2025-09-10,10-Q,Nasdaq earnings surprise,not supplied by Nasdaq; after-hours convention used,false,AVGO,2025-06-05,after_hours,2025-06-05,259.93,2025-06-06,251.14,246.93,-3.3816796829915825,-5.001346516369791,2025-06-13,248.7,-4.320393952217912,2025-07-09,277.9,6.913399761474231,after-hours: next trading day open/close vs report-day close,5 trading sessions after the reaction trading day,21 trading sessions after the reaction trading day,Nasdaq historical daily OHLC,,,,,,,,,,,,,,,,,,,,
AVGO,Broadcom Inc.,CY2025Q3,USD,15952000000,5249000000,10703000000,4816000000,5887000000,5285000000,1145000000,,0.88,0.85,1.26,1.35,-6.67,15952000000,15820000000,0.8343868520859671,16178000000,171092000000,89800000000,81292000000,67120000000,7166000000,142000000,7024000000,2786000000,,0.6709503510531595,0.3690446339017051,,0.440320962888666,,0,SEC companyfacts,2025-09-10,10-Q,Nasdaq earnings surprise,not supplied by Nasdaq; after-hours convention used,true,AVGO,2025-09-04,after_hours,2025-09-04,306.1,2025-09-05,355.78,334.89,16.229990199281264,9.40542306435804,2025-09-12,359.87,17.56615485135576,2025-10-06,335.49,9.601437438745503,after-hours: next trading day open/close vs report-day close,5 trading sessions after the reaction trading day,21 trading sessions after the reaction trading day,Nasdaq historical daily OHLC,,,,,,,,,,,,,,,,,,,,
AVGO,Broadcom Inc.,CY2025Q4,USD,19311000000,6154000000,13157000000,4594000000,8563000000,8195000000,846000000,7349000000,1.55,1.5,1.61,1.49,8.05,19311000000,17460000000,10.601374570446735,14174000000,169903000000,90031000000,79872000000,67970000000,8260000000,250000000,8010000000,3086000000,7850000000,0.681321526591062,0.44342602661695407,0.3805603024183108,0.41478949821345346,,0.2105692076228686,SEC companyfacts,2026-03-11,10-Q,Nasdaq earnings surprise,not supplied by Nasdaq; after-hours convention used,true,AVGO,2025-12-11,after_hours,2025-12-11,406.37,2025-12-12,379.96,359.93,-6.499003371311865,-11.428008957354134,2025-12-19,340.36,-16.24381721091616,2026-01-14,339.89,-16.359475354972076,after-hours: next trading day open/close vs report-day close,5 trading sessions after the reaction trading day,21 trading sessions after the reaction trading day,Nasdaq historical daily OHLC,,,,,,,,,,,,,,,,,,,,
AVGO,Broadcom Inc.,CY2026Q1,,,,,,,,,,,,1.76,1.67,5.39,19310000000,19100000000,1.0994764397905759,,,,,,,,,,,,,,,,,SEC companyfacts,,,Nasdaq earnings surprise,not supplied by Nasdaq; after-hours convention used,false,AVGO,2026-03-04,after_hours,2026-03-04,317.53,2026-03-05,330.175,332.77,3.9823008849557646,4.799546499543354,2026-03-12,335.97,5.807325292098402,2026-04-06,314.43,-0.9762857052876788,after-hours: next trading day open/close vs report-day close,5 trading sessions after the reaction trading day,21 trading sessions after the reaction trading day,Nasdaq historical daily OHLC,marketbeat_cached_earnings_page,"Broadcom issued an update on its second quarter 2026 earnings guidance on Wednesday, March, 4th. The company issued revenue guidance of $22.0 billion-$22.0 billion, compared to the consensus revenue estimate of $20.4 billion.",2026-03-04,CY2026Q2,22000000000,22000000000,22000000000,20400000000,7.84,,,,,,true,,,,-100,through_reaction_trading_date
ORCL,ORACLE CORP,CY2025Q1,USD,14130000000,,,9772000000,4358000000,,512000000,2936000000,1.05,1.02,,,,14130000000,14400000000,-1.875,17406000000,161378000000,,16730000000,,5933000000,5862000000,71000000,1119000000,150000000,,0.30842179759377214,0.20778485491861287,0.0050247699929228595,,,SEC companyfacts,2026-03-11,10-Q,,Report date inferred from MarketBeat earnings history revenue match; after-hours convention used,true,ORCL,2025-03-10,after_hours,,,,,,,,,,,,,,,,,,,,,,,,,,,,,,,,,,,,,
ORCL,ORACLE CORP,CY2025Q2,USD,15903000000,,,10794000000,5109000000,,726000000,3427000000,,,1.35,1.3,3.85,15903000000,15580000000,2.073170731707317,10786000000,168361000000,,20451000000,92568000000,6157000000,9080000000,-2923000000,1403000000,150000000,,0.32126013959630256,0.21549393196252278,-0.18380179840281707,,0.12547770700636943,SEC companyfacts,2025-06-18,10-K,Nasdaq earnings surprise,not supplied by Nasdaq; after-hours convention used,true,ORCL,2025-06-11,after_hours,2025-06-11,176.38,2025-06-12,189.96,199.86,7.699285633291764,13.31216691234835,2025-06-20,205.17,16.3227123256605,2025-07-15,234.96,33.21238235627623,after-hours: next trading day open/close vs report-day close,5 trading sessions after the reaction trading day,21 trading sessions after the reaction trading day,Nasdaq historical daily OHLC,,,,,,,,,,,,,,,,,,,,
ORCL,ORACLE CORP,CY2025Q3,USD,14926000000,,,10649000000,4277000000,,500000000,2927000000,1.04,1.01,1.2,1.15,4.35,14926000000,15040000000,-0.7579787234042553,10445000000,180449000000,,24154000000,,8140000000,8502000000,-362000000,1413000000,95000000,,0.28654696502746885,0.19610076376792174,-0.02425298137478226,,-0.06143494938062001,SEC companyfacts,2025-09-10,10-Q,Nasdaq earnings surprise,not supplied by Nasdaq; after-hours convention used,false,ORCL,2025-09-09,after_hours,2025-09-09,241.51,2025-09-10,319.19,328.33,32.16429961492278,35.948821994948446,2025-09-17,301.41,24.802285619643094,2025-10-09,296.96,22.959711813175435,after-hours: next trading day open/close vs report-day close,5 trading sessions after the reaction trading day,21 trading sessions after the reaction trading day,Nasdaq historical daily OHLC,,,,,,,,,,,,,,,,,,,,
ORCL,ORACLE CORP,CY2025Q4,USD,16058000000,,,11327000000,4731000000,,207000000,6135000000,2.14,2.1,1.95,1.29,51.16,16058000000,16190000000,-0.8153180975911056,19241000000,204984000000,,29951000000,,,,,,,,0.29461950429692363,0.3820525594719143,,,0.0758408146857832,SEC companyfacts,2025-12-11,10-Q,Nasdaq earnings surprise,not supplied by Nasdaq; after-hours convention used,false,ORCL,2025-12-10,after_hours,2025-12-10,223.01,2025-12-11,190.62,198.85,-14.524012376126624,-10.833594906058023,2025-12-18,180.03,-19.272678355230706,2026-01-13,202.29,-9.291063181023272,after-hours: next trading day open/close vs report-day close,5 trading sessions after the reaction trading day,21 trading sessions after the reaction trading day,Nasdaq historical daily OHLC,,,,,,,,,,,,,,,,,,,,
ORCL,ORACLE CORP,CY2026Q1,USD,17190000000,,,11726000000,5464000000,,695000000,3721000000,1.29,1.27,1.43,1.34,6.72,17190000000,16910000000,1.655824955647546,38455000000,245240000000,,38495000000,,,,,,,,0.31785922047702153,0.2164630599185573,,,0.07049445759123178,SEC companyfacts,2026-03-11,10-Q,Nasdaq earnings surprise,not supplied by Nasdaq; after-hours convention used,false,ORCL,2026-03-10,after_hours,2026-03-10,149.4,2026-03-11,166.38,163.12,11.36546184738955,9.183400267737616,2026-03-18,152.9,2.3427041499330654,2026-04-10,138.09,-7.570281124497994,after-hours: next trading day open/close vs report-day close,5 trading sessions after the reaction trading day,21 trading sessions after the reaction trading day,Nasdaq historical daily OHLC,marketbeat_cached_earnings_page,"Oracle issued an update on its fourth quarter 2026 earnings guidance on Tuesday, March, 10th. The company provided EPS guidance of 1.960-2.000 for the period, compared to the consensus earnings per share estimate of 1.780. The company issued revenue guidance of $18.9 billion-$19.2 billion, compared to the consensus revenue estimate of $19.1 billion.",2026-03-10,CY2026Q4,18900000000,19200000000,19050000000,19100000000,-0.26,1.96,2,1.98,,,true,,,10.82,38.46,through_reaction_trading_date
CRM,"Salesforce, Inc.",CY2025Q1,USD,9829000000,2265000000,7564000000,5622000000,1942000000,1974000000,433000000,1541000000,1.61,1.59,,,,9829000000,9740000000,0.9137577002053388,10928000000,98610000000,37944000000,60666000000,8435000000,6476000000,179000000,6297000000,402000000,2633000000,0.7695594668837115,0.19757859395665886,0.1567809543188524,0.6406552039881982,,,SEC companyfacts,2025-05-29,10-Q,SEC companyfacts filing date fallback,SEC filing date fallback; exact earnings-release timing unavailable,true,CRM,2025-05-29,after_hours,2025-05-29,266.92,2025-05-30,268.08,265.37,0.43458714221488387,-0.5806983365802529,2025-06-06,274.51,2.843548628802628,2025-07-01,271.91,1.869473999700288,after-hours: next trading day open/close vs report-day close,5 trading sessions after the reaction trading day,21 trading sessions after the reaction trading day,Nasdaq historical daily OHLC,,,,,,,,,,,,,,,,,,,,
CRM,"Salesforce, Inc.",CY2025Q2,USD,10236000000,2242000000,7994000000,5662000000,2332000000,2406000000,519000000,1887000000,1.97,1.96,1.94,1.87,3.74,10236000000,9740000000,5.092402464065708,10365000000,97573000000,36245000000,61328000000,8436000000,740000000,135000000,605000000,399000000,2225000000,0.780969128565846,0.2278233685033216,0.1843493552168816,0.059105119187182496,,0.041408078136127784,SEC companyfacts,2025-09-04,10-Q,Nasdaq earnings surprise,not supplied by Nasdaq; after-hours convention used,false,CRM,2025-05-28,after_hours,2025-05-28,276.03,2025-05-29,263.59,266.92,-4.506756511973336,-3.3003659022569862,2025-06-05,267.14,-3.2206644205339954,2025-06-30,272.69,-1.210013404340099,after-hours: next trading day open/close vs report-day close,5 trading sessions after the reaction trading day,21 trading sessions after the reaction trading day,Nasdaq historical daily OHLC,,,,,,,,,,,,,,,,,,,,
CRM,"Salesforce, Inc.",CY2025Q3,USD,10259000000,2255000000,8004000000,5816000000,2188000000,2512000000,426000000,2086000000,2.2,2.19,2.27,2.12,7.08,10259000000,10140000000,1.1735700197238659,8978000000,95144000000,35123000000,60021000000,8438000000,2316000000,139000000,2177000000,395000000,3801000000,0.78019300126718,0.21327614777268739,0.20333365825129154,0.21220391851057607,,0.002246971473231731,SEC companyfacts,2025-12-04,10-Q,Nasdaq earnings surprise,not supplied by Nasdaq; after-hours convention used,false,CRM,2025-09-03,after_hours,2025-09-03,256.45,2025-09-04,240.06,244.01,-6.391109378046397,-4.8508481185416255,2025-09-11,246.28,-3.965685318775585,2025-10-03,240.36,-6.274127510235903,after-hours: next trading day open/close vs report-day close,5 trading sessions after the reaction trading day,21 trading sessions after the reaction trading day,Nasdaq historical daily OHLC,marketbeat_cached_report_transcript,"of $29.4 billion (up 11% YoY). Positive Sentiment: The AI & Data Cloud product line grew 120% YoY and AgentForce has secured over 6,000 paid deals with a 60% QoQ increase in pilots moving to production. Positive Sentiment: Salesforce raised its full-year FY26 guidance to $41.1–41.3 billion in revenue (8.5–9% growth), non-GAAP operating margin to 34.1% , and expects nearly $15 billion in operating cash flow. Neutral Sentiment: The company announced strategic expansions including a Slack-first ITSM platform , enhanced public sector offerings with FedRAMP High certification, and the planned acquisitions of Convergence.ai, BlueBird, and Regrelo. Positive Sentiment: Salesforce returned $2.6 billion to shareholders in Q2 and secured a new $20 billion share repurchase authorization , underscoring its disciplined capital allocation strategy. AI Generated. May Contain Errors. Conference Call Audio Live Call not available Earnings Conference Call Salesforc",2025-09-03,,9,9,9,,,,,,,,true,,2025-09-03,-100,-100,through_reaction_trading_date
CRM,"Salesforce, Inc.",CY2025Q4,USD,11201000000,2508000000,8693000000,6824000000,1869000000,2628000000,685000000,1943000000,,,2.66,2.15,23.72,11201000000,10270000000,9.065238558909446,7327000000,112305000000,53163000000,59142000000,10439000000,5464000000,141000000,5323000000,391000000,3937000000,0.7760914204088921,0.16686010177662708,0.1734666547629676,0.4752254263012231,,0.09182181499171459,SEC companyfacts,2026-03-02,10-K,Nasdaq earnings surprise,not supplied by Nasdaq; after-hours convention used,true,CRM,2025-12-03,after_hours,2025-12-03,238.72,2025-12-04,243.685,247.46,2.0798424932975887,3.6611930294906205,2025-12-11,262.35,9.89862600536194,2026-01-06,262.9,10.12902144772117,after-hours: next trading day open/close vs report-day close,5 trading sessions after the reaction trading day,21 trading sessions after the reaction trading day,Nasdaq historical daily OHLC,,,,,,,,,,,,,,,,,,,,
CRM,"Salesforce, Inc.",CY2026Q1,,,,,,,,,,,,2.85,2.14,33.18,11200000000,11180000000,0.17889087656529518,,,,,,,,,,,,,,,,,SEC companyfacts,,,Nasdaq earnings surprise,not supplied by Nasdaq; after-hours convention used,false,CRM,2026-02-25,after_hours,2026-02-25,191.75,2026-02-26,196.76,199.47,2.612777053455015,4.026075619295957,2026-03-05,201.39,5.02737940026075,2026-03-27,179.31,-6.487614080834418,after-hours: next trading day open/close vs report-day close,5 trading sessions after the reaction trading day,21 trading sessions after the reaction trading day,Nasdaq historical daily OHLC,marketbeat_cached_report_transcript,"are. Positive Sentiment: Management highlighted rapid scaling of its AI offerings — Agentforce ARR ~ $800M and Data 360 (incl. Informatica) ARR > $2.9B (200% YoY), with 29,000 Agentforce deals closed and production customers up ~50% in Q4. Positive Sentiment: Guidance and long‑term framework were reaffirmed and tightened — FY27 revenue guidance of $45.8–46.2B (~10–11% growth) and the FY30 revenue target was raised to $63B , with management expecting organic revenue re‑acceleration in H2 FY27. Positive Sentiment: Board approved a larger capital return plan — share repurchase authorization increased to $50 billion , the quarterly dividend was raised 5.8% to $0.44 , and management returned >99% of FY26 free cash flow to shareholders. Negative Sentiment: Management flagged pockets of weakness—notably Marketing, Commerce and Tableau performance, ~8% Q4 revenue attrition, and CRPO organic growth roughly in line with guidance—which could limit near‑term",2026-02-25,,46,46,46,,,,,,,,true,,2026-02-25,,-100,through_reaction_trading_date
NOW,"ServiceNow, Inc.",CY2025Q1,USD,3088000000,651000000,2437000000,1986000000,451000000,555000000,95000000,460000000,0.44,0.44,,,,3088000000,3090000000,-0.06472491909385113,3369000000,20972000000,10833000000,10139000000,,1677000000,205000000,1472000000,,298000000,0.7891839378238342,0.14604922279792745,0.1489637305699482,0.47668393782383417,611000000,,SEC companyfacts,2026-04-23,10-Q,,Report date inferred from MarketBeat earnings history revenue match; after-hours convention used,false,NOW,2025-04-23,after_hours,2025-04-23,162.54,2025-04-24,180.062,187.714,10.780115663836606,15.487879906484562,2025-05-01,191.59,17.87252368647718,2025-05-23,200.874,23.5843484680694,after-hours: next trading day open/close vs report-day close,5 trading sessions after the reaction trading day,21 trading sessions after the reaction trading day,Nasdaq historical daily OHLC,marketbeat_cached_report_transcript,"//www.marketbeat.com/earnings/reports/2025-4-23-servicenow-inc-stock/'}; Link copied to clipboard. Key Takeaways ServiceNow delivered its strongest Q1 ever, with subscription revenue up 20% year-on-year in constant currency and CRPO growth of 22% , both above guidance, while operating margin reached 31% and free cash flow margin hit 48%. AI adoption accelerated as Now Assist Pro Plus deals quadrupled year-over-year with average ACV deal sizes up one-third quarter-over-quarter, and RaptorDB saw net new ACV growth with five deals over $1 million. The public sector business grew over 30% year-on-year in net new ACV, including six new US public sector logos and 11 federal deals above $1 million, and the company crossed 500 customers billing more than $5 million in ACV. For fiscal 2025, ServiceNow raised its subscription revenue guidance midpoint by $5 million to $12.64–12.68 billion (18.5–19% growth), while cautioning it has factored in potential geo",2025-04-23,,5000000,12640000,8820000,,,,,,,,true,,2025-04-23,-99.71,-100,through_reaction_trading_date
NOW,"ServiceNow, Inc.",CY2025Q2,USD,3215000000,724000000,2491000000,2133000000,358000000,471000000,86000000,385000000,1.86,1.84,0.44,0.34,29.41,3215000000,3120000000,3.0448717948717947,3124000000,22051000000,11119000000,10932000000,,,,,,,0.774805598755832,0.11135303265940902,0.11975116640746501,,,0.04112694300518135,SEC companyfacts,2025-07-24,10-Q,Nasdaq earnings surprise,not supplied by Nasdaq; after-hours convention used,false,NOW,2025-07-23,after_hours,2025-07-23,191.286,2025-07-24,206.932,199.236,8.179375385548335,4.156080424077031,2025-07-31,188.624,-1.3916334703010185,2025-08-22,177.35,-7.285426011312906,after-hours: next trading day open/close vs report-day close,5 trading sessions after the reaction trading day,21 trading sessions after the reaction trading day,Nasdaq historical daily OHLC,,,,,,,,,,,,,,,,,,,,
NOW,"ServiceNow, Inc.",CY2025Q3,USD,3407000000,774000000,2633000000,2061000000,572000000,694000000,192000000,502000000,2.42,2.4,0.59,0.47,25.53,3407000000,3350000000,1.7014925373134329,2725000000,21789000000,10488000000,11301000000,,813000000,235000000,578000000,,584000000,0.772820663340182,0.16788963897857354,0.1473437041385383,0.1696507191077194,766000000,0.059720062208398136,SEC companyfacts,2025-10-30,10-Q,Nasdaq earnings surprise,not supplied by Nasdaq; after-hours convention used,true,NOW,2025-10-29,after_hours,2025-10-29,182.34,2025-10-30,185.346,186.936,1.6485686080947681,2.520565975649887,2025-11-06,171.754,-5.805637819458162,2025-12-01,164.414,-9.831084786662288,after-hours: next trading day open/close vs report-day close,5 trading sessions after the reaction trading day,21 trading sessions after the reaction trading day,Nasdaq historical daily OHLC,,,,,,,,,,,,,,,,,,,,
NOW,"ServiceNow, Inc.",CY2025Q4,USD,3568000000,834000000,2734000000,2291000000,443000000,541000000,140000000,401000000,,,0.52,0.48,8.33,3568000000,3530000000,1.076487252124646,3726000000,26038000000,13074000000,12964000000,,2238000000,238000000,2000000000,,597000000,0.7662556053811659,0.1241591928251121,0.11238789237668162,0.5605381165919282,655000000,0.04725565013208101,SEC companyfacts,2026-01-29,10-K,Nasdaq earnings surprise,not supplied by Nasdaq; after-hours convention used,true,NOW,2026-01-28,after_hours,2026-01-28,129.62,2026-01-29,118.53,116.73,-8.555778429254747,-9.944453016509797,2026-02-05,102.63,-20.822403950007722,2026-03-02,109.42,-15.584014812528931,after-hours: next trading day open/close vs report-day close,5 trading sessions after the reaction trading day,21 trading sessions after the reaction trading day,Nasdaq historical daily OHLC,,,,,,,,,,,,,,,,,,,,
NOW,"ServiceNow, Inc.",CY2026Q1,USD,3770000000,940000000,2830000000,2327000000,503000000,673000000,204000000,469000000,0.45,0.45,0.49,0.55,-10.91,3770000000,3750000000,0.5333333333333333,2702000000,24381000000,12653000000,11728000000,,1670000000,141000000,1529000000,,2225000000,0.7506631299734748,0.13342175066312997,0.12440318302387268,0.40557029177718834,761000000,0.05661434977578475,SEC companyfacts,2026-04-23,10-Q,Nasdaq earnings surprise,not supplied by Nasdaq; after-hours convention used,false,NOW,2026-04-22,after_hours,2026-04-22,103.07,2026-04-23,87.25,84.78,-15.348792083050347,-17.745221693994367,2026-04-30,88.31,-14.32036480062093,,,,after-hours: next trading day open/close vs report-day close,5 trading sessions after the reaction trading day,21 trading sessions after the reaction trading day,Nasdaq historical daily OHLC,,,,,,,,,,,,,,,,,,,,
SNOW,Snowflake Inc.,CY2025Q1,USD,1042074000,348786000,693288000,1140545000,-447257000,-424223000,5729000,-430092000,-1.29,-1.29,,,,1042074000,1010000000,3.1756435643564354,2243083000,8157407000,5742553000,2408000000,,228373000,44989000,183384000,,490638000,0.6652963225260394,-0.42919888606759216,-0.4127269272623633,0.17597982484929092,-398453000,,SEC companyfacts,2025-05-30,10-Q,SEC companyfacts filing date fallback,SEC filing date fallback; exact earnings-release timing unavailable,true,SNOW,2025-05-30,after_hours,2025-05-30,205.67,2025-06-02,205.67,210.17,0,2.1879710215393593,2025-06-09,210.85,2.518597753683088,2025-07-02,217.34,5.674138182525413,after-hours: next trading day open/close vs report-day close,5 trading sessions after the reaction trading day,21 trading sessions after the reaction trading day,Nasdaq historical daily OHLC,,,,,,,,,,,,,,,,,,,,
SNOW,Snowflake Inc.,CY2025Q2,USD,1144969000,371815000,773154000,1113430000,-340276000,-297868000,62000,-298017000,-0.89,-0.89,-0.91,-0.59,-54.24,1144969000,1010000000,13.363267326732672,1880720000,8196727000,5817138000,2372648000,,,,,,,0.6752619503235459,-0.29719232573108967,-0.26028390288296016,,,0.09874058848028067,SEC companyfacts,2025-09-05,10-Q,Nasdaq earnings surprise,not supplied by Nasdaq; after-hours convention used,false,SNOW,2025-05-21,after_hours,2025-05-21,179.12,2025-05-22,192,203.18,7.190710138454665,13.4323358642251,2025-05-30,205.67,14.822465386333175,2025-06-24,223.14,24.575703439035273,after-hours: next trading day open/close vs report-day close,5 trading sessions after the reaction trading day,21 trading sessions after the reaction trading day,Nasdaq historical daily OHLC,,,,,,,,,,,,,,,,,,,,
SNOW,Snowflake Inc.,CY2025Q3,USD,1212909000,390873000,822036000,1151509000,-329473000,-287921000,3682000,-293957000,-0.87,-0.87,-0.8,-0.58,-37.93,1212909000,1090000000,11.27605504587156,1941657000,8230191000,6097258000,2132933000,,,,,,,0.6777392203372223,-0.27163868023075105,-0.24235701111954813,,,0.059337851068456876,SEC companyfacts,2025-12-05,10-Q,Nasdaq earnings surprise,not supplied by Nasdaq; after-hours convention used,false,SNOW,2025-08-27,after_hours,2025-08-27,200.39,2025-08-28,222,241,10.783971256050709,20.26548230949649,2025-09-05,225.58,12.57048754927892,2025-09-29,225.25,12.405808673087487,after-hours: next trading day open/close vs report-day close,5 trading sessions after the reaction trading day,21 trading sessions after the reaction trading day,Nasdaq historical daily OHLC,marketbeat_cached_report_transcript,"entiment: Product revenue for Q2 rose 32% year over year to $1.09 billion with a healthy 125% net revenue retention and RPO growth of 33%, driving non-GAAP operating margin to 11%. Positive Sentiment: Snowflake raised its full-year fiscal 2026 product revenue guidance to $4.395 billion (27% growth) and expects Q3 product revenue of $1.125–1.13 billion (25–26% growth) with a 9% non-GAAP operating margin. Positive Sentiment: Q2 saw the launch and public preview of major AI and developer features including Snowflake Intelligence , Cortex AI SQL, Gen2 Warehouse, Snowflake Postgres, OpenFlow, and Snowpark Connect for Apache Spark. Positive Sentiment: AI adoption continues to accelerate as AI influenced 50% of new logo wins, powers 25% of deployed use cases, and sees 6,100+ accounts using Snowflake’s AI weekly, while 40% of customers now share data on the platform and 1,200 accounts use Apache Iceberg. Neutral Sentiment: Snowflake added 533 net new cus",2025-08-27,,1125000000,1130000000,1127500000,,,,,,,,true,,2025-08-27,-7.04,100,through_reaction_trading_date
SNOW,Snowflake Inc.,CY2025Q4,USD,1283994000,426331000,857663000,1175822000,-318159000,-301898000,7652000,-306969000,,,-0.84,-0.58,-44.83,1283994000,1180000000,8.813050847457628,2828163000,9132495000,7208393000,1924102000,,,,,,,0.6679649593378162,-0.24778854106794893,-0.23907354707264988,,,0.05860703482289273,SEC companyfacts,2026-03-20,10-K,Nasdaq earnings surprise,not supplied by Nasdaq; after-hours convention used,true,SNOW,2025-12-03,after_hours,2025-12-03,265,2025-12-04,244,234.77,-7.9245283018867925,-11.407547169811316,2025-12-11,220.51,-16.78867924528302,2026-01-06,234.53,-11.49811320754717,after-hours: next trading day open/close vs report-day close,5 trading sessions after the reaction trading day,21 trading sessions after the reaction trading day,Nasdaq historical daily OHLC,,,,,,,,,,,,,,,,,,,,
SNOW,Snowflake Inc.,CY2026Q1,,,,,,,,,,,,-0.8,-0.65,-23.08,1280000000,1250000000,2.4,,,,,,,,,,,,,,,,,SEC companyfacts,,,Nasdaq earnings surprise,not supplied by Nasdaq; after-hours convention used,true,SNOW,2026-02-25,after_hours,2026-02-25,169.21,2026-02-26,178.44,173.06,5.454760356952892,2.2752792388156697,2026-03-05,177.45,4.869688552685999,2026-03-27,152.8,-9.698008391939009,after-hours: next trading day open/close vs report-day close,5 trading sessions after the reaction trading day,21 trading sessions after the reaction trading day,Nasdaq historical daily OHLC,marketbeat_cached_report_transcript,"AI traction — Snowflake reports > 9,100 accounts using AI, with 2,500+ accounts on Snowflake Intelligence and 4,400+ customers using Cortex Code, which management says is driving faster deployments and higher platform usage. Positive Sentiment: Confident FY27 guide and margin expansion — Q1 product revenue guide of $1.262–$1.267B (27% Y/Y) and FY27 product revenue ~ $5.66B (27% Y/Y); management targets ~ 75% gross margin, 12.5% non‑GAAP operating margin, and 23% adjusted FCF margin (includes Observe acquisition contribution and ~150 bps FCF headwind); company repurchased ~$150M of stock and ended Q with ~$4.8B in liquidity. Negative Sentiment: Consumption risk from AI agents — management acknowledged possible ""sticker shock"" as agents expand consumption and said it will add controls (per‑user/account caps) and pricing options to mitigate unpredictable usage and billing spikes. AI Generated. May Contain Errors. Conference Call Audio Live Call not ",2026-02-25,,1,1,1,,,,,,,,true,,2026-02-25,,100,through_reaction_trading_date
DDOG,"Datadog, Inc.",CY2025Q1,USD,761553000,157628000,603925000,616345000,-12420000,31796000,7154000,24642000,0.07,0.07,,,,761553000,741730000,2.67253582840117,1079854000,6010381000,3093707000,2916674000,,271541000,8748000,262793000,,,0.7930176888542229,-0.01630877955966295,0.03235756408286751,0.34507512937379275,-2320000,,SEC companyfacts,2026-05-07,10-Q,,Report date inferred from MarketBeat earnings history revenue match; after-hours convention used,false,DDOG,2025-05-06,after_hours,2025-05-06,106.06,2025-05-07,105.71,106.02,-0.33000188572506933,-0.037714501225727184,2025-05-14,119.09,12.285498774278711,2025-06-06,122.16,15.180086743352813,after-hours: next trading day open/close vs report-day close,5 trading sessions after the reaction trading day,21 trading sessions after the reaction trading day,Nasdaq historical daily OHLC,,,,,,,,,,,,,,,,,,,,
DDOG,"Datadog, Inc.",CY2025Q2,USD,826760000,165978000,660782000,696282000,-35500000,6088000,3441000,2647000,0.01,0.01,0.06,0.04,50,826760000,791720000,4.425807103521447,489030000,5822415000,2626658000,3195757000,,,,,,,0.7992428274227104,-0.04293870046930185,0.003201654651894141,,-24400000,0.08562371890071997,SEC companyfacts,2025-08-08,10-Q,Nasdaq earnings surprise,not supplied by Nasdaq; after-hours convention used,false,DDOG,2025-08-07,after_hours,2025-08-07,136.38,2025-08-08,136.59,130.91,0.15398152221733977,-4.010852031089602,2025-08-15,127.25,-6.694529989734561,2025-09-09,140.46,2.9916410030796396,after-hours: next trading day open/close vs report-day close,5 trading sessions after the reaction trading day,21 trading sessions after the reaction trading day,Nasdaq historical daily OHLC,,,,,,,,,,,,,,,,,,,,
DDOG,"Datadog, Inc.",CY2025Q3,USD,885651000,176457000,709194000,715003000,-5809000,35667000,1782000,33885000,0.1,0.1,0.11,0.07,57.14,885651000,852770000,3.855787609789275,540602000,6052470000,2613352000,3439118000,,251470000,16786000,234684000,,,0.8007601188278453,-0.006559017039443302,0.03825999180264009,0.2649847400386834,7491000,0.07123107068556776,SEC companyfacts,2025-11-07,10-Q,Nasdaq earnings surprise,not supplied by Nasdaq; after-hours convention used,true,DDOG,2025-11-06,after_hours,2025-11-06,190.82,2025-11-07,184.29,191.24,-3.422073157949901,0.22010271460015507,2025-11-14,185.01,-3.0447542186353647,2025-12-09,152.57,-20.045068651084794,after-hours: next trading day open/close vs report-day close,5 trading sessions after the reaction trading day,21 trading sessions after the reaction trading day,Nasdaq historical daily OHLC,,,,,,,,,,,,,,,,,,,,
DDOG,"Datadog, Inc.",CY2025Q4,USD,953194000,186894000,766300000,756944000,9356000,53470000,6903000,46526000,,,0.15,0.14,7.14,953194000,916530000,4.000305500092741,401305000,6643844000,2911638000,3732206000,,327069000,8892000,318177000,,,0.8039286860806929,0.009815420575454734,0.04881063036485752,0.3338008841851711,24056000,0.07626367496903408,SEC companyfacts,2026-02-18,10-K,Nasdaq earnings surprise,not supplied by Nasdaq; after-hours convention used,true,DDOG,2026-02-10,after_hours,2026-02-10,129.67,2026-02-11,131.16,127.33,1.1490707179764088,-1.8045808591038708,2026-02-19,120.6,-6.994678800030843,2026-03-13,124.52,-3.971620266831181,after-hours: next trading day open/close vs report-day close,5 trading sessions after the reaction trading day,21 trading sessions after the reaction trading day,Nasdaq historical daily OHLC,marketbeat_cached_report_transcript,"tention and expansion — Trailing‑12‑month net revenue retention ~120%, customers ~32,700, rising multi‑product penetration (more customers using 4–10+ products), and 48% of the Fortune 500 as customers indicate a substantial upsell runway. Negative Sentiment: Guidance shows deceleration — FY2026 revenue guide of $4.06–$4.10 billion (18–20% growth) and Q1 guide of 25–26% imply a notable slowdown from Q4’s growth rate, reflecting the company’s conservative modeling and concentration considerations. AI Generated. May Contain Errors. Conference Call Audio Live Call not available Earnings Conference Call Datadog Q4 2025 00:00 / 00:00 Speed: 1x 1.25x 1.5x 2x Transcript Sections Presentation Participants (adsbygoogle = window.adsbygoogle || []).push({}); setTimeout(function(){var ad_container = document.querySelector('#ad5781517740');if(0 == ad_container.offsetHeight) {ad_container.innerHTML = ' Ad Reagan Gold Group Trump\'s gold order: the announcement",2026-02-10,,4,10,7,,,,,,,,true,,2026-02-10,-100,-100,through_reaction_trading_date
DDOG,"Datadog, Inc.",CY2026Q1,USD,1006426000,209228000,797198000,789871000,7327000,58930000,6356000,52574000,0.15,0.15,0.17,0.06,183.33,1006426000,960120000,4.822938799316752,426360000,6952012000,2963790000,3988222000,,334622000,11358000,323264000,,,0.7921079145411585,0.007280217323479322,0.05223831657767188,0.32119996899921105,23627000,0.055845924334395725,SEC companyfacts,2026-05-07,10-Q,Nasdaq earnings surprise,not supplied by Nasdaq; after-hours convention used,false,DDOG,2026-05-07,after_hours,2026-05-07,188.73,2026-05-08,185.5,200.16,-1.7114396227414772,6.05627086313782,2026-05-15,207.98,10.199756265564563,,,,after-hours: next trading day open/close vs report-day close,5 trading sessions after the reaction trading day,21 trading sessions after the reaction trading day,Nasdaq historical daily OHLC,marketbeat_cached_earnings_page,"Datadog issued an update on its second quarter 2026 earnings guidance on Thursday, May, 7th. The company provided earnings per share (EPS) guidance of 0.570-0.590 for the period, compared to the consensus earnings per share estimate of 0.410. The company issued revenue guidance of $1.1 billion-$1.1 billion, compared to the consensus revenue estimate of $992.3 million.",2026-05-07,CY2026Q2,1100000000,1100000000,1100000000,992300000,10.85,0.57,0.59,0.58,0.41,41.46,true,,,9.3,241.18,through_reaction_trading_date
PLTR,Palantir Technologies Inc.,CY2025Q1,USD,883855000,172970000,710885000,534837000,176048000,223316000,5599000,214031000,0.09,0.08,,,,883855000,863890000,2.3110581208255683,993464000,6736917000,1217944000,5424155000,,310263000,6184000,304079000,,17998000,0.804300479150992,0.19918199252139773,0.24215623603419112,0.34403720067205595,182670000,,SEC companyfacts,2026-05-05,10-Q,,Report date inferred from MarketBeat earnings history revenue match; after-hours convention used,false,PLTR,2025-05-05,after_hours,2025-05-05,123.77,2025-05-06,112.71,108.86,-8.935929546739924,-12.04653793326331,2025-05-13,128.1,3.4984244970509804,2025-06-05,119.91,-3.118687888826048,after-hours: next trading day open/close vs report-day close,5 trading sessions after the reaction trading day,21 trading sessions after the reaction trading day,Nasdaq historical daily OHLC,marketbeat_cached_report_transcript,"5 Earnings Call Transcript',text:'',url:'https://www.marketbeat.com/earnings/reports/2025-5-5-palantir-technologies-inc-stock/'}; Link copied to clipboard. Key Takeaways Palantir reported 39% year-over-year revenue growth and raised its full-year 2025 revenue guidance to $3.89–$3.90 billion, reflecting strong demand across its platform. US commercial revenue grew 71% year-over-year , surpassing a $1 billion annual run rate and closing a record $810 million in total contract value for the quarter. International commercial revenue declined 5% year-over-year , driven by headwinds in Europe and a one-time catch-up in Q4 2024. The US Government segment expanded its footprint with 45% year-over-year growth and notable wins, including the Maven Smart System deal for NATO’s AI mission command solution. Adjusted free cash flow reached $370 million (42% margin), and the company repurchased 2.3 million shares with $918 million remaining under its buyback pr",2025-05-05,,3890000000,3900000000,3895000000,,,,,,,,true,,2025-05-05,340.68,-100,through_reaction_trading_date
PLTR,Palantir Technologies Inc.,CY2025Q2,USD,1003697000,192934000,810763000,541446000,269317000,332168000,3596000,326727000,0.14,0.13,0.13,0.08,62.5,1003697000,939290000,6.856987724770837,929547000,7365688000,1340124000,5928901000,,,,,,,0.8077766497259631,0.26832500246588364,0.32552353947456253,,,0.13559011376300412,SEC companyfacts,2025-08-05,10-Q,Nasdaq earnings surprise,not supplied by Nasdaq; after-hours convention used,false,PLTR,2025-08-04,after_hours,2025-08-04,160.66,2025-08-05,171.81,173.27,6.940121996763354,7.848873397236408,2025-08-12,186.97,16.376198182497202,2025-09-04,156.14,-2.8133947466699927,after-hours: next trading day open/close vs report-day close,5 trading sessions after the reaction trading day,21 trading sessions after the reaction trading day,Nasdaq historical daily OHLC,,,,,,,,,,,,,,,,,,,,
PLTR,Palantir Technologies Inc.,CY2025Q3,USD,1181092000,207307000,973785000,580529000,393256000,480501000,3753000,475599000,0.2,0.18,0.18,0.12,50,1181092000,1090000000,8.357064220183487,1615967000,8113960000,1425691000,6590457000,,507664000,6792000,500872000,,19195000,0.8244785334249999,0.3329596678328191,0.4026773528226421,0.4240753472210463,399231000,0.17674158635524467,SEC companyfacts,2025-11-04,10-Q,Nasdaq earnings surprise,not supplied by Nasdaq; after-hours convention used,true,PLTR,2025-11-03,after_hours,2025-11-03,207.18,2025-11-04,192.07,190.74,-7.293175016893529,-7.935128873443381,2025-11-11,190.96,-7.828941017472728,2025-12-04,177.92,-14.12298484409693,after-hours: next trading day open/close vs report-day close,5 trading sessions after the reaction trading day,21 trading sessions after the reaction trading day,Nasdaq historical daily OHLC,,,,,,,,,,,,,,,,,,,,
PLTR,Palantir Technologies Inc.,CY2025Q4,USD,1406802000,215966000,1190836000,615442000,575394000,621383000,9776000,608676000,,,0.24,0.17,41.18,1406802000,1340000000,4.985223880597015,1423796000,8900392000,1412381000,7387268000,,777295000,13272000,764023000,,19196000,0.8464844377531451,0.4090085171900523,0.43266643067041416,0.5430920627067632,582412000,0.1911028099419859,SEC companyfacts,2026-02-17,10-K,Nasdaq earnings surprise,not supplied by Nasdaq; after-hours convention used,true,PLTR,2026-02-02,after_hours,2026-02-02,147.76,2026-02-03,165.05,157.88,11.701407688142949,6.848944233892802,2026-02-10,139.51,-5.583378451543044,2026-03-05,152.67,3.3229561451001604,after-hours: next trading day open/close vs report-day close,5 trading sessions after the reaction trading day,21 trading sessions after the reaction trading day,Nasdaq historical daily OHLC,,,,,,,,,,,,,,,,,,,,
PLTR,Palantir Technologies Inc.,CY2026Q1,USD,1632583000,215798000,1416785000,662787000,753998000,888601000,12199000,870527000,0.36,0.34,0.25,0.22,13.64,1632583000,1540000000,6.011883116883117,2291631000,10199183000,1642902000,8449663000,,899165000,7401000,891764000,,,0.8678180527421883,0.46184359386322166,0.5332206693319728,0.5462288900472442,760763000,0.1604923791692079,SEC companyfacts,2026-05-05,10-Q,Nasdaq earnings surprise,not supplied by Nasdaq; after-hours convention used,false,PLTR,2026-05-04,after_hours,2026-05-04,146.03,2026-05-05,140.295,135.91,-3.9272752174210868,-6.930082859686369,2026-05-12,136,-6.868451688009314,,,,after-hours: next trading day open/close vs report-day close,5 trading sessions after the reaction trading day,21 trading sessions after the reaction trading day,Nasdaq historical daily OHLC,marketbeat_cached_earnings_page,"Palantir Technologies updated its second quarter 2026 earnings guidance on Monday, May, 4th. The company issued revenue guidance of $1.8 billion-$1.8 billion, compared to the consensus revenue estimate of $1.7 billion.",2026-05-04,CY2026Q2,1800000000,1800000000,1800000000,1700000000,5.88,,,,,,true,,,10.25,-100,through_reaction_trading_date
NET,"Cloudflare, Inc.",CY2025Q1,USD,479087000,115576000,363511000,416758000,-53247000,-36759000,1695000,-38454000,-0.11,-0.11,,,,479087000,469490000,2.0441329953779634,204459000,3721259000,2295381000,1425878000,,145784000,85889000,59895000,,,0.7587578039061799,-0.1111426525871084,-0.08026517104409012,0.12501904664497263,-11040000,,SEC companyfacts,2026-05-08,10-Q,,Report date inferred from MarketBeat earnings history revenue match; after-hours convention used,false,NET,2025-05-08,after_hours,2025-05-08,124.31,2025-05-09,133.62,132.34,7.489341163220982,6.459657308342049,2025-05-16,157.19,26.450004022202556,2025-06-10,179.34,44.26836135467782,after-hours: next trading day open/close vs report-day close,5 trading sessions after the reaction trading day,21 trading sessions after the reaction trading day,Nasdaq historical daily OHLC,marketbeat_cached_report_transcript," Trust agreement, and multiple multi-million-dollar government and enterprise wins showcasing its network performance and product breadth. Emphasized resilience and cost discipline amid global volatility, with Q1 network CapEx at ~17% of revenue and full-year guidance for 12-13%, supported by diversified supply chains and controlled spending. Management issued a prudent outlook , guiding Q2 revenue growth of ~25% y/y to ~$500 million–$501 million and full-year revenue of $2.09 billion–$2.094 billion, citing uncertainties in the macro environment. AI Generated. May Contain Errors. Conference Call Audio Live Call not available Earnings Conference Call Cloudflare Q1 2025 00:00 / 00:00 Speed: 1x 1.25x 1.5x 2x Transcript Sections Presentation Participants (adsbygoogle = window.adsbygoogle || []).push({}); setTimeout(function(){var ad_container = document.querySelector('#ad5781517740');if(0 == ad_container.offsetHeight) {ad_container.innerHTML = ' Ad B",2025-05-08,,12,13,13,,,,,,,,true,,2025-05-08,-100,100,through_reaction_trading_date
NET,"Cloudflare, Inc.",CY2025Q2,USD,512316000,128677000,383639000,450903000,-67264000,-47289000,3157000,-50446000,-0.15,-0.15,-0.13,-0.05,-160,512316000,501580000,2.1404362215399337,1518608000,5562361000,4322634000,1239727000,,,,,,,0.7488327516610842,-0.13129396700473928,-0.09846657141295606,,,0.06935900995017606,SEC companyfacts,2025-07-31,10-Q,Nasdaq earnings surprise,not supplied by Nasdaq; after-hours convention used,false,NET,2025-07-31,after_hours,2025-07-31,207.68,2025-08-01,198.66,200.11,-4.3432203389830555,-3.6450308166409826,2025-08-08,204.6,-1.4830508474576332,2025-09-02,208.05,0.17815870570108075,after-hours: next trading day open/close vs report-day close,5 trading sessions after the reaction trading day,21 trading sessions after the reaction trading day,Nasdaq historical daily OHLC,marketbeat_cached_report_transcript,"77 billion, representing an increase of 6% sequentially and 39% year over year. Thomas Seifert CFO at Cloudflare 00:20:58 Current RPO was 66% of total RPO, increasing 33% year over year versus 29% in the first quarter and 30% for the fourth quarter. Moving to guidance for the third quarter and full year 2025, entering 2025 data gave us confidence to invest to reaccelerate growth. Second quarter results underscore that our strategy to deliver continued innovation and accelerating growth while also remaining committed to the strong unit economics of our business is working, and we are confident in our ability to continue to execute against this winning formula as we transition to the second half of the year and beyond. For the third quarter, we expect revenue in the range of $543.5 million-$544.5 million, representing an increase of 26%-27% year-over-year. We expect operating income in the range of $75 million-$76 million. We expect an effective ta",2025-07-31,,543500000,544500000,544000000,,,,,,,,true,,2025-07-31,6.18,100,through_reaction_trading_date
NET,"Cloudflare, Inc.",CY2025Q3,USD,562027000,146316000,415711000,453171000,-37460000,1850000,3140000,-1290000,0,0,-0.01,-0.03,66.67,562027000,544650000,3.1904893050582945,1052644000,5786395000,4439379000,1347016000,,167123000,84641000,82482000,,,0.7396637528090287,-0.0666516021472278,-0.00229526339481911,0.14675807390036422,12008000,0.09703190999305117,SEC companyfacts,2025-10-30,10-Q,Nasdaq earnings surprise,not supplied by Nasdaq; after-hours convention used,true,NET,2025-10-30,after_hours,2025-10-30,222.5,2025-10-31,236.5,253.3,6.292134831460674,13.842696629213489,2025-11-07,232.81,4.633707865168541,2025-12-02,201.26,-9.546067415730342,after-hours: next trading day open/close vs report-day close,5 trading sessions after the reaction trading day,21 trading sessions after the reaction trading day,Nasdaq historical daily OHLC,marketbeat_cached_report_transcript,"with $4 billion in cash, cash equivalents, and available for sale securities. Remaining performance obligations, or RPO, came in at $2.143 billion, representing an increase of 8% sequentially and 43% year-over-year. Current RPO was 64% of total RPO. Moving to guidance for the fourth quarter and full year 2025, for the fourth quarter, we expect revenue in the range of $588.5 million-$589.5 million, representing an increase of 28% year-over-year. Thomas Seifert CFO at Cloudflare 00:21:41 We expect operating income in the range of $83 million-$84 million, and we expect an effective tax rate of 20%. We expect diluted net income per share of $0.27, assuming approximately 377 million shares outstanding. For the full year 2025, we expect revenue in the range of $2.142 billion-$2.143 billion, representing an increase of 28% year-over-year. We expect operating income for the full year in the range of $297 million-$298 million, and we expect an effective t",2025-10-30,,588500000,589500000,589000000,,,,,,,,true,,2025-10-30,4.8,100,through_reaction_trading_date
NET,"Cloudflare, Inc.",CY2025Q4,USD,614507000,161956000,452551000,501785000,-49234000,-10508000,1569000,-12077000,,,-0.07,0.02,-450,614507000,591670000,3.859752902800548,943536000,6036256000,4577133000,1459123000,,190411000,85190000,105221000,,,0.7364456385362576,-0.08011951043682171,-0.019653152852611933,0.17122831798498633,3352000,0.09337629686829992,SEC companyfacts,2026-02-26,10-K,Nasdaq earnings surprise,not supplied by Nasdaq; after-hours convention used,true,NET,2026-02-10,after_hours,2026-02-10,179.98,2026-02-11,203.05,189.41,12.81809089898879,5.239471052339153,2026-02-19,192.64,7.034114901655738,2026-03-13,212.45,18.04089343260362,after-hours: next trading day open/close vs report-day close,5 trading sessions after the reaction trading day,21 trading sessions after the reaction trading day,Nasdaq historical daily OHLC,marketbeat_cached_report_transcript," equivalents, and available-for-sale securities. Remaining performance obligations, or RPO, came in at $2,496,000,000, representing an increase of 16% sequentially and 48% year-over-year. Current RPO was 63% of total RPO and grew 34% year-over-year. Moving to guidance for the first quarter and full-year 2026. Thomas Seifert CFO at Cloudflare 00:20:58 As a management team, we've always taken a disciplined, data-driven approach to scaling Cloudflare and remain committed to creating significant long-term shareholder value with our focus on delivering durable revenue growth while maintaining the strong unit economics of our business. As we transition into 2026, we have visibility into multiple independent growth vectors that give us confidence in our ability to continue to execute against this winning formula. For the first quarter, we expect revenue in the range of $620 million-$621 million, representing an increase of 29%-30% year-over-year. We exp",2026-02-10,,620000000,621000000,620500000,,,,,,,,true,,2026-02-10,0.98,100,through_reaction_trading_date
NET,"Cloudflare, Inc.",CY2026Q1,USD,639755000,184158000,455597000,517591000,-61994000,-21401000,1526000,-22927000,-0.07,-0.07,-0.05,-0.06,16.67,639755000,620830000,3.0483385145692057,932226000,6163977000,4637269000,1526708000,,158330000,65231000,93099000,,,0.7121429297152816,-0.09690272057271924,-0.03583715641143875,0.14552289548342726,-4180000,0.041086594619752094,SEC companyfacts,2026-05-08,10-Q,Nasdaq earnings surprise,not supplied by Nasdaq; after-hours convention used,false,NET,2026-05-07,after_hours,2026-05-07,256.79,2026-05-08,217.22,196.13,-15.409478562249316,-23.62241520308424,2026-05-15,197.56,-23.065539935355744,,,,after-hours: next trading day open/close vs report-day close,5 trading sessions after the reaction trading day,21 trading sessions after the reaction trading day,Nasdaq historical daily OHLC,marketbeat_cached_report_transcript,"sh equivalents, and available for sale securities. Remaining performance obligations or RPO came in at $2.543 billion, representing an increase of 2% sequentially and 36% year-over-year. Current RPO was 64% of total RPO, includes 34% year-over-year. Moving to guidance for the second quarter and full year 2026. Thomas Seifert CFO at Cloudflare 00:22:09 For the second quarter, we expect revenue in the range of $664 million-$665 million, representing an increase of 30% year-over-year. We expect operating income in the range of $90 million-$91 million. We expect an effective tax rate of 21.5%. We expect diluted net income per share of $0.27, assuming approximately 377 million shares outstanding. For the full year 2026, we expect revenue in the range of $2.805 billion-$2.813 billion, representing an increase of 30% year-over-year at the midpoint. We expect operating income for the full year in the range of $418 million-$421 million. We expect an effec",2026-05-07,,664000000,665000000,664500000,,,,,,,,true,,2026-05-07,3.87,100,through_reaction_trading_date
AMD,ADVANCED MICRO DEVICES INC,CY2025Q1,USD,7438000000,3702000000,3736000000,2930000000,806000000,825000000,123000000,709000000,0.44,0.44,,,,7438000000,7100000000,4.76056338028169,6049000000,71550000000,,57881000000,3217000000,939000000,212000000,727000000,,749000000,0.5022855606345792,0.10836246302769562,0.0953213229362732,0.09774132831406292,,,SEC companyfacts,2026-05-06,10-Q,,Report date inferred from MarketBeat earnings history revenue match; after-hours convention used,false,AMD,2025-05-06,after_hours,2025-05-06,98.62,2025-05-07,100.75,100.36,2.159805313323865,1.7643480024335783,2025-05-14,117.72,19.367268302575535,2025-06-06,116.19,17.815858852159796,after-hours: next trading day open/close vs report-day close,5 trading sessions after the reaction trading day,21 trading sessions after the reaction trading day,Nasdaq historical daily OHLC,,,,,,,,,,,,,,,,,,,,
AMD,ADVANCED MICRO DEVICES INC,CY2025Q2,USD,7685000000,4626000000,3059000000,3193000000,-134000000,-74000000,-834000000,872000000,0.54,0.54,0.27,0.28,-3.57,7685000000,7410000000,3.7112010796221324,4442000000,74820000000,,59665000000,3218000000,,,,,,0.39804814573845154,-0.017436564736499675,0.11346779440468445,,,0.033207851573003495,SEC companyfacts,2025-08-06,10-Q,Nasdaq earnings surprise,not supplied by Nasdaq; after-hours convention used,false,AMD,2025-08-05,after_hours,2025-08-05,174.31,2025-08-06,165.05,163.12,-5.312374505191894,-6.419597269232974,2025-08-13,184.42,5.800011473811018,2025-09-05,151.14,-13.292410074006089,after-hours: next trading day open/close vs report-day close,5 trading sessions after the reaction trading day,21 trading sessions after the reaction trading day,Nasdaq historical daily OHLC,,,,,,,,,,,,,,,,,,,,
AMD,ADVANCED MICRO DEVICES INC,CY2025Q3,USD,9246000000,4466000000,4780000000,3510000000,1270000000,1315000000,153000000,1243000000,0.76,0.75,0.97,0.97,0,9246000000,8760000000,5.5479452054794525,4808000000,76891000000,,60790000000,3220000000,2159000000,258000000,1901000000,,89000000,0.5169803158122431,0.13735669478693488,0.1344365130867402,0.20560242266926237,,0.20312296681847755,SEC companyfacts,2025-11-05,10-Q,Nasdaq earnings surprise,not supplied by Nasdaq; after-hours convention used,true,AMD,2025-11-04,after_hours,2025-11-04,250.05,2025-11-05,243.24,256.33,-2.723455308938213,2.511497700459897,2025-11-12,258.89,3.5352929414117074,2025-12-05,217.97,-12.829434113177369,after-hours: next trading day open/close vs report-day close,5 trading sessions after the reaction trading day,21 trading sessions after the reaction trading day,Nasdaq historical daily OHLC,,,,,,,,,,,,,,,,,,,,
AMD,ADVANCED MICRO DEVICES INC,CY2025Q4,USD,10270000000,4693000000,5577000000,3825000000,1752000000,2074000000,455000000,1511000000,,,1.24,1.11,11.71,10270000000,9650000000,6.424870466321243,5539000000,76926000000,,62999000000,3222000000,2600000000,222000000,2378000000,,0,0.5430379746835443,0.1705939629990263,0.14712755598831548,0.23154819863680623,,0.11075059485182782,SEC companyfacts,2026-02-04,10-K,Nasdaq earnings surprise,not supplied by Nasdaq; after-hours convention used,true,AMD,2026-02-03,after_hours,2026-02-03,242.11,2026-02-04,215,200.19,-11.19738961629012,-17.314443847837765,2026-02-11,213.58,-11.783899880219735,2026-03-06,192.43,-20.51959852959399,after-hours: next trading day open/close vs report-day close,5 trading sessions after the reaction trading day,21 trading sessions after the reaction trading day,Nasdaq historical daily OHLC,,,,,,,,,,,,,,,,,,,,
AMD,ADVANCED MICRO DEVICES INC,CY2026Q1,USD,10253000000,4837000000,5416000000,3940000000,1476000000,1604000000,238000000,1383000000,0.85,0.84,1.11,1.06,4.72,10253000000,9900000000,3.5656565656565657,5585000000,79642000000,,64462000000,3224000000,2955000000,389000000,2566000000,,221000000,0.5282356383497513,0.14395786599044183,0.1348873500438896,0.25026821418121525,,-0.001655306718597858,SEC companyfacts,2026-05-06,10-Q,Nasdaq earnings surprise,not supplied by Nasdaq; after-hours convention used,false,AMD,2026-05-05,after_hours,2026-05-05,355.26,2026-05-06,409.49,421.39,15.26487642853122,18.614535832911105,2026-05-13,445.5,25.401114676574903,,,,after-hours: next trading day open/close vs report-day close,5 trading sessions after the reaction trading day,21 trading sessions after the reaction trading day,Nasdaq historical daily OHLC,marketbeat_cached_earnings_page,"Advanced Micro Devices issued an update on its second quarter 2026 earnings guidance on Tuesday, May, 5th. The company issued revenue guidance of $10.9 billion-$11.5 billion, compared to the consensus revenue estimate of $10.5 billion.",2026-05-05,CY2026Q2,10900000000,11500000000,11200000000,10500000000,6.67,,,,,,true,,,9.24,-100,through_reaction_trading_date
QCOM,QUALCOMM INC/DE,CY2025Q1,USD,10979000000,4937000000,6042000000,7859000000,3120000000,3105000000,293000000,2812000000,2.55,2.52,,,,10979000000,10580000000,3.7712665406427224,7203000000,55372000000,27644000000,27728000000,13258000000,,,,,,0.5503233445669005,0.28417888696602606,0.25612533017579014,,,,SEC companyfacts,2026-04-29,10-Q,,Report date inferred from MarketBeat earnings history revenue match; after-hours convention used,false,QCOM,2025-04-30,after_hours,2025-04-30,148.46,2025-05-01,138.785,135.21,-6.516906910952453,-8.924962952983968,2025-05-08,145.1,-2.263235888454812,2025-06-02,146.63,-1.2326552606762848,after-hours: next trading day open/close vs report-day close,5 trading sessions after the reaction trading day,21 trading sessions after the reaction trading day,Nasdaq historical daily OHLC,marketbeat_cached_report_transcript,"025-4-30-qualcomm-incorporated-stock/'}; Link copied to clipboard. Key Takeaways Strong Q2 financials: Qualcomm reported non-GAAP revenues of $10.8 billion and EPS of $2.85, with automotive up 59% and IoT up 27% year-over-year, both exceeding expectations. Q3 guidance: The company forecasts revenues of $9.9 billion–$10.7 billion and non-GAAP EPS of $2.60–$2.80, assuming current tariff impacts and normal seasonality across handsets, IoT and automotive. Launch of Snapdragon X85: Introduced the AI-optimized X85 modem-to-antenna platform delivering up to 12.5 Gbps 5G speeds, enhanced efficiency and support for on-device AI experiences, shipping in the second half of the year. Diversification beyond handsets: Aiming for $4 billion in PC revenues by FY29 with 85+ Snapdragon X designs (9% share of premium Windows laptops) and 15+ XR smart glasses, bolstered by acquisitions of Edge Impulse and Focus AI. Automotive growth trajectory: Secured 30 new Snapdr",2025-04-30,,9900000000,10700000000,10300000000,,,2.6,2.8,2.7,,,true,,2025-04-30,-6.18,7.14,through_reaction_trading_date
QCOM,QUALCOMM INC/DE,CY2025Q2,USD,10365000000,4606000000,5759000000,7603000000,2762000000,2952000000,286000000,2666000000,2.44,2.43,2.29,2.18,5.05,10365000000,10330000000,0.3388189738625363,5448000000,54862000000,27653000000,27209000000,14788000000,2875000000,294000000,2581000000,,2849000000,0.5556198745779064,0.2664737095996141,0.2572117703810902,0.24901109503135552,3160000000,-0.05592494762728846,SEC companyfacts,2025-07-30,10-Q,Nasdaq earnings surprise,not supplied by Nasdaq; after-hours convention used,true,QCOM,2025-07-30,after_hours,2025-07-30,159.06,2025-07-31,153.11,146.76,-3.740726769772406,-7.7329309694454995,2025-08-07,145.9,-8.273607443731922,2025-08-29,160.73,1.0499182698352745,after-hours: next trading day open/close vs report-day close,5 trading sessions after the reaction trading day,21 trading sessions after the reaction trading day,Nasdaq historical daily OHLC,marketbeat_cached_report_transcript,"ipt',text:'',url:'https://www.marketbeat.com/earnings/reports/2025-7-30-qualcomm-incorporated-stock/'}; Link copied to clipboard. Key Takeaways Positive Sentiment: Qualcomm reported $10.4 billion in Q3 revenue and $2.77 non-GAAP EPS, both near the high end of guidance, and reaffirmed Q4 revenue guidance of $10.3 billion–$11.1 billion with EPS of $2.75–$2.95 . Positive Sentiment: Automotive and IoT revenues rose 21% and 24% year-over-year, respectively, with 12 new Snapdragon digital chassis designs and a collaboration on BMW’s Neuya Class vehicles as Qualcomm pursues a $22 billion combined target by FY 2029. Positive Sentiment: Qualcomm is diversifying beyond handsets with Snapdragon eight Elite powering 124 AI-smartphone designs, >100 Snapdragon X series AI PCs on track by 2026, and 19 XR device designs including Meta and Xiaomi AI glasses. Positive Sentiment: The company is entering the data center market with Orion CPUs and NPU accelerator car",2025-07-30,,10300000000,11100000000,10700000000,,,10300000000,11100000000,10700000000,,,true,,2025-07-30,3.23,467248908196.94,through_reaction_trading_date
QCOM,QUALCOMM INC/DE,CY2025Q3,USD,11271000000,5034000000,6237000000,8353000000,2918000000,2971000000,6088000000,-3117000000,,,2.56,2.34,9.4,11271000000,10740000000,4.944134078212291,5520000000,50143000000,28937000000,21206000000,14811000000,3996000000,407000000,3589000000,,2444000000,0.5533670481767368,0.2588945080294561,-0.27655043918019695,0.31842782361813504,3289000000,0.08740955137481911,SEC companyfacts,2025-11-05,10-K,Nasdaq earnings surprise,not supplied by Nasdaq; after-hours convention used,true,QCOM,2025-11-05,after_hours,2025-11-05,179.72,2025-11-06,177.8,173.2,-1.0683285110171308,-3.6278655686623695,2025-11-13,174.5,-2.9045181393278425,2025-12-08,175.31,-2.4538170487424864,after-hours: next trading day open/close vs report-day close,5 trading sessions after the reaction trading day,21 trading sessions after the reaction trading day,Nasdaq historical daily OHLC,marketbeat_cached_report_transcript,"admap update. Neutral Sentiment: The new tax law triggered a $5.7B non‑cash GAAP charge to reduce deferred tax assets, but Qualcomm now expects a non-GAAP tax rate of 13%–14% and lower cash tax payments going forward. Positive Sentiment: Product and near-term outlook remain strong — launches of the Snapdragon 8 Elite Gen 5 and Snapdragon X2 Elite laptop platforms, roughly 150 laptop design wins through 2026 and ~30 smart‑glasses designs, plus Q1 guidance for record revenue of $11.8B–$12.6B and non‑GAAP EPS $3.30–$3.50. AI Generated. May Contain Errors. Conference Call Audio Live Call not available Earnings Conference Call Qualcomm Q4 2025 00:00 / 00:00 Speed: 1x 1.25x 1.5x 2x Transcript Sections Presentation Participants (adsbygoogle = window.adsbygoogle || []).push({}); setTimeout(function(){var ad_container = document.querySelector('#ad5781517740');if(0 == ad_container.offsetHeight) {ad_container.innerHTML = ' Ad Banyan Hill Publishing Ticker R",2025-11-05,,,,,,,3.3,3.5,3.4,,,true,,2025-11-05,-100,32.81,through_reaction_trading_date
QCOM,QUALCOMM INC/DE,CY2025Q4,USD,12252000000,5568000000,6684000000,8886000000,3366000000,3547000000,543000000,3004000000,2.81,2.78,2.8,2.8,0,12252000000,12160000000,0.756578947368421,7205000000,53034000000,29961000000,23073000000,14817000000,4965000000,549000000,4416000000,,2650000000,0.545543584720862,0.27473065621939274,0.24518445968005223,0.3604309500489716,3759000000,0.08703752994410434,SEC companyfacts,2026-02-04,10-Q,Nasdaq earnings surprise,not supplied by Nasdaq; after-hours convention used,false,QCOM,2026-02-04,after_hours,2026-02-04,148.89,2026-02-05,132.92,136.3,-10.72603935791524,-8.455907045469793,2026-02-12,138.47,-6.9984552354086835,2026-03-09,138.11,-7.240244475787476,after-hours: next trading day open/close vs report-day close,5 trading sessions after the reaction trading day,21 trading sessions after the reaction trading day,Nasdaq historical daily OHLC,,,,,,,,,,,,,,,,,,,,
QCOM,QUALCOMM INC/DE,CY2026Q1,USD,10599000000,4900000000,5699000000,8290000000,2309000000,2232000000,-5138000000,7370000000,6.92,6.88,1.95,1.9,2.63,10599000000,10590000000,0.08498583569405099,5435000000,57136000000,29858000000,27278000000,14772000000,,,,,,0.5376922351165204,0.21785074063590903,0.6953486177941315,,,-0.13491674828599412,SEC companyfacts,2026-04-29,10-Q,Nasdaq earnings surprise,not supplied by Nasdaq; after-hours convention used,false,QCOM,2026-04-29,after_hours,2026-04-29,156,2026-04-30,172.05,179.58,10.288461538461547,15.115384615384622,2026-05-07,202.55,29.839743589743595,,,,after-hours: next trading day open/close vs report-day close,5 trading sessions after the reaction trading day,21 trading sessions after the reaction trading day,Nasdaq historical daily OHLC,marketbeat_cached_earnings_page,"Qualcomm updated its third quarter 2026 earnings guidance on Wednesday, April, 29th. The company provided EPS guidance of 2.100-2.300 for the period, compared to the consensus estimate of 2.300. The company issued revenue guidance of $9.2 billion-$10.0 billion, compared to the consensus revenue estimate of $10.2 billion.",2026-04-29,CY2026Q3,9200000000,10000000000,9600000000,10200000000,-5.88,2.1,2.3,2.2,,,true,,,-9.43,12.82,through_reaction_trading_date
MU,MICRON TECHNOLOGY INC,CY2025Q1,USD,8053000000,5090000000,2963000000,1190000000,1773000000,1758000000,177000000,1583000000,1.42,1.41,,,,8053000000,7930000000,1.5510718789407314,7552000000,73053000000,24420000000,48633000000,11541000000,,,,,,0.36793741462808893,0.22016639761579535,0.19657270582391656,,3852000000,,SEC companyfacts,2026-03-19,10-Q,,Report date inferred from MarketBeat earnings history revenue match; after-hours convention used,false,MU,2025-03-20,after_hours,,,,,,,,,,,,,,,,,,,,,,,,,,,,,,,,,,,,,
MU,MICRON TECHNOLOGY INC,CY2025Q2,USD,9301000000,5793000000,3508000000,1339000000,2169000000,2113000000,235000000,1885000000,1.69,1.68,1.73,1.43,20.98,9301000000,8830000000,5.334088335220838,10163000000,78397000000,27649000000,50748000000,12434000000,4609000000,2938000000,1671000000,131000000,,0.3771637458337813,0.23320073110418235,0.2026663799591442,0.17965810127943233,4263000000,0.1549733018750776,SEC companyfacts,2025-06-26,10-Q,Nasdaq earnings surprise,not supplied by Nasdaq; after-hours convention used,true,MU,2025-06-25,after_hours,2025-06-25,127.25,2025-06-26,129.53,126,1.7917485265225943,-0.9823182711198428,2025-07-03,122.29,-3.897838899803532,2025-07-28,111.25,-12.573673870333987,after-hours: next trading day open/close vs report-day close,5 trading sessions after the reaction trading day,21 trading sessions after the reaction trading day,Nasdaq historical daily OHLC,,,,,,,,,,,,,,,,,,,,
MU,MICRON TECHNOLOGY INC,CY2025Q3,USD,11315000000,6261000000,5054000000,1400000000,3654000000,3631000000,429000000,2929000000,,,2.86,2.67,7.12,11315000000,11050000000,2.398190045248869,9642000000,82798000000,28633000000,54165000000,11533000000,5730000000,5658000000,72000000,130000000,,0.44666372072470173,0.32293415819708354,0.25885992045956696,0.006363234644277508,5803000000,0.21653585635953124,SEC companyfacts,2025-10-03,10-K,Nasdaq earnings surprise,not supplied by Nasdaq; after-hours convention used,true,MU,2025-09-23,after_hours,2025-09-23,166.41,2025-09-24,165.08,161.71,-0.7992308154557923,-2.8243494982272632,2025-10-01,182.15,9.458566191935587,2025-10-23,206.71,24.21729463373596,after-hours: next trading day open/close vs report-day close,5 trading sessions after the reaction trading day,21 trading sessions after the reaction trading day,Nasdaq historical daily OHLC,,,,,,,,,,,,,,,,,,,,
MU,MICRON TECHNOLOGY INC,CY2025Q4,USD,13643000000,5997000000,7646000000,1510000000,6136000000,6061000000,829000000,5240000000,4.66,4.6,4.61,3.67,25.61,13643000000,12620000000,8.106180665610143,9731000000,85971000000,27165000000,58806000000,8844000000,8411000000,5389000000,3022000000,134000000,300000000,0.5604339221578831,0.4497544528329546,0.3840797478560434,0.22150553397346626,8348000000,0.2057445868316394,SEC companyfacts,2025-12-18,10-Q,Nasdaq earnings surprise,not supplied by Nasdaq; after-hours convention used,false,MU,2025-12-17,after_hours,2025-12-17,225.52,2025-12-18,256.53,248.55,13.750443419652342,10.211954593827599,2025-12-26,284.79,26.28148279531749,2026-01-21,389.11,72.5390209294076,after-hours: next trading day open/close vs report-day close,5 trading sessions after the reaction trading day,21 trading sessions after the reaction trading day,Nasdaq historical daily OHLC,,,,,,,,,,,,,,,,,,,,
MU,MICRON TECHNOLOGY INC,CY2026Q1,USD,23860000000,6105000000,17755000000,1620000000,16135000000,16160000000,2371000000,13785000000,12.25,12.07,12.08,8.64,39.81,23860000000,18900000000,26.24338624338624,13908000000,101509000000,29050000000,72459000000,585000000,,,,,,0.7441324392288349,0.6762363788767812,0.577745180217938,,18421000000,0.7488822106574801,SEC companyfacts,2026-03-19,10-Q,Nasdaq earnings surprise,not supplied by Nasdaq; after-hours convention used,false,MU,2026-03-18,after_hours,2026-03-18,461.73,2026-03-19,424.97,444.27,-7.9613627011456884,-3.781430706256911,2026-03-26,355.46,-23.015615186364332,2026-04-20,448.42,-2.8826370389621645,after-hours: next trading day open/close vs report-day close,5 trading sessions after the reaction trading day,21 trading sessions after the reaction trading day,Nasdaq historical daily OHLC,,,,,,,,,,,,,,,,,,,,
AMAT,APPLIED MATERIALS INC /DE,CY2025Q1,USD,7100000000,3615000000,3485000000,1316000000,2169000000,2322000000,185000000,2137000000,2.64,2.63,,,,7100000000,7120000000,-0.2808988764044944,6169000000,33632000000,14671000000,18961000000,5462000000,925000000,381000000,544000000,326000000,1318000000,0.4908450704225352,0.3054929577464789,0.3009859154929577,0.07661971830985916,,,SEC companyfacts,2025-05-22,10-Q,SEC companyfacts filing date fallback,SEC filing date fallback; exact earnings-release timing unavailable,false,AMAT,2025-05-22,after_hours,2025-05-22,160.52,2025-05-23,156.635,157.51,-2.4202591577373656,-1.8751557438325561,2025-06-02,157.27,-2.024669823075006,2025-06-25,183.07,14.048093695489646,after-hours: next trading day open/close vs report-day close,5 trading sessions after the reaction trading day,21 trading sessions after the reaction trading day,Nasdaq historical daily OHLC,,,,,,,,,,,,,,,,,,,,
AMAT,APPLIED MATERIALS INC /DE,CY2025Q2,USD,7302000000,3740000000,3562000000,1329000000,2233000000,2563000000,784000000,1779000000,2.23,2.22,,,,7302000000,7210000000,1.2760055478502081,5384000000,34211000000,14707000000,19504000000,5463000000,,,,,,0.48781155847712954,0.30580662832100797,0.24363188167625308,,,0.028450704225352112,SEC companyfacts,2025-08-21,10-Q,SEC companyfacts filing date fallback,SEC filing date fallback; exact earnings-release timing unavailable,false,AMAT,2025-08-21,after_hours,2025-08-21,159.84,2025-08-22,160.68,162.49,0.5255255255255277,1.6579079079079115,2025-08-29,160.76,0.5755755755755677,2025-09-23,200.87,25.66941941941942,after-hours: next trading day open/close vs report-day close,5 trading sessions after the reaction trading day,21 trading sessions after the reaction trading day,Nasdaq historical daily OHLC,,,,,,,,,,,,,,,,,,,,
AMAT,APPLIED MATERIALS INC /DE,CY2025Q3,USD,7302000000,3740000000,3562000000,1329000000,2233000000,2563000000,784000000,1779000000,2.23,2.22,2.48,2.34,5.98,7302000000,7210000000,1.2760055478502081,7241000000,36299000000,15884000000,20415000000,6455000000,2634000000,584000000,2050000000,368000000,1056000000,0.48781155847712954,0.30580662832100797,0.24363188167625308,0.2807450013694878,,0,SEC companyfacts,2025-08-21,10-Q,Nasdaq earnings surprise,not supplied by Nasdaq; after-hours convention used,true,AMAT,2025-08-14,after_hours,2025-08-14,188.24,2025-08-15,162.7,161.755,-13.567785805354877,-14.069804504887385,2025-08-22,162.49,-13.67934551636209,2025-09-16,173.54,-7.809179770505746,after-hours: next trading day open/close vs report-day close,5 trading sessions after the reaction trading day,21 trading sessions after the reaction trading day,Nasdaq historical daily OHLC,,,,,,,,,,,,,,,,,,,,
AMAT,APPLIED MATERIALS INC /DE,CY2025Q4,USD,7012000000,3577000000,3435000000,1604000000,1831000000,2328000000,302000000,2026000000,2.55,2.54,2.17,2.11,2.84,7012000000,6680000000,4.970059880239521,7218000000,37644000000,15927000000,21717000000,6453000000,1686000000,646000000,1040000000,365000000,337000000,0.48987450085567597,0.26112378779235595,0.28893325727324587,0.14831717056474614,,-0.03971514653519584,SEC companyfacts,2026-02-19,10-Q,Nasdaq earnings surprise,not supplied by Nasdaq; after-hours convention used,true,AMAT,2025-11-13,after_hours,2025-11-13,223.23,2025-11-14,203.75,226.01,-8.726425659633557,1.245352327196166,2025-11-21,224.005,0.34717555884066015,2025-12-16,258.84,15.952156968149437,after-hours: next trading day open/close vs report-day close,5 trading sessions after the reaction trading day,21 trading sessions after the reaction trading day,Nasdaq historical daily OHLC,,,,,,,,,,,,,,,,,,,,
AMAT,APPLIED MATERIALS INC /DE,CY2026Q1,,,,,,,,,,,,2.38,2.19,8.68,7010000000,6880000000,1.88953488372093,,,,,,,,,,,,,,,,,SEC companyfacts,,,Nasdaq earnings surprise,not supplied by Nasdaq; after-hours convention used,false,AMAT,2026-02-12,after_hours,2026-02-12,328.39,2026-02-13,364.95,354.91,11.133103931301198,8.075763573799458,2026-02-23,373.55,13.751941289320632,2026-03-17,352.46,7.32969944273577,after-hours: next trading day open/close vs report-day close,5 trading sessions after the reaction trading day,21 trading sessions after the reaction trading day,Nasdaq historical daily OHLC,marketbeat_cached_report_transcript,"earnings/reports/2026-2-12-applied-materials-inc-stock/'}; Link copied to clipboard. Key Takeaways Positive Sentiment: Applied expects to grow its semiconductor equipment business more than 20% in calendar 2026 , with demand weighted to the second half and Q2 guidance of $7.65B ± $500M revenue and $2.64 ± $0.20 non‑GAAP EPS, and management says momentum should carry into 2027. Positive Sentiment: Management emphasizes market leadership in AI‑driven segments— leading‑edge logic, HBM DRAM, and advanced packaging —and plans to launch a dozen+ new products this year while starting EPIC co‑development (with Samsung) to accelerate customer co‑innovation. Positive Sentiment: Services and software are strengthening—Applied Global Services reported record revenue of $1.56B (up 15% YoY), and more than 30,000 chambers are connected to AIX, supporting faster response times and double‑digit services growth. Negative Sentiment: Results were mixed—Q1 revenue wa",2026-02-12,,2,3,3,,,,,,,,true,,2026-02-12,,-100,through_reaction_trading_date
PANW,Palo Alto Networks Inc,CY2025Q1,USD,2289000000,619300000,1669700000,1450900000,218800000,310500000,48400000,262100000,0.39,0.37,,,,2289000000,2280000000,0.39473684210526316,2383400000,22002800000,14772300000,7230500000,,,,,,,0.7294451725644386,0.09558759283529926,0.1145041502839668,,,,SEC companyfacts,2025-05-21,10-Q,SEC companyfacts filing date fallback,SEC filing date fallback; exact earnings-release timing unavailable,true,PANW,2025-05-21,after_hours,2025-05-21,181.26,2025-05-22,183.01,186.14,0.9654639744014124,2.6922652543307932,2025-05-30,192.42,6.156901688182719,2025-06-24,201.69,11.27110228401192,after-hours: next trading day open/close vs report-day close,5 trading sessions after the reaction trading day,21 trading sessions after the reaction trading day,Nasdaq historical daily OHLC,,,,,,,,,,,,,,,,,,,,
PANW,Palo Alto Networks Inc,CY2025Q2,USD,2289000000,619300000,1669700000,1450900000,218800000,310500000,48400000,262100000,0.39,0.37,0.43,0.41,4.88,2289000000,2280000000,0.39473684210526316,2269000000,23576000000,15752000000,7824000000,,628700000,68300000,560400000,,0,0.7294451725644386,0.09558759283529926,0.1145041502839668,0.24482306684141547,306900000,0,SEC companyfacts,2025-05-21,10-Q,Nasdaq earnings surprise,not supplied by Nasdaq; after-hours convention used,true,PANW,2025-05-20,after_hours,2025-05-20,194.48,2025-05-21,184.76,181.26,-4.997943233237351,-6.797614150555327,2025-05-29,185.82,-4.452900041135334,2025-06-23,203.32,4.545454545454548,after-hours: next trading day open/close vs report-day close,5 trading sessions after the reaction trading day,21 trading sessions after the reaction trading day,Nasdaq historical daily OHLC,,,,,,,,,,,,,,,,,,,,
PANW,Palo Alto Networks Inc,CY2025Q3,USD,2474000000,638000000,1836000000,1527000000,309000000,412000000,78000000,334000000,0.49,0.47,0.42,0.5,-16,2474000000,2500000000,-1.04,3066000000,23536000000,14871000000,8665000000,,1771000000,84000000,1687000000,,0,0.7421180274858529,0.12489894907033144,0.13500404203718674,0.6818916734033953,398000000,0.08082131935342944,SEC companyfacts,2025-11-20,10-Q,Nasdaq earnings surprise,not supplied by Nasdaq; after-hours convention used,true,PANW,2025-08-18,after_hours,2025-08-18,176.17,2025-08-19,187.81,181.56,6.607254356587395,3.0595447579043054,2025-08-26,184.23,4.575126298461715,2025-09-18,205.68,16.75086564114209,after-hours: next trading day open/close vs report-day close,5 trading sessions after the reaction trading day,21 trading sessions after the reaction trading day,Nasdaq historical daily OHLC,marketbeat_cached_report_transcript," increasing demand for annual payments, particularly on larger deals. We're absorbing this transition whilst maintaining our best-in-class adjusted free cash flow margins and guiding 2026 adjusted free cash flow margin of 38% to 39%. With that, let me turn to guidance. Operator 00:35:49 The Q1 2026 and fiscal year 2026 guidance I will provide is for Palo Alto Networks on a standalone basis and does not include any anticipated impacts on the proposed acquisition of CyberArk, announced on July 30, 2025. For the fiscal year 2026, we expect NGS ARR to be in the range of $7.00 to $7.10 billion, an increase of 26% to 27%. Remaining performance obligation of $18.6 to $18.7 billion, an increase of 17% to 18%. Revenue to be in the range of $10.475 to $10.525 billion, an increase of 14%. Operating margins to be in the range of 29.2% to 29.7%. Diluted non-GAAP EPS to be in the range of $3.75 to $3.85, an increase of 12% to 15%, and adjusted free cash flow m",2025-08-18,,10475000000,10525000000,10500000000,,,3.75,3.85,3.8,,,true,,2025-08-18,324.41,804.76,through_reaction_trading_date
PANW,Palo Alto Networks Inc,CY2025Q4,USD,2594000000,685000000,1909000000,1512000000,397000000,549000000,117000000,432000000,0.61,0.61,0.53,0.5,6,2594000000,2580000000,0.5426356589147286,4158000000,24979000000,15586000000,9393000000,,,,,,,0.735929067077872,0.1530454895913647,0.16653816499614496,,,0.04850444624090541,SEC companyfacts,2026-02-18,10-Q,Nasdaq earnings surprise,not supplied by Nasdaq; after-hours convention used,true,PANW,2025-11-19,after_hours,2025-11-19,199.9,2025-11-20,198.125,185.07,-0.8879439719859957,-7.418709354677344,2025-11-28,190.13,-4.887443721860936,2025-12-22,189.49,-5.207603801900949,after-hours: next trading day open/close vs report-day close,5 trading sessions after the reaction trading day,21 trading sessions after the reaction trading day,Nasdaq historical daily OHLC,,,,,,,,,,,,,,,,,,,,
PANW,Palo Alto Networks Inc,CY2026Q1,,,,,,,,,,,,0.68,0.49,38.78,,2580000000,,,,,,,,,,,,,,,,,,SEC companyfacts,,,Nasdaq earnings surprise,not supplied by Nasdaq; after-hours convention used,false,PANW,2026-02-17,after_hours,2026-02-17,163.5,2026-02-18,149.55,152.35,-8.532110091743112,-6.819571865443429,2026-02-25,144.84,-11.412844036697244,2026-03-19,169.74,3.8165137614678954,after-hours: next trading day open/close vs report-day close,5 trading sessions after the reaction trading day,21 trading sessions after the reaction trading day,Nasdaq historical daily OHLC,marketbeat_cached_earnings_page,"Palo Alto Networks issued an update on its third quarter 2026 earnings guidance on Tuesday, February, 17th. The company provided EPS guidance of 0.780-0.800 for the period, compared to the consensus earnings per share estimate of 0.450. The company issued revenue guidance of $2.9 billion-$2.9 billion, compared to the consensus revenue estimate of $2.6 billion.",2026-02-17,CY2026Q3,2900000000,2900000000,2900000000,2600000000,11.54,0.78,0.8,0.79,,,true,,,,16.18,through_reaction_trading_date
CRWD,"CrowdStrike Holdings, Inc.",CY2025Q1,USD,1103434000,289143000,814291000,938947000,-124656000,-89887000,21106000,-110207000,-0.44,-0.44,,,,1103434000,1110000000,-0.5915315315315316,4614153000,8720362000,5229348000,3450877000,744355000,384107000,85751000,298356000,,,0.7379607661174117,-0.1129709615618152,-0.09987638590074259,0.27038862315281204,,,SEC companyfacts,2025-06-04,10-Q,SEC companyfacts filing date fallback,SEC filing date fallback; exact earnings-release timing unavailable,false,CRWD,2025-06-04,after_hours,2025-06-04,460.56,2025-06-05,462.325,462.94,0.38322911238491975,0.5167622025360421,2025-06-12,481.73,4.596578078860522,2025-07-08,507.71,10.23753691158589,after-hours: next trading day open/close vs report-day close,5 trading sessions after the reaction trading day,21 trading sessions after the reaction trading day,Nasdaq historical daily OHLC,,,,,,,,,,,,,,,,,,,,
CRWD,"CrowdStrike Holdings, Inc.",CY2025Q2,USD,1168952000,310283000,858669000,971648000,-112979000,-71674000,5971000,-77675000,-0.31,-0.31,-0.23,-0.28,17.86,1168952000,1110000000,5.310990990990991,4972436000,9288859000,5494168000,3756680000,744727000,384107000,85751000,298356000,,,0.7345630958328486,-0.09664981966753126,-0.06644840848897132,0.2552337478356682,,0.059376455682895395,SEC companyfacts,2025-08-28,10-Q,Nasdaq earnings surprise,not supplied by Nasdaq; after-hours convention used,false,CRWD,2025-06-03,after_hours,2025-06-03,488.76,2025-06-04,454.75,460.56,-6.958425403060805,-5.769702921679349,2025-06-11,476.98,-2.4101808658646315,2025-07-07,505.46,3.4168098862427345,after-hours: next trading day open/close vs report-day close,5 trading sessions after the reaction trading day,21 trading sessions after the reaction trading day,Nasdaq historical daily OHLC,,,,,,,,,,,,,,,,,,,,
CRWD,"CrowdStrike Holdings, Inc.",CY2025Q3,USD,1234244000,307805000,926439000,995882000,-69443000,-23268000,10720000,-33997000,-0.14,-0.14,-0.02,-0.19,89.47,1234244000,1150000000,7.325565217391304,4801083000,9965347000,5906330000,4016497000,745099000,,,,,,0.7506125207009311,-0.05626359131581762,-0.02754479665284984,,,0.05585515915110287,SEC companyfacts,2025-12-03,10-Q,Nasdaq earnings surprise,not supplied by Nasdaq; after-hours convention used,false,CRWD,2025-08-27,after_hours,2025-08-27,422.61,2025-08-28,410,442,-2.983838527247347,4.588154563308958,2025-09-05,417.63,-1.1783914247178293,2025-09-29,488.45,15.579375783819591,after-hours: next trading day open/close vs report-day close,5 trading sessions after the reaction trading day,21 trading sessions after the reaction trading day,Nasdaq historical daily OHLC,,,,,,,,,,,,,,,,,,,,
CRWD,"CrowdStrike Holdings, Inc.",CY2025Q4,USD,1234244000,307805000,926439000,995882000,-69443000,-23268000,10720000,-33997000,-0.14,-0.14,-0.02,0.07,-128.57,1234244000,1220000000,1.1675409836065573,5230125000,11086684000,6614079000,4428390000,745471000,397541000,83395000,314146000,,,0.7506125207009311,-0.05626359131581762,-0.02754479665284984,0.25452503718875685,,0,SEC companyfacts,2025-12-03,10-Q,Nasdaq earnings surprise,not supplied by Nasdaq; after-hours convention used,true,CRWD,2025-12-02,after_hours,2025-12-02,516.55,2025-12-03,497.99,524.17,-3.593069402768357,1.4751718129900309,2025-12-10,519.54,0.5788403833123626,2026-01-05,456.55,-11.61552608653566,after-hours: next trading day open/close vs report-day close,5 trading sessions after the reaction trading day,21 trading sessions after the reaction trading day,Nasdaq historical daily OHLC,,,,,,,,,,,,,,,,,,,,
CRWD,"CrowdStrike Holdings, Inc.",CY2026Q1,USD,1305375000,311698000,993677000,979891000,13786000,57840000,-3621000,59377000,,,0.23,0.2,15,1305375000,1300000000,0.4134615384615385,,,,,,497869000,102465000,395404000,,,0.7612195729196591,0.010560949918605764,0.04548654601168247,0.3029045293498037,,0.05763123012953678,SEC companyfacts,2026-03-05,10-K,Nasdaq earnings surprise,not supplied by Nasdaq; after-hours convention used,true,CRWD,2026-03-03,after_hours,2026-03-03,391.42,2026-03-04,386.185,407.68,-1.337438046088604,4.154105564355421,2026-03-11,442.03,12.929845179091501,2026-04-02,399.12,1.9671963619641277,after-hours: next trading day open/close vs report-day close,5 trading sessions after the reaction trading day,21 trading sessions after the reaction trading day,Nasdaq historical daily OHLC,,,,,,,,,,,,,,,,,,,,
ZS,"Zscaler, Inc.",CY2025Q1,USD,678034000,155978000,522056000,547467000,-25411000,4563000,8688000,-4125000,-0.03,-0.03,,,,678034000,667130000,1.6344640474869967,1990890000,5339628000,3534689000,1804939000,1148881000,,,,,,0.7699554889577809,-0.03747747163121613,-0.006083765710864057,,,,SEC companyfacts,2025-05-29,10-Q,SEC companyfacts filing date fallback,SEC filing date fallback; exact earnings-release timing unavailable,false,ZS,2025-05-29,after_hours,2025-05-29,251.11,2025-05-30,262.83,275.7,4.667277288837549,9.792521205846032,2025-06-06,303.03,20.676197682290613,2025-07-01,307.32,22.38461232129345,after-hours: next trading day open/close vs report-day close,5 trading sessions after the reaction trading day,21 trading sessions after the reaction trading day,Nasdaq historical daily OHLC,marketbeat_cached_report_transcript,"://www.marketbeat.com/earnings/reports/2025-5-29-zscaler-inc-stock/'}; Link copied to clipboard. Key Takeaways Zscaler reported Q3 revenue of $678 M , up 23% YoY, its ARR hit around $2.9 B (+23%), and RPO almost reached $5 B (+30% YoY). The company raised its outlook, guiding Q4 revenue of $705–707 M (+19% YoY) and full-year billings of $3.184–3.189 B (+21–22%), with a target free cash flow margin of ~26%. Platform milestones include securing 50 M users , processing 100 quadrillion transactions and generating 20 PB of daily data, fueling AI-driven security solutions with strong network effects. Emerging offerings in Zero Trust Everywhere, Data Security Everywhere, and Agentic Operations are gaining traction, collectively approaching $1 B ARR and growing 60%–120% YoY. Zscaler agreed to acquire Red Canary for $675 M to bolster SecOps with managed detection and threat intel, expected to close in August 2025 with neutral impact on FY26 margins. AI Ge",2025-05-29,,705,707,706,,,,,,,,true,,2025-05-29,-100,100,through_reaction_trading_date
ZS,"Zscaler, Inc.",CY2025Q2,USD,678034000,155978000,522056000,547467000,-25411000,4563000,8688000,-4125000,-0.03,-0.03,0,-0.03,100,678034000,667130000,1.6344640474869967,2389023000,6419888000,4620615000,1799273000,,211081000,72163000,138918000,,,0.7699554889577809,-0.03747747163121613,-0.006083765710864057,0.20488353091437891,,0,SEC companyfacts,2025-05-29,10-Q,Nasdaq earnings surprise,not supplied by Nasdaq; after-hours convention used,true,ZS,2025-05-29,after_hours,2025-05-29,251.11,2025-05-30,262.83,275.7,4.667277288837549,9.792521205846032,2025-06-06,303.03,20.676197682290613,2025-07-01,307.32,22.38461232129345,after-hours: next trading day open/close vs report-day close,5 trading sessions after the reaction trading day,21 trading sessions after the reaction trading day,Nasdaq historical daily OHLC,marketbeat_cached_report_transcript,"://www.marketbeat.com/earnings/reports/2025-5-29-zscaler-inc-stock/'}; Link copied to clipboard. Key Takeaways Zscaler reported Q3 revenue of $678 M , up 23% YoY, its ARR hit around $2.9 B (+23%), and RPO almost reached $5 B (+30% YoY). The company raised its outlook, guiding Q4 revenue of $705–707 M (+19% YoY) and full-year billings of $3.184–3.189 B (+21–22%), with a target free cash flow margin of ~26%. Platform milestones include securing 50 M users , processing 100 quadrillion transactions and generating 20 PB of daily data, fueling AI-driven security solutions with strong network effects. Emerging offerings in Zero Trust Everywhere, Data Security Everywhere, and Agentic Operations are gaining traction, collectively approaching $1 B ARR and growing 60%–120% YoY. Zscaler agreed to acquire Red Canary for $675 M to bolster SecOps with managed detection and threat intel, expected to close in August 2025 with neutral impact on FY26 margins. AI Ge",2025-05-29,,705,707,706,,,,,,,,true,,2025-05-29,-100,,through_reaction_trading_date
ZS,"Zscaler, Inc.",CY2025Q3,USD,788112000,184753000,603359000,639721000,-36362000,-8374000,3241000,-11615000,-0.07,-0.07,-0.04,-0.02,-100,788112000,707150000,11.449056070140706,1338195000,6503087000,4520759000,1982328000,,448280000,17311000,430969000,,,0.7655751974338673,-0.046138112349513774,-0.014737753009724507,0.5468372515581542,,0.16234879076860453,SEC companyfacts,2025-11-25,10-Q,Nasdaq earnings surprise,not supplied by Nasdaq; after-hours convention used,true,ZS,2025-09-02,after_hours,2025-09-02,274.57,2025-09-03,272.5,270.58,-0.7539061077320877,-1.453181338092293,2025-09-10,278.79,1.5369486833958654,2025-10-02,307.58,12.022435080307387,after-hours: next trading day open/close vs report-day close,5 trading sessions after the reaction trading day,21 trading sessions after the reaction trading day,Nasdaq historical daily OHLC,,,,,,,,,,,,,,,,,,,,
ZS,"Zscaler, Inc.",CY2025Q4,USD,815751000,191260000,624491000,676264000,-51773000,-21298000,13014000,-34312000,-0.21,-0.21,-0.01,-0.05,80,815751000,773860000,5.413253043186106,1202751000,6753828000,4557880000,2195948000,,,,,,,0.765541200685013,-0.06346667058943231,-0.04206185465908102,,,0.03506988854376028,SEC companyfacts,2026-02-26,10-Q,Nasdaq earnings surprise,not supplied by Nasdaq; after-hours convention used,true,ZS,2025-11-25,after_hours,2025-11-25,289.73,2025-11-26,270.09,251.97,-6.778725019846078,-13.032823663410767,2025-12-04,241.85,-16.52573085286302,2025-12-29,228.02,-21.299140579159907,after-hours: next trading day open/close vs report-day close,5 trading sessions after the reaction trading day,21 trading sessions after the reaction trading day,Nasdaq historical daily OHLC,,,,,,,,,,,,,,,,,,,,
ZS,"Zscaler, Inc.",CY2026Q1,,,,,,,,,,,,-0.08,-0.05,-60,815750000,798920000,2.1065939017673863,,,,,,,,,,,,,,,,,SEC companyfacts,,,Nasdaq earnings surprise,not supplied by Nasdaq; after-hours convention used,false,ZS,2026-02-26,after_hours,2026-02-26,167.36,2026-02-27,144.95,146.99,-13.390296367112825,-12.171367112810708,2026-03-06,164.06,-1.971797323135762,2026-03-30,137.26,-17.98518164435948,after-hours: next trading day open/close vs report-day close,5 trading sessions after the reaction trading day,21 trading sessions after the reaction trading day,Nasdaq historical daily OHLC,,,,,,,,,,,,,,,,,,,,
APP,AppLovin Corp,CY2025Q1,USD,1158974000,151680000,1007294000,318992000,839982000,794606000,71068000,576419000,1.7,1.67,,,,1158974000,,,551024000,5706701000,5131280000,575421000,3509964000,831712000,,,,1000911000,0.8691256231805028,0.7247634545727514,0.4973528310384875,,919869000,,SEC companyfacts,2026-05-06,10-Q,,,false,APP,,,,,,,,,,,,,,,,,,,,marketbeat_cached_earnings_page,"AppLovin updated its second quarter 2026 earnings guidance on Wednesday, May, 6th. The company issued revenue guidance of $1.9 billion-$1.9 billion, compared to the consensus revenue estimate of $1.9 billion.",2026-05-06,CY2026Q2,1900000000,1900000000,1900000000,1900000000,0,,,,,,true,,,63.94,-100,through_reaction_trading_date
APP,AppLovin Corp,CY2025Q2,USD,1258754000,155076000,1103678000,301072000,957682000,884004000,112148000,819531000,2.42,2.39,2.26,1.99,13.57,1258754000,1370000000,-8.120145985401459,1192608000,5959497000,4792370000,1167127000,3510958000,,,,,,0.8768019803710654,0.760817443281213,0.6510652597727594,,,0.0860933894979525,SEC companyfacts,2025-08-06,10-Q,Nasdaq earnings surprise,not supplied by Nasdaq; after-hours convention used,false,APP,2025-08-06,after_hours,2025-08-06,390.57,2025-08-07,397.25,437.34,1.7103208131704961,11.974806052692214,2025-08-14,433.34,10.950661853188924,2025-09-08,547.04,40.06196072406995,after-hours: next trading day open/close vs report-day close,5 trading sessions after the reaction trading day,21 trading sessions after the reaction trading day,Nasdaq historical daily OHLC,,,,,,,,,,,,,,,,,,,,
APP,AppLovin Corp,CY2025Q3,USD,1405045000,174855000,1230190000,326038000,1079007000,1020946000,185401000,835545000,2.47,2.45,2.45,2.37,3.38,1405045000,1340000000,4.854104477611941,1666899000,6343035000,4869115000,1473920000,3511965000,1053422000,,,,501900000,0.8755520285827144,0.7679519161308,0.5946749036507728,,1114109000,0.11621889582873222,SEC companyfacts,2025-11-05,10-Q,Nasdaq earnings surprise,not supplied by Nasdaq; after-hours convention used,true,APP,2025-11-05,after_hours,2025-11-05,617.05,2025-11-06,651.47,621.36,5.578154120411648,0.6984847257110541,2025-11-13,556.15,-9.869540555870673,2025-12-08,689.76,11.78348594117171,after-hours: next trading day open/close vs report-day close,5 trading sessions after the reaction trading day,21 trading sessions after the reaction trading day,Nasdaq historical daily OHLC,marketbeat_cached_report_transcript,"esults were very strong — revenue of approximately $1,405M (+68% YoY), adjusted EBITDA of $1,158M (82% margin) and free cash flow of $1,049M (+92%); the company repurchased ~$571M of shares this quarter, the board raised buyback authorization by $3.2B, and Q4 guidance targets $1.57–$1.60B revenue with an 82–83% adjusted EBITDA margin. Positive Sentiment: The Axon self‑service platform launched Oct 1 cleanly; early referral advertisers are ramping spend ~50% week‑over‑week, and management plans broader 2026 opening supported by AI agents and generative‑creative tests to scale advertisers without a large sales force. Positive Sentiment: Management highlighted that iterative model improvements and growing advertiser density on the MAX supply side are materially improving conversion rates and monetization, which they expect to drive sustained revenue expansion across gaming and e‑commerce. Negative Sentiment: Execution and regulatory risks remain — t",2025-11-05,,82,83,83,,,,,,,,true,,2025-11-05,-100,-100,through_reaction_trading_date
APP,AppLovin Corp,CY2025Q4,USD,1657944000,183529000,1474415000,382701000,1275243000,1253354000,151098000,1102505000,,,3.24,2.89,12.11,1657944000,1610000000,2.977888198757764,2487096000,7259610000,5124939000,2134671000,3512987000,1313734000,,,,417615000,0.8893032575286017,0.7691713350993761,0.6649832563705409,,1307979000,0.17999352333911015,SEC companyfacts,2026-02-19,10-K,Nasdaq earnings surprise,not supplied by Nasdaq; after-hours convention used,true,APP,2026-02-11,after_hours,2026-02-11,456.81,2026-02-12,404,366.91,-11.560605065563363,-19.679954466846166,2026-02-20,418.68,-8.347015170420962,2026-03-16,453.3,-0.7683719708412668,after-hours: next trading day open/close vs report-day close,5 trading sessions after the reaction trading day,21 trading sessions after the reaction trading day,Nasdaq historical daily OHLC,,,,,,,,,,,,,,,,,,,,
APP,AppLovin Corp,CY2026Q1,USD,1842449000,203632000,1638817000,402516000,1439933000,1431408000,225795000,1205613000,3.57,3.56,3.56,3.4,4.71,1842449000,1770000000,4.09316384180791,2758671000,7707705000,5344222000,2363483000,3514022000,1291393000,,,,981723000,0.8894775377771651,0.7815320803995117,0.654353526203439,,1473598000,0.11128542339186366,SEC companyfacts,2026-05-06,10-Q,Nasdaq earnings surprise,not supplied by Nasdaq; after-hours convention used,false,APP,2026-05-06,after_hours,2026-05-06,468.83,2026-05-07,454.875,498.87,-2.976558667320774,6.407439796941326,2026-05-14,485.16,3.48313887763156,,,,after-hours: next trading day open/close vs report-day close,5 trading sessions after the reaction trading day,21 trading sessions after the reaction trading day,Nasdaq historical daily OHLC,marketbeat_cached_earnings_page,"AppLovin updated its second quarter 2026 earnings guidance on Wednesday, May, 6th. The company issued revenue guidance of $1.9 billion-$1.9 billion, compared to the consensus revenue estimate of $1.9 billion.",2026-05-06,CY2026Q2,1900000000,1900000000,1900000000,1900000000,0,,,,,,true,,,3.12,-100,through_reaction_trading_date
GTLB,Gitlab Inc.,CY2025Q1,USD,214509000,25035000,189474000,224084000,-34610000,-33719000,2539000,-35875000,-0.22,-0.22,,,,214509000,213210000,0.6092584775573378,255719000,1441990000,589393000,808280000,,106302000,912000,105390000,,,0.8832916101422318,-0.16134521162282237,-0.1672424000857773,0.49130805700460123,-34054000,,SEC companyfacts,2025-06-11,10-Q,SEC companyfacts filing date fallback,SEC filing date fallback; exact earnings-release timing unavailable,true,GTLB,2025-06-11,after_hours,2025-06-11,43.37,2025-06-12,43.6,43.71,0.5303204980401292,0.7839520405810547,2025-06-20,40.76,-6.017984782107447,2025-07-15,42.9,-1.0836984090385033,after-hours: next trading day open/close vs report-day close,5 trading sessions after the reaction trading day,21 trading sessions after the reaction trading day,Nasdaq historical daily OHLC,,,,,,,,,,,,,,,,,,,,
GTLB,Gitlab Inc.,CY2025Q2,USD,235960000,28505000,207455000,225806000,-18351000,-7751000,2245000,-9208000,-0.06,-0.06,-0.14,-0.08,-75,235960000,213210000,10.670231227428358,261371000,1498187000,586605000,866551000,,,,,,,0.879195626377352,-0.07777165621291744,-0.03902356331581624,,,0.10000046618090616,SEC companyfacts,2025-09-04,10-Q,Nasdaq earnings surprise,not supplied by Nasdaq; after-hours convention used,false,GTLB,2025-06-10,after_hours,2025-06-10,48.51,2025-06-11,41.98,43.37,-13.461142032570608,-10.59575345289631,2025-06-18,42.04,-13.337456194599051,2025-07-14,42.57,-12.24489795918367,after-hours: next trading day open/close vs report-day close,5 trading sessions after the reaction trading day,21 trading sessions after the reaction trading day,Nasdaq historical daily OHLC,marketbeat_cached_report_transcript,"gin expanding to 12.2% and a record 49% adjusted free cash flow margin. GitLab Duo adoption surged, with customers purchasing Duo up 35% quarter-over-quarter and AI features like chat and code suggestions now included in Premium and Ultimate tiers. Reaffirmed guidance for Q2 revenue of $226–227 million (+24% YoY) and full-year FY26 revenue of $936–942 million (+24%), with non-GAAP operating income expected between $117–121 million. Expenses related to the China joint venture Jihu rose to $3.1 million in Q1, with FY26 non-GAAP expenses projected at ~$18 million and an uncertain deconsolidation timeline. Strategic initiatives like the Amazon Q integration within GitLab and FedRAMP Moderate authorization for GitLab Dedicated are poised to enhance enterprise and public sector market penetration. AI Generated. May Contain Errors. Conference Call Audio Live Call not available Earnings Conference Call GitLab Q1 2026 00:00 / 00:00 Speed: 1x 1.25x 1.5x 2x",2025-06-10,,226000000,227000000,226500000,,,,,,,,true,,2025-06-10,-4.01,100,through_reaction_trading_date
GTLB,Gitlab Inc.,CY2025Q3,USD,244353000,32221000,212132000,224488000,-12356000,-6986000,1811000,-8276000,-0.05,-0.05,-0.03,-0.09,66.67,244353000,227200000,7.549735915492958,224231000,1570839000,602842000,922715000,,,,,,,0.8681374896154334,-0.05056618907891452,-0.033869033733983214,,,0.03556958806577386,SEC companyfacts,2025-12-03,10-Q,Nasdaq earnings surprise,not supplied by Nasdaq; after-hours convention used,false,GTLB,2025-09-03,after_hours,2025-09-03,46.91,2025-09-04,43.545,43.46,-7.173310594755905,-7.354508633553605,2025-09-11,49.74,6.0328288211468895,2025-10-03,46.91,0,after-hours: next trading day open/close vs report-day close,5 trading sessions after the reaction trading day,21 trading sessions after the reaction trading day,Nasdaq historical daily OHLC,,,,,,,,,,,,,,,,,,,,
GTLB,Gitlab Inc.,CY2025Q4,USD,260402000,34982000,225420000,230584000,-5164000,391000,3904000,-5205000,,,0,-0.05,100,260402000,239310000,8.8136726421796,229576000,1722747000,686499000,990668000,,,,,,,0.8656615540587246,-0.0198308768749856,-0.01998832574250582,,,0.06567957013009867,SEC companyfacts,2026-03-17,10-K,Nasdaq earnings surprise,not supplied by Nasdaq; after-hours convention used,true,GTLB,2025-12-02,after_hours,2025-12-02,43.37,2025-12-03,38.79,37.83,-10.560295134885862,-12.77380677887941,2025-12-10,40.5,-6.61747751902236,2026-01-05,37.51,-13.511643993543924,after-hours: next trading day open/close vs report-day close,5 trading sessions after the reaction trading day,21 trading sessions after the reaction trading day,Nasdaq historical daily OHLC,,,,,,,,,,,,,,,,,,,,
GTLB,Gitlab Inc.,CY2026Q1,,,,,,,,,,,,0.06,-0.02,400,260400000,252310000,3.2063731124410446,,,,,,,,,,,,,,,,,SEC companyfacts,,,Nasdaq earnings surprise,not supplied by Nasdaq; after-hours convention used,true,GTLB,2026-03-03,after_hours,2026-03-03,26.7,2026-03-04,23.6,25.05,-11.61048689138576,-6.1797752808988715,2026-03-11,23.16,-13.258426966292133,2026-04-02,22.57,-15.468164794007489,after-hours: next trading day open/close vs report-day close,5 trading sessions after the reaction trading day,21 trading sessions after the reaction trading day,Nasdaq historical daily OHLC,,,,,,,,,,,,,,,,,,,,
DOCN,"DigitalOcean Holdings, Inc.",CY2025Q1,USD,210703000,81259000,129444000,91802000,37642000,41380000,3176000,38204000,0.42,0.39,,,,210703000,208630000,0.9936250778890858,360421000,1641668000,1852415000,-210747000,1487264000,64090000,61963000,2127000,,59052000,0.6143434122912346,0.17864956834976245,0.18131682985054792,0.010094777957599084,66852000,,SEC companyfacts,2026-05-05,10-Q,,Report date inferred from MarketBeat earnings history revenue match; after-hours convention used,false,DOCN,2025-05-06,after_hours,2025-05-06,28.25,2025-05-07,28.31,28.62,0.21238938053096892,1.3097345132743399,2025-05-14,31.22,10.513274336283182,2025-06-06,28.63,1.3451327433628284,after-hours: next trading day open/close vs report-day close,5 trading sessions after the reaction trading day,21 trading sessions after the reaction trading day,Nasdaq historical daily OHLC,,,,,,,,,,,,,,,,,,,,
DOCN,"DigitalOcean Holdings, Inc.",CY2025Q2,USD,218700000,87755000,130945000,95326000,35619000,42448000,5421000,37027000,0.41,0.39,0.43,0.29,48.28,218700000,216620000,0.9602068137752747,387745000,1719808000,1895025000,-175217000,1489164000,,,,,,0.5987425697302241,0.16286694101508917,0.16930498399634203,,,0.0379538971917818,SEC companyfacts,2025-08-05,10-Q,Nasdaq earnings surprise,not supplied by Nasdaq; after-hours convention used,false,DOCN,2025-08-05,after_hours,2025-08-05,34.81,2025-08-06,35.57,36.47,2.1832806664751447,4.768744613616767,2025-08-13,31.75,-8.790577420281535,2025-09-05,32.76,-5.889112324044827,after-hours: next trading day open/close vs report-day close,5 trading sessions after the reaction trading day,21 trading sessions after the reaction trading day,Nasdaq historical daily OHLC,,,,,,,,,,,,,,,,,,,,
DOCN,"DigitalOcean Holdings, Inc.",CY2025Q3,USD,229634000,92701000,136933000,92001000,44932000,90314000,-68057000,158371000,1.74,1.51,0.38,0.31,22.58,229634000,226550000,1.3612888986978593,236561000,1725706000,1795324000,-69618000,1284315000,95787000,7771000,88016000,,2925000,0.5963097799106404,0.1956678889014693,0.6896670353693268,0.383288189031241,79992000,0.04999542752629172,SEC companyfacts,2025-11-05,10-Q,Nasdaq earnings surprise,not supplied by Nasdaq; after-hours convention used,true,DOCN,2025-11-05,after_hours,2025-11-05,45.81,2025-11-06,48.025,47.08,4.835188823400996,2.7723204540493254,2025-11-13,45.19,-1.3534162846540154,2025-12-08,49.49,8.033180528268936,after-hours: next trading day open/close vs report-day close,5 trading sessions after the reaction trading day,21 trading sessions after the reaction trading day,Nasdaq historical daily OHLC,,,,,,,,,,,,,,,,,,,,
DOCN,"DigitalOcean Holdings, Inc.",CY2025Q4,USD,242390000,100120000,142270000,103474000,38796000,32520000,6860000,25660000,,,0.28,0.21,33.33,242390000,237730000,1.9602069574727634,254475000,1837705000,1866395000,-28690000,970653000,57280000,26155000,31125000,,0,0.5869466562151904,0.16005610792524444,0.10586245307149635,0.12840876273773671,79210000,0.055549265352691675,SEC companyfacts,2026-02-24,10-K,Nasdaq earnings surprise,not supplied by Nasdaq; after-hours convention used,true,DOCN,2026-02-24,after_hours,2026-02-24,62.74,2026-02-25,62.89,59.27,0.239081925406437,-5.530761874402293,2026-03-04,52.26,-16.70385718839656,2026-03-26,85.62,36.467963021995544,after-hours: next trading day open/close vs report-day close,5 trading sessions after the reaction trading day,21 trading sessions after the reaction trading day,Nasdaq historical daily OHLC,,,,,,,,,,,,,,,,,,,,
DOCN,"DigitalOcean Holdings, Inc.",CY2026Q1,USD,257905000,113195000,144710000,108139000,36571000,24496000,8725000,15771000,0.17,0.15,0.22,0.12,83.33,257905000,249760000,3.2611306854580397,741363000,2570387000,1683011000,887376000,608466000,46921000,39992000,6929000,,0,0.5610980787499273,0.14180027529516684,0.061150423605591205,0.02686648184408988,82046000,0.06400841618878667,SEC companyfacts,2026-05-05,10-Q,Nasdaq earnings surprise,not supplied by Nasdaq; after-hours convention used,false,DOCN,2026-05-05,after_hours,2026-05-05,152.77,2026-05-06,154.92,160.99,1.4073443738953832,5.380637559730313,2026-05-13,159.18,4.195849970543952,,,,after-hours: next trading day open/close vs report-day close,5 trading sessions after the reaction trading day,21 trading sessions after the reaction trading day,Nasdaq historical daily OHLC,,,,,,,,,,,,,,,,,,,,
AI,"C3.ai, Inc.",CY2025Q1,USD,98782000,40435000,58347000,145932000,-87585000,-79865000,336000,-80201000,-0.62,-0.62,,,,98782000,98120000,0.6746840603342846,164358000,1025882000,187579000,838303000,,-22020000,362000,-22382000,,,0.5906642910651738,-0.8866493895649005,-0.8118989289546679,-0.22657974124840558,-84462000,,SEC companyfacts,2025-03-07,10-Q,,Report date inferred from MarketBeat earnings history revenue match; after-hours convention used,true,AI,2025-02-26,after_hours,,,,,,,,,,,,,,,,,,,,,,,,,,,,,,,,,,,,,
AI,"C3.ai, Inc.",CY2025Q2,USD,70261000,43817000,26444000,151263000,-124819000,-116469000,300000,-116769000,-0.86,-0.86,-0.59,-0.67,11.94,70261000,107850000,-34.85303662494205,80941000,968739000,169915000,798824000,,-33535000,760000,-34295000,,,0.3763681131780077,-1.7765047465877228,-1.6619319394827856,-0.4881086235607236,-121404000,-0.2887266910975684,SEC companyfacts,2025-09-09,10-Q,Nasdaq earnings surprise,not supplied by Nasdaq; after-hours convention used,true,AI,2025-05-28,after_hours,2025-05-28,23.02,2025-05-29,26.59,27.8,15.508253692441357,20.76455256298871,2025-06-05,25.34,10.07819287576021,2025-06-30,24.57,6.733275412684625,after-hours: next trading day open/close vs report-day close,5 trading sessions after the reaction trading day,21 trading sessions after the reaction trading day,Nasdaq historical daily OHLC,marketbeat_cached_report_transcript,"s/reports/2025-5-28-c3ai-inc-stock/'}; Link copied to clipboard. Key Takeaways C3AI reported Q4 revenue of $108.7 million, up 26% year-over-year , and full-year FY25 revenue of $389.1 million, marking its eighteenth consecutive quarter of meeting or exceeding guidance. The company renewed and expanded its strategic partnership with Baker Hughes through 2028 and bolstered alliances with Microsoft Azure, AWS, GCP, McKinsey QuantumBlack and PwC to drive global go-to-market expansion. Non-oil and gas revenue surged 48% year-over-year in FY25 as C3AI diversified into 19 industries including manufacturing, state and local government (100%+ growth), and life sciences. C3AI ended the quarter with $742.7 million in cash and investments , generated $10.3 million in free cash flow, and expects to be free cash flow positive in Q4 FY26 and non-GAAP profitable by H2 FY27. Guidance for FY26 revenue ranges from $447.5 million to $484.5 million , reflecting a wid",2025-05-28,,447500000,484500000,466000000,,,,,,,,true,,2025-05-28,563.24,100,through_reaction_trading_date
AI,"C3.ai, Inc.",CY2025Q3,USD,75147000,44767000,30380000,142493000,-112113000,-104431000,237000,-104668000,-0.75,-0.75,-0.86,-0.81,-6.17,75147000,104020000,-27.757162084214578,103205000,961298000,189413000,771885000,,,,,,,0.40427428906010887,-1.4919158449439098,-1.3928433603470531,,,0.06954071248630107,SEC companyfacts,2025-12-09,10-Q,Nasdaq earnings surprise,not supplied by Nasdaq; after-hours convention used,false,AI,2025-09-03,after_hours,2025-09-03,16.68,2025-09-04,14.95,15.46,-10.37170263788969,-7.3141486810551495,2025-09-11,16.4,-1.6786570743405345,2025-10-03,19.16,14.868105515587532,after-hours: next trading day open/close vs report-day close,5 trading sessions after the reaction trading day,21 trading sessions after the reaction trading day,Nasdaq historical daily OHLC,marketbeat_cached_report_transcript,"ed 374 cumulative IPDs, of which 266 remain active. Positive Sentiment: Appointed Steven Ahikian as new CEO and reorganized global sales and services under a Chief Commercial Officer to improve execution and customer experience. Neutral Sentiment: Provided Q2 guidance of $72–80 M in revenue and a non-GAAP operating loss of $49.5–57.5 M, while withdrawing previous full-year guidance. AI Generated. May Contain Errors. Conference Call Audio Live Call not available Earnings Conference Call C3.ai Q1 2026 00:00 / 00:00 Speed: 1x 1.25x 1.5x 2x (adsbygoogle = window.adsbygoogle || []).push({}); setTimeout(function(){var ad_container = document.querySelector('#ad5781517740');if(0 == ad_container.offsetHeight) {ad_container.innerHTML = ' Ad Paradigm Press $30 stock to buy before Starlink goes public (WATCH NOW!) In the next 3 minutes…\n\nJames Altucher – legendary investor and venture capitalist…\n\nAnd someone who’s known for playing his cards “close to t",2025-09-03,,50,58,54,,,,,,,,true,,2025-09-03,-100,100,through_reaction_trading_date
AI,"C3.ai, Inc.",CY2025Q4,USD,53260000,44025000,9235000,149643000,-140408000,-133189000,174000,-133363000,-0.94,-0.94,-0.75,-0.76,1.32,53260000,74860000,-28.85386053967406,88847000,895776000,176303000,719473000,,,,,,,0.17339466766804357,-2.636274877957191,-2.50399924896733,,,-0.2912558052883016,SEC companyfacts,2026-03-11,10-Q,Nasdaq earnings surprise,not supplied by Nasdaq; after-hours convention used,false,AI,2025-12-03,after_hours,2025-12-03,15.01,2025-12-04,14.95,15.32,-0.39973351099267485,2.065289806795473,2025-12-11,15.92,6.062624916722186,2026-01-06,14.15,-5.729513657561622,after-hours: next trading day open/close vs report-day close,5 trading sessions after the reaction trading day,21 trading sessions after the reaction trading day,Nasdaq historical daily OHLC,marketbeat_cached_report_transcript,"r in their original three to six-month term or extended for some duration, or converted to ongoing subscription or consumption contract, or are currently being negotiated for conversion to ongoing subscription or consumption contract. Now, I'll move on to our guidance for the next quarter. Our revenue guidance for Q3 of fiscal year 2026 is $72 million to $80 million. Hitesh Lath CFO at C3 AI 00:19:25 Our guidance for non-GAAP loss from operations for Q3 is $44 million-$52 million. Our revenue guidance for fiscal year 2026 is $289.5 million-$309.5 million. Our guidance for non-GAAP loss from operations for fiscal year 2026 is $180.5 million-$210.5 million. Our guidance for Q3 and fiscal year 2026 reflects sequentially higher sales and marketing expenses in Q3 and Q4 due to major marketing events, including World Economic Forum and Transform. With that, I'd like to turn the call over to the operator to begin the Q&A session. Operator. Operator 00:2",2025-12-03,,72000000,80000000,76000000,,,,,,,,true,,2025-12-03,42.7,100,through_reaction_trading_date
AI,"C3.ai, Inc.",CY2026Q1,,,,,,,,,,,,-0.94,-0.73,-28.77,53260000,75910000,-29.83796601238308,,,,,,,,,,,,,,,,,SEC companyfacts,,,Nasdaq earnings surprise,not supplied by Nasdaq; after-hours convention used,false,AI,2026-02-25,after_hours,2026-02-25,10.31,2026-02-26,7.79,8.4,-24.44228903976722,-18.525703200775943,2026-03-05,9.39,-8.923375363724539,2026-03-27,7.76,-24.733268671193024,after-hours: next trading day open/close vs report-day close,5 trading sessions after the reaction trading day,21 trading sessions after the reaction trading day,Nasdaq historical daily OHLC,marketbeat_cached_earnings_page,"C3.ai issued an update on its fourth quarter 2026 earnings guidance on Wednesday, February, 25th. The company issued revenue guidance of $48.0 million-$52.0 million, compared to the consensus revenue estimate of $77.6 million.",2026-02-25,CY2026Q4,48000000,52000000,50000000,77600000,-35.57,,,,,,true,,,,100,through_reaction_trading_date
SMCI,"Super Micro Computer, Inc.",CY2025Q1,USD,4599913000,4159695000,440218000,293438000,146780000,115065000,5843000,108777000,0.18,0.17,,,,4599913000,5400000000,-14.816425925925925,2536101000,10738525000,4359046000,6379319000,106974000,626764000,32700000,594064000,,,0.0957013752216618,0.03190929915413618,0.023647621161530664,0.12914679038494858,157680000,,SEC companyfacts,2026-05-11,10-Q,,Report date inferred from MarketBeat earnings history revenue match; after-hours convention used,true,SMCI,2025-05-06,after_hours,2025-05-06,32.94,2025-05-07,31.1,32.48,-5.5859137826350835,-1.3964784456587762,2025-05-14,45,36.6120218579235,2025-06-06,41.55,26.138433515482696,after-hours: next trading day open/close vs report-day close,5 trading sessions after the reaction trading day,21 trading sessions after the reaction trading day,Nasdaq historical daily OHLC,,,,,,,,,,,,,,,,,,,,
SMCI,"Super Micro Computer, Inc.",CY2025Q2,USD,5756911000,5212809000,544102000,315711000,228391000,222725000,19307000,195154000,,,0.31,0.35,-11.43,5756911000,5880000000,-2.0933503401360545,5169911000,14018429000,7716558000,6301693000,112475000,863613000,22678000,840935000,,,0.09451283856915627,0.03967249102860892,0.03389908233773286,0.14607399697511392,239991000,0.25152606147116263,SEC companyfacts,2025-08-28,10-K,Nasdaq earnings surprise,not supplied by Nasdaq; after-hours convention used,true,SMCI,2025-08-05,after_hours,2025-08-05,57.26,2025-08-06,47.33,46.79,-17.34194900454069,-18.285015717778553,2025-08-13,46.07,-19.5424380020957,2025-09-05,40.41,-29.42717429269997,after-hours: next trading day open/close vs report-day close,5 trading sessions after the reaction trading day,21 trading sessions after the reaction trading day,Nasdaq historical daily OHLC,,,,,,,,,,,,,,,,,,,,
SMCI,"Super Micro Computer, Inc.",CY2025Q3,USD,5017790000,4550417000,467373000,285117000,182256000,208552000,40161000,168285000,0.28,0.26,0.26,0.19,36.84,5017790000,6480000000,-22.564969135802468,4196867000,14386037000,7862477000,6523390000,125817000,-917523000,32270000,-949793000,,,0.0931431965068287,0.0363219664433944,0.03353767295960971,-0.18928512353047855,194356000,-0.12838847083097168,SEC companyfacts,2025-11-07,10-Q,Nasdaq earnings surprise,not supplied by Nasdaq; after-hours convention used,false,SMCI,2025-11-04,after_hours,2025-11-04,47.4,2025-11-05,44.975,42.03,-5.116033755274256,-11.329113924050628,2025-11-12,37.91,-20.02109704641351,2025-12-05,34.69,-26.814345991561183,after-hours: next trading day open/close vs report-day close,5 trading sessions after the reaction trading day,21 trading sessions after the reaction trading day,Nasdaq historical daily OHLC,,,,,,,,,,,,,,,,,,,,
SMCI,"Super Micro Computer, Inc.",CY2025Q4,USD,12682491000,11883924000,798567000,324269000,474298000,500207000,99151000,400564000,0.67,0.6,0.56,0.41,36.59,12682491000,10340000000,22.654651837524177,4091083000,28001610000,21009433000,6992015000,223213000,,,,,,0.06296610027162645,0.037397858196784844,0.031584016105353434,,487098000,1.5275053360144606,SEC companyfacts,2026-02-06,10-Q,Nasdaq earnings surprise,not supplied by Nasdaq; after-hours convention used,false,SMCI,2026-02-03,after_hours,2026-02-03,29.67,2026-02-04,32.95,33.76,11.054937647455345,13.784967981125703,2026-02-11,32.04,7.987866531850345,2026-03-06,31.31,5.52746882372766,after-hours: next trading day open/close vs report-day close,5 trading sessions after the reaction trading day,21 trading sessions after the reaction trading day,Nasdaq historical daily OHLC,,,,,,,,,,,,,,,,,,,,
SMCI,"Super Micro Computer, Inc.",CY2026Q1,USD,10243014000,9224334000,1018680000,392812000,625868000,610969000,126887000,483387000,0.81,0.72,0.68,0.55,23.64,10243014000,12390000000,-17.328377723970945,1290324000,23452029000,15876438000,7575430000,4113744000,,,,,,0.0994511966887871,0.06110193737897849,0.047191871455022905,,639368000,-0.192349988657591,SEC companyfacts,2026-05-11,10-Q,Nasdaq earnings surprise,not supplied by Nasdaq; after-hours convention used,false,SMCI,2026-05-05,after_hours,2026-05-05,27.83,2026-05-06,31.44,34.66,12.971613366870297,24.54186130075458,2026-05-13,32,14.983830398850168,,,,after-hours: next trading day open/close vs report-day close,5 trading sessions after the reaction trading day,21 trading sessions after the reaction trading day,Nasdaq historical daily OHLC,marketbeat_cached_report_transcript,"xt:'',url:'https://www.marketbeat.com/earnings/reports/2026-5-5-super-micro-computer-inc-stock/'}; Link copied to clipboard. Key Takeaways Positive Sentiment: Super Micro reported Q3 revenue of $10.2 billion (up 123% YoY, down 19% QoQ) and provided Q4 revenue guidance of $11.0–$12.5 billion with full FY26 guidance of $38.9–$40.4 billion , citing customer readiness delays that should defer to upcoming quarters rather than lost demand. Positive Sentiment: Non-GAAP gross margin recovered sharply to 10.1% from 6.4% last quarter, driven by improved product/customer mix, lower tariffs and fewer expedite/inventory charges, and management is targeting a sustainable double‑digit gross margin longer term. Positive Sentiment: The company is expanding its Data Center Building Block Solutions (DCBBS) and software business, with software revenue accelerating from under $10M/quarter to $34M then >$46M booked this quarter, and management expects DCBBS to become ",2026-05-05,,11000000000,12500000000,11750000000,,,,,,,,true,,2026-05-05,14.71,-100,through_reaction_trading_date
PG,PROCTER & GAMBLE Co,CY2025Q1,USD,19776000000,9694000000,10082000000,5524000000,4558000000,,868000000,3769000000,1.58,1.54,,,,19776000000,20420000000,-3.1537708129285016,9116000000,122984000000,70439000000,52545000000,24252000000,3705000000,859000000,2846000000,2433000000,1351000000,0.5098098705501618,0.23048139158576053,0.19058454692556634,0.14391181229773461,5248000000,,SEC companyfacts,2026-04-24,10-Q,,Report date inferred from MarketBeat earnings history revenue match; after-hours convention used,true,PG,2025-04-24,after_hours,2025-04-24,159.53,2025-04-25,159.88,161.02,0.21939447125932068,0.9339936062182719,2025-05-02,160.52,0.6205729329906657,2025-05-27,167.76,5.1589042813263895,after-hours: next trading day open/close vs report-day close,5 trading sessions after the reaction trading day,21 trading sessions after the reaction trading day,Nasdaq historical daily OHLC,marketbeat_cached_report_transcript,"ing contributing one point despite consumer and retailer volatility . Core EPS rose to $1.54 (+1% y/y, +3% currency neutral) with a 100 bp increase in currency-neutral operating margin, supported by 280 bp of productivity improvements. P&G lowered fiscal 2025 guidance, now expecting ~2% organic sales growth (0.5–4.5% in Q4) and core EPS of $6.72–6.82, signaling near-term market softness . Anticipated tariff impacts of $1.0–1.5 billion pretax will create ~140–180 bp margin headwinds, prompting strategies around productivity, pricing and supply-chain adjustments. The company returned nearly $3.8 billion to shareholders in Q3 through $2.4 billion of dividends (a 5% increase) and $1.4 billion of share buybacks, underscoring strong cash-flow generation. AI Generated. May Contain Errors. Conference Call Audio Live Call not available Earnings Conference Call Procter & Gamble Q3 2025 00:00 / 00:00 Speed: 1x 1.25x 1.5x 2x Transcript Sections Presentation ",2025-04-24,,,,,,,6.72,6.82,6.77,,,true,,2025-04-24,-100,339.61,through_reaction_trading_date
PG,PROCTER & GAMBLE Co,CY2025Q2,USD,20889000000,10631000000,10258000000,5903000000,4355000000,,895000000,3616000000,,,1.48,1.43,3.5,20889000000,20790000000,0.4761904761904762,9556000000,125231000000,72946000000,52284000000,24995000000,4985000000,996000000,3989000000,2553000000,700000000,0.49107185600076597,0.208482933601417,0.17310546220498826,0.19096175020345638,5078000000,0.056280339805825245,SEC companyfacts,2025-08-04,10-K,Nasdaq earnings surprise,not supplied by Nasdaq; after-hours convention used,true,PG,2025-07-29,after_hours,2025-07-29,156.61,2025-07-30,157,152.88,0.24902624353488687,-2.3817125343209358,2025-08-06,152.86,-2.3944831109124576,2025-08-28,155.65,-0.6129876763935942,after-hours: next trading day open/close vs report-day close,5 trading sessions after the reaction trading day,21 trading sessions after the reaction trading day,Nasdaq historical daily OHLC,marketbeat_cached_report_transcript,"ear Restructuring Program: Aimed at boosting productivity and funding growth, the plan will streamline portfolio, supply chain and organization design—including up to 7,000 non-manufacturing role eliminations—and accelerate innovation. Neutral Sentiment: FY26 Outlook: Guidance calls for organic sales growth in line to +4% and core EPS growth in line to +4% (to $6.83–$7.09), incorporating a $1 billion tariff headwind plus commodity, currency and restructuring effects. AI Generated. May Contain Errors. Conference Call Audio Live Call not available Earnings Conference Call Procter & Gamble Q4 2025 00:00 / 00:00 Speed: 1x 1.25x 1.5x 2x Transcript Sections Presentation Participants (adsbygoogle = window.adsbygoogle || []).push({}); setTimeout(function(){var ad_container = document.querySelector('#ad5781517740');if(0 == ad_container.offsetHeight) {ad_container.innerHTML = ' Ad Profits Run Your book is inside The ""Sucker\'s Bet"" Most New Options Traders",2025-07-29,,,,,,,6.83,7.09,6.96,,,true,,2025-07-29,-100,370.27,through_reaction_trading_date
PG,PROCTER & GAMBLE Co,CY2025Q3,USD,22386000000,10887000000,11499000000,5643000000,5856000000,,1253000000,4750000000,2,1.95,1.99,1.9,4.74,22386000000,22230000000,0.7017543859649122,11171000000,127599000000,74048000000,53551000000,24315000000,5408000000,1200000000,4208000000,2549000000,1250000000,0.5136692575716966,0.26159206647011524,0.2121861877959439,0.18797462699901724,6617000000,0.07166451242280626,SEC companyfacts,2025-10-24,10-Q,Nasdaq earnings surprise,not supplied by Nasdaq; after-hours convention used,false,PG,2025-10-24,after_hours,2025-10-24,152.49,2025-10-27,151.61,151.74,-0.5770870220998068,-0.4918355301987015,2025-11-03,148.02,-2.9313397599842603,2025-11-25,148.49,-2.6231228277264083,after-hours: next trading day open/close vs report-day close,5 trading sessions after the reaction trading day,21 trading sessions after the reaction trading day,Nasdaq historical daily OHLC,,,,,,,,,,,,,,,,,,,,
PG,PROCTER & GAMBLE Co,CY2025Q4,USD,22208000000,10834000000,11374000000,6008000000,5366000000,,1090000000,4319000000,1.82,1.78,1.88,1.87,0.53,22208000000,22360000000,-0.6797853309481217,10825000000,127286000000,73969000000,53317000000,25577000000,,,,,,0.5121577809798271,0.24162463976945245,0.1944794668587896,,6169000000,-0.007951398195300635,SEC companyfacts,2026-01-23,10-Q,Nasdaq earnings surprise,not supplied by Nasdaq; after-hours convention used,false,PG,2026-01-22,after_hours,2026-01-22,149.93,2026-01-23,150.84,150.15,0.606949909957978,0.14673514306676372,2026-01-30,151.77,1.2272393783765778,2026-02-24,165.28,10.238111118521973,after-hours: next trading day open/close vs report-day close,5 trading sessions after the reaction trading day,21 trading sessions after the reaction trading day,Nasdaq historical daily OHLC,,,,,,,,,,,,,,,,,,,,
PG,PROCTER & GAMBLE Co,CY2026Q1,USD,21235000000,10722000000,10513000000,5937000000,4576000000,,1039000000,3932000000,1.66,1.63,1.59,1.56,1.92,21235000000,21520000000,-1.3243494423791822,12306000000,128378000000,73647000000,54731000000,23852000000,,,,,,0.4950788792088533,0.21549328938073933,0.18516599952907936,,5361000000,-0.04381304034582133,SEC companyfacts,2026-04-24,10-Q,Nasdaq earnings surprise,not supplied by Nasdaq; after-hours convention used,false,PG,2026-04-24,after_hours,2026-04-24,148.18,2026-04-27,147.42,148.4,-0.5128897287083408,0.1484680793629362,2026-05-04,143.42,-3.212309353489013,,,,after-hours: next trading day open/close vs report-day close,5 trading sessions after the reaction trading day,21 trading sessions after the reaction trading day,Nasdaq historical daily OHLC,marketbeat_cached_report_transcript,"PS was $1.59 (up 3% nominal; currency‑neutral in line) but margins contracted — core growth margin down 100 bps and core operating margin down ~80 bps — driven by reinvestment and Middle East energy cost impacts. Negative Sentiment: P&G maintained fiscal 2026 guidance (organic sales in line to 4%; core EPS $6.83–$7.09) but now expects results toward the lower end due to geopolitical cost headwinds (~$150M after tax this year and materially larger exposure if oil stays elevated). Positive Sentiment: Productivity improved ~330 basis points and the company is scaling innovation and supply‑chain capabilities (examples: Tide evo, Fairy Skip the Soak, Mr. Clean, SK‑II) while protecting incremental investments to sustain growth. Positive Sentiment: P&G returned $3.2 billion this quarter, announced a 3% dividend increase (70th consecutive annual raise) and plans roughly $15 billion of shareholder returns in FY26, while its restructuring (15% non‑manufact",2026-04-24,,,,,,,6.83,7.09,6.96,,,true,,2026-04-24,-100,337.74,through_reaction_trading_date
KO,COCA COLA CO,CY2025Q1,USD,11129000000,4163000000,6966000000,3307000000,3659000000,4057000000,722000000,3330000000,0.77,0.77,,,,11129000000,11230000000,-0.8993766696349066,8417000000,101716000000,,26202000000,,-5202000000,309000000,-5511000000,89000000,370000000,0.6259322490789828,0.32878066313235693,0.29921825860364815,-0.49519273968910055,3926000000,,SEC companyfacts,2026-04-30,10-Q,,Report date inferred from MarketBeat earnings history revenue match; after-hours convention used,false,KO,2025-04-29,after_hours,2025-04-29,72.35,2025-04-30,73.35,72.55,1.38217000691085,0.27643400138217394,2025-05-07,72.4,0.06910850034555822,2025-05-30,72.1,-0.3455425017277125,after-hours: next trading day open/close vs report-day close,5 trading sessions after the reaction trading day,21 trading sessions after the reaction trading day,Nasdaq historical daily OHLC,,,,,,,,,,,,,,,,,,,,
KO,COCA COLA CO,CY2025Q2,USD,12535000000,4714000000,7821000000,3541000000,4280000000,4796000000,993000000,3810000000,0.89,0.88,0.87,0.83,4.82,12535000000,12550000000,-0.1195219123505976,9590000000,104333000000,,28585000000,,,,,,,0.623932987634623,0.34144395692062224,0.3039489429597128,,4559000000,0.12633659807709588,SEC companyfacts,2025-07-24,10-Q,Nasdaq earnings surprise,not supplied by Nasdaq; after-hours convention used,true,KO,2025-07-22,after_hours,2025-07-22,69.66,2025-07-23,69.66,69.16,0,-0.7177720356014929,2025-07-30,68.75,-1.3063451047947123,2025-08-21,70.66,1.4355440712029859,after-hours: next trading day open/close vs report-day close,5 trading sessions after the reaction trading day,21 trading sessions after the reaction trading day,Nasdaq historical daily OHLC,marketbeat_cached_report_transcript,"ng brand momentum and market execution. Positive Sentiment: Generated free cash flow of $3.9 billion and ended the quarter with net debt at 2× EBITDA , providing ample capacity for investment and shareholder returns. Neutral Sentiment: Affirmed full-year 2025 guidance for 5–6% organic revenue growth and ~8% comparable currency-neutral EPS growth, while modeling a 1–2 point revenue and 5 point EPS currency headwind. AI Generated. May Contain Errors. Conference Call Audio Live Call not available Earnings Conference Call CocaCola Q2 2025 00:00 / 00:00 Speed: 1x 1.25x 1.5x 2x Transcript Sections Presentation Participants (adsbygoogle = window.adsbygoogle || []).push({}); setTimeout(function(){var ad_container = document.querySelector('#ad5781517740');if(0 == ad_container.offsetHeight) {ad_container.innerHTML = ' Ad Behind the Markets Goldman Sachs just told you what to buy (most people missed it) Goldman Sachs just revealed that 40% of AI data center",2025-07-22,,1,2,2,,,1,2,1.5,,,true,,2025-07-22,-100,72.41,through_reaction_trading_date
KO,COCA COLA CO,CY2025Q3,USD,12455000000,4797000000,7658000000,3676000000,3982000000,4183000000,500000000,3696000000,0.86,0.86,0.82,0.78,5.13,12455000000,12460000000,-0.04012841091492777,12732000000,106045000000,,31247000000,,5043000000,479000000,4564000000,2108000000,172000000,0.6148534725010036,0.31971095945403455,0.2967482938578884,0.3664391810517864,4250000000,-0.006382130035899481,SEC companyfacts,2025-10-23,10-Q,Nasdaq earnings surprise,not supplied by Nasdaq; after-hours convention used,true,KO,2025-10-21,after_hours,2025-10-21,71.22,2025-10-22,71.36,70.81,0.19657399606852086,-0.5756809884863754,2025-10-29,68.35,-4.029766919404668,2025-11-20,71.21,-0.01404099971918719,after-hours: next trading day open/close vs report-day close,5 trading sessions after the reaction trading day,21 trading sessions after the reaction trading day,Nasdaq historical daily OHLC,,,,,,,,,,,,,,,,,,,,
KO,COCA COLA CO,CY2025Q4,USD,11822000000,4723000000,7099000000,5258000000,1841000000,2962000000,646000000,2271000000,,,0.58,0.57,1.75,11822000000,12040000000,-1.8106312292358804,10270000000,104816000000,,32169000000,,3756000000,882000000,2874000000,4388000000,102000000,0.6004906107257655,0.15572661140246996,0.19209947555405177,0.24310607342243276,2077000000,-0.05082296266559615,SEC companyfacts,2026-02-20,10-K,Nasdaq earnings surprise,not supplied by Nasdaq; after-hours convention used,true,KO,2026-02-10,after_hours,2026-02-10,76.81,2026-02-11,76.88,78.6,0.09113396693138026,2.3304257258169403,2026-02-19,78.91,2.734019007941667,2026-03-13,77.34,0.6900143210519478,after-hours: next trading day open/close vs report-day close,5 trading sessions after the reaction trading day,21 trading sessions after the reaction trading day,Nasdaq historical daily OHLC,marketbeat_cached_report_transcript,"ve Sentiment: Smooth leadership transition: James Quincey moves to Executive Chair and Enrique Braun becomes CEO with management framing the handover as seamless and confidence in Enrique’s ability to drive the next chapter of growth. Positive Sentiment: 2026 guidance — the company expects organic revenue growth of 4–5% , comparable EPS growth of 7–8% (from $3 in 2025), and about $12.2B in free cash flow while continuing to invest behind brands and volume priorities. Positive Sentiment: 2025 financial momentum — Coca‑Cola delivered comparable operating margin expansion, reached $3 comparable EPS for 2025, and achieved a 93% adjusted free cash flow conversion, supporting dividends and optionality. Negative Sentiment: Uneven volume trends and market headwinds: North America performed strongly (around 30% operating margin), but China and India showed softness and Mexico faces a new excise tax that is expected to pressure 2026 volume. Neutral Sentime",2026-02-10,,4,5,5,,,7,8,7.5,,,true,,2026-02-10,-100,1193.1,through_reaction_trading_date
KO,COCA COLA CO,CY2026Q1,USD,12472000000,4620000000,7852000000,3493000000,4359000000,4611000000,645000000,3924000000,0.91,0.91,0.86,0.81,6.17,12472000000,12240000000,1.8954248366013071,10574000000,104217000000,,33633000000,,2021000000,266000000,1755000000,2281000000,477000000,0.6295702373316229,0.3495028864656831,0.31462475946119306,0.14071520205259783,4623000000,0.054982236508205044,SEC companyfacts,2026-04-30,10-Q,Nasdaq earnings surprise,not supplied by Nasdaq; after-hours convention used,false,KO,2026-04-28,after_hours,2026-04-28,78.35,2026-04-29,78.37,78.87,0.025526483726879684,0.6636885768985453,2026-05-06,79.23,1.1231652839821438,,,,after-hours: next trading day open/close vs report-day close,5 trading sessions after the reaction trading day,21 trading sessions after the reaction trading day,Nasdaq historical daily OHLC,,,,,,,,,,,,,,,,,,,,
COST,COSTCO WHOLESALE CORP /NEW,CY2025Q1,USD,63205000000,54996000000,8209000000,5679000000,2530000000,,677000000,1903000000,4.29,4.28,,,,63205000000,62930000000,0.4369934848244081,13836000000,75482000000,48357000000,27125000000,5717000000,,,,577000000,,0.12987896527173484,0.040028478759591805,0.030108377501779922,,3082000000,,SEC companyfacts,2025-06-05,10-Q,SEC companyfacts filing date fallback,SEC filing date fallback; exact earnings-release timing unavailable,false,COST,2025-06-05,after_hours,2025-06-05,1010.81,2025-06-06,1020.63,1014.94,0.9714981054797688,0.4085832154410927,2025-06-13,990.21,-2.037969549173426,2025-07-09,982.09,-2.8412857015660626,after-hours: next trading day open/close vs report-day close,5 trading sessions after the reaction trading day,21 trading sessions after the reaction trading day,Nasdaq historical daily OHLC,,,,,,,,,,,,,,,,,,,,
COST,COSTCO WHOLESALE CORP /NEW,CY2025Q2,USD,63205000000,54996000000,8209000000,5679000000,2530000000,,677000000,1903000000,4.29,4.28,4.28,4.25,0.71,63205000000,62930000000,0.4369934848244081,,,,,,3460000000,1131000000,2329000000,577000000,211000000,0.12987896527173484,0.040028478759591805,0.030108377501779922,0.03684835060517364,3082000000,0,SEC companyfacts,2025-06-05,10-Q,Nasdaq earnings surprise,not supplied by Nasdaq; after-hours convention used,true,COST,2025-05-29,after_hours,2025-05-29,1008.74,2025-05-30,1002.3,1040.18,-0.6384202073874392,3.116759521779651,2025-06-06,1014.94,0.6146281499692731,2025-07-01,985.96,-2.258262783274181,after-hours: next trading day open/close vs report-day close,5 trading sessions after the reaction trading day,21 trading sessions after the reaction trading day,Nasdaq historical daily OHLC,,,,,,,,,,,,,,,,,,,,
COST,COSTCO WHOLESALE CORP /NEW,CY2025Q3,USD,86156000000,75037000000,11119000000,7778000000,3341000000,,900000000,2610000000,,,5.87,5.81,1.03,86156000000,86010000000,0.1697477037553773,14161000000,77099000000,47935000000,29164000000,5713000000,3867000000,1966000000,1901000000,576000000,280000000,0.1290565950136961,0.0387784948233437,0.030293885510005107,0.022064626955754677,4115000000,0.36312000632861324,SEC companyfacts,2025-10-08,10-K,Nasdaq earnings surprise,not supplied by Nasdaq; after-hours convention used,true,COST,2025-09-25,after_hours,2025-09-25,943.31,2025-09-26,925.55,915.95,-1.8827320817122677,-2.9004250988540248,2025-10-03,915.38,-2.9608506217468222,2025-10-27,929.85,-1.4268904177841772,after-hours: next trading day open/close vs report-day close,5 trading sessions after the reaction trading day,21 trading sessions after the reaction trading day,Nasdaq historical daily OHLC,,,,,,,,,,,,,,,,,,,,
COST,COSTCO WHOLESALE CORP /NEW,CY2025Q4,USD,67307000000,58510000000,8797000000,6334000000,2463000000,,582000000,2001000000,4.51,4.5,4.34,4.26,1.88,67307000000,67030000000,0.41324779949276447,16217000000,82790000000,52487000000,30303000000,5666000000,4688000000,1526000000,3162000000,577000000,210000000,0.13069963005333768,0.03659351924762655,0.029729448645757498,0.046978768924480364,3060000000,-0.21877756627512884,SEC companyfacts,2025-12-17,10-Q,Nasdaq earnings surprise,not supplied by Nasdaq; after-hours convention used,false,COST,2025-12-11,after_hours,2025-12-11,884.48,2025-12-12,883.3,884.47,-0.13341172214183064,-0.0011306078147601873,2025-12-19,855.62,-3.26293415340087,2026-01-14,950.98,7.518541968162083,after-hours: next trading day open/close vs report-day close,5 trading sessions after the reaction trading day,21 trading sessions after the reaction trading day,Nasdaq historical daily OHLC,,,,,,,,,,,,,,,,,,,,
COST,COSTCO WHOLESALE CORP /NEW,CY2026Q1,USD,69597000000,60719000000,8878000000,6272000000,2606000000,,686000000,2035000000,4.58,4.58,4.58,4.55,0.66,69597000000,68960000000,0.923723897911833,17383000000,83639000000,51552000000,32087000000,5688000000,,,,577000000,,0.12756296966823283,0.0374441427073006,0.029239766081871343,,3203000000,0.034023207095844415,SEC companyfacts,2026-03-11,10-Q,Nasdaq earnings surprise,not supplied by Nasdaq; after-hours convention used,false,COST,2026-03-05,after_hours,2026-03-05,982.57,2026-03-06,967.005,998.1,-1.5841110557008715,1.5805489685213239,2026-03-13,1008.43,2.631873556082508,2026-04-07,1013.21,3.1183528908881795,after-hours: next trading day open/close vs report-day close,5 trading sessions after the reaction trading day,21 trading sessions after the reaction trading day,Nasdaq historical daily OHLC,,,,,,,,,,,,,,,,,,,,
WMT,Walmart Inc.,CY2025Q1,USD,163981000000,124303000000,39678000000,32543000000,7135000000,5994000000,1355000000,4487000000,0.56,0.56,,,,163981000000,164530000000,-0.3336777487388318,9311000000,262372000000,,83793000000,40605000000,5411000000,4986000000,425000000,1880000000,4555000000,0.2419670571590611,0.04351113848555625,0.02736292619266866,0.0025917636799385295,10504000000,,SEC companyfacts,2025-06-06,10-Q,SEC companyfacts filing date fallback,SEC filing date fallback; exact earnings-release timing unavailable,true,WMT,2025-06-06,after_hours,2025-06-06,97.47,2025-06-09,97.4,97.45,-0.07181696932388754,-0.020519134092537212,2025-06-16,94.29,-3.2625423207140583,2025-07-10,94.86,-2.6777469990766383,after-hours: next trading day open/close vs report-day close,5 trading sessions after the reaction trading day,21 trading sessions after the reaction trading day,Nasdaq historical daily OHLC,,,,,,,,,,,,,,,,,,,,
WMT,Walmart Inc.,CY2025Q2,USD,175750000000,132771000000,42979000000,35693000000,7286000000,9319000000,2168000000,7026000000,0.88,0.88,0.61,0.57,7.02,175750000000,164530000000,6.819425028870114,9431000000,270837000000,,90110000000,39651000000,,,,,,0.2445462304409673,0.041456614509246086,0.03997724039829303,,10773000000,0.07177050999810954,SEC companyfacts,2025-08-29,10-Q,Nasdaq earnings surprise,not supplied by Nasdaq; after-hours convention used,false,WMT,2025-05-15,after_hours,2025-05-15,96.35,2025-05-16,96.14,98.24,-0.21795537104306564,1.9615983393876497,2025-05-23,96.34,-0.010378827192517806,2025-06-17,94.25,-2.179553710430716,after-hours: next trading day open/close vs report-day close,5 trading sessions after the reaction trading day,21 trading sessions after the reaction trading day,Nasdaq historical daily OHLC,,,,,,,,,,,,,,,,,,,,
WMT,Walmart Inc.,CY2025Q3,USD,177769000000,134706000000,43063000000,36367000000,6696000000,8186000000,2098000000,6143000000,0.77,0.77,0.68,0.73,-6.85,177769000000,174020000000,2.1543500747040567,10582000000,288655000000,,96094000000,37968000000,,,,,,0.2422413356659485,0.037666859801202685,0.03455608120650957,,10302000000,0.011487908961593173,SEC companyfacts,2025-12-03,10-Q,Nasdaq earnings surprise,not supplied by Nasdaq; after-hours convention used,false,WMT,2025-08-21,after_hours,2025-08-21,97.96,2025-08-22,98.065,96.83,0.10718660677828092,-1.1535320538995464,2025-08-29,96.98,-1.0004083299305735,2025-09-23,102.52,4.654961208656597,after-hours: next trading day open/close vs report-day close,5 trading sessions after the reaction trading day,21 trading sessions after the reaction trading day,Nasdaq historical daily OHLC,,,,,,,,,,,,,,,,,,,,
WMT,Walmart Inc.,CY2025Q4,USD,188913000000,143615000000,45298000000,36590000000,8708000000,5970000000,1578000000,4237000000,,,0.62,0.61,1.64,188913000000,175150000000,7.857836140451043,10727000000,284668000000,,99617000000,34624000000,,,,,,0.23978233366682017,0.04609529254206963,0.02242831356232763,,12449000000,0.06268809522470171,SEC companyfacts,2026-03-13,10-K,Nasdaq earnings surprise,not supplied by Nasdaq; after-hours convention used,true,WMT,2025-11-20,after_hours,2025-11-20,107.11,2025-11-21,107.98,105.32,0.8122490897208521,-1.6711791616095661,2025-12-01,111.53,4.1265988236392515,2025-12-23,110.9,3.5384184483241583,after-hours: next trading day open/close vs report-day close,5 trading sessions after the reaction trading day,21 trading sessions after the reaction trading day,Nasdaq historical daily OHLC,marketbeat_cached_report_transcript,"inds from the VIZIO acquisition and lapping leap year, as well as higher-than-expected claims expense, we still expect to grow operating income faster than sales for the year, which aligns with our longer-term Financial Framework. For Q4, our operating income guide reflects the timing shift of Flipkart's Big Billion Days event, as well as the lapping of wage investments in Sam's Club U.S.. Business mix will continue to be a margin benefit, and we expect merchandise category mix to continue to be a headwind. For Adjusted EPS, we expect the full year to be in a range of $2.58-$2.63, with Q4 in a range of $0.67-$0.72. The consumer environment remains dynamic, and we continue to monitor customer and member behavior alongside tracking the Macro environment. John David Rainey EVP and CFO at Walmart Inc 00:21:56 We're entering Q4 with strong momentum, healthy inventory, and a clear focus on our value proposition, price, convenience, and a broad assortme",2025-11-20,,,,,,,2.58,2.63,2.605,,,true,,2025-11-20,-100,320.16,through_reaction_trading_date
WMT,Walmart Inc.,CY2026Q1,,,,,,,,,,,,0.74,0.73,1.37,190660000000,188370000000,1.2156925200403461,,,,,,,,,,,,,,,,,SEC companyfacts,,,Nasdaq earnings surprise,not supplied by Nasdaq; after-hours convention used,true,WMT,2026-02-19,after_hours,2026-02-19,124.87,2026-02-20,123,122.99,-1.497557459758152,-1.5055657884199645,2026-02-27,127.95,2.466565227836949,2026-03-23,120.72,-3.323456394650441,after-hours: next trading day open/close vs report-day close,5 trading sessions after the reaction trading day,21 trading sessions after the reaction trading day,Nasdaq historical daily OHLC,marketbeat_cached_report_transcript,"board. Key Takeaways Positive Sentiment: Consolidated revenue rose 4.9% in constant currency with e‑commerce up 24% , and adjusted operating income grew 10.5% as all three segments expanded profits faster than sales. Positive Sentiment: Management issued FY27 guidance of 3.5–4.5% sales growth and 6–8% operating income growth , provided EPS guidance of $2.75–2.85, and the board authorized a $30 billion share‑repurchase program . Positive Sentiment: Walmart is scaling AI/agentic commerce (Sparky) and partnerships with OpenAI/Alphabet; Sparky users have ~ 35% higher average order value and fast delivery (under 3 hours) usage grew over 60%, boosting digital economics. Positive Sentiment: Inventory discipline and automation are improving efficiency—inventory rose only 2.6% (about half the pace of sales growth) with automated DCs/FCs and store tech enhancing productivity and supporting margin expansion. Negative Sentiment: Company cautioned on near‑ter",2026-02-19,,,,,,,2.75,2.85,2.8,,,true,,2026-02-19,,278.38,through_reaction_trading_date
MCD,MCDONALDS CORP,CY2025Q1,USD,5956000000,620000000,5336000000,3308000000,2648000000,,461000000,1868000000,2.61,2.6,,,,5956000000,6170000000,-3.4683954619124795,1238000000,56329000000,,-3454000000,38845000000,2428000000,551000000,1877000000,1266000000,477000000,0.8959032907991941,0.4445936870382807,0.31363331094694424,0.3151443922095366,2755000000,,SEC companyfacts,2026-05-07,10-Q,,Report date inferred from MarketBeat earnings history revenue match; after-hours convention used,false,MCD,2025-05-01,after_hours,2025-05-01,313.64,2025-05-02,313.55,311.96,-0.028695319474548845,-0.5356459635250628,2025-05-09,313.68,0.012753475322031776,2025-06-03,312.39,-0.3985461038132891,after-hours: next trading day open/close vs report-day close,5 trading sessions after the reaction trading day,21 trading sessions after the reaction trading day,Nasdaq historical daily OHLC,,,,,,,,,,,,,,,,,,,,
MCD,MCDONALDS CORP,CY2025Q2,USD,6843000000,654000000,6189000000,3611000000,3232000000,,608000000,2253000000,3.15,3.14,3.19,3.15,1.27,6843000000,6680000000,2.4401197604790417,1876000000,59555000000,,-2760000000,40801000000,1998000000,744000000,1254000000,1265000000,505000000,0.904427882507672,0.47230746748502117,0.3292415607189829,0.1832529592284086,3338000000,0.1489254533243788,SEC companyfacts,2025-08-06,10-Q,Nasdaq earnings surprise,not supplied by Nasdaq; after-hours convention used,false,MCD,2025-08-06,after_hours,2025-08-06,307.66,2025-08-07,309.16,307.91,0.48755119287525184,0.0812585321458753,2025-08-14,308.95,0.41929402587270476,2025-09-08,312.8,1.6706754209191919,after-hours: next trading day open/close vs report-day close,5 trading sessions after the reaction trading day,21 trading sessions after the reaction trading day,Nasdaq historical daily OHLC,,,,,,,,,,,,,,,,,,,,
MCD,MCDONALDS CORP,CY2025Q3,USD,7078000000,666000000,6412000000,3721000000,3357000000,,671000000,2278000000,3.2,3.18,3.22,3.35,-3.88,7078000000,7100000000,-0.30985915492957744,2413000000,60608000000,,-2163000000,39483000000,3428000000,1011000000,2417000000,1262000000,501000000,0.9059056230573609,0.47428652161627577,0.32184232834133936,0.3414806442497881,3478000000,0.03434166301329826,SEC companyfacts,2025-11-05,10-Q,Nasdaq earnings surprise,not supplied by Nasdaq; after-hours convention used,true,MCD,2025-11-05,after_hours,2025-11-05,305.67,2025-11-06,304.26,298.41,-0.461281774462664,-2.375110413190693,2025-11-13,307.58,0.6248568717898283,2025-12-08,309.79,1.3478588019759885,after-hours: next trading day open/close vs report-day close,5 trading sessions after the reaction trading day,21 trading sessions after the reaction trading day,Nasdaq historical daily OHLC,,,,,,,,,,,,,,,,,,,,
MCD,MCDONALDS CORP,CY2025Q4,USD,7008000000,,,3852000000,3156000000,,594000000,2164000000,,,3.12,3.05,2.3,7008000000,6810000000,2.907488986784141,774000000,59515000000,,-1791000000,39973000000,2697000000,1059000000,1638000000,1322000000,573000000,,0.4503424657534247,0.3087899543378995,0.23373287671232876,3279000000,-0.009889799378355468,SEC companyfacts,2026-02-24,10-K,Nasdaq earnings surprise,not supplied by Nasdaq; after-hours convention used,true,MCD,2026-02-11,after_hours,2026-02-11,323.21,2026-02-12,329.83,332.08,2.0482039540855803,2.7443457813805283,2026-02-20,329.23,1.862566133473605,2026-03-16,326.65,1.0643235048420525,after-hours: next trading day open/close vs report-day close,5 trading sessions after the reaction trading day,21 trading sessions after the reaction trading day,Nasdaq historical daily OHLC,marketbeat_cached_report_transcript,"tility quarter to quarter that may cause the quarterly rate to be outside the annual range. We expect foreign currency to be a full year tailwind to 2026 EPS, totaling in the range of $0.20-$0.30 based on current exchange rates. As always, this is directional guidance only as rates will likely change as we move through the remainder of the year. Turning to capital allocation, we're committed to maintaining financial discipline and creating value for our shareholders over the longer term. Our priorities remain unchanged. Ian Borden CFO at McDonald's Corporation 00:21:15 First, we look to invest in the business to drive growth, including capital expenditures, to primarily support new restaurant openings, as well as investments in technology, digital, and GBS. Second, we prioritize our dividend, which has increased in each of the last 49 years. And third, we repurchase shares with remaining free cash flow over time. With respect to restaurant develo",2026-02-11,,,,,,,0.2,0.3,0.25,,,true,,2026-02-11,-100,-91.99,through_reaction_trading_date
MCD,MCDONALDS CORP,CY2026Q1,USD,6517000000,676000000,5841000000,3564000000,2953000000,,559000000,1983000000,2.79,2.78,2.83,2.74,3.28,6517000000,6470000000,0.7264296754250386,1170000000,60037000000,,-1286000000,40105000000,2412000000,682000000,1730000000,1323000000,396000000,0.8962712904710757,0.4531226024244284,0.30428111094061683,0.26545956728556086,3064000000,-0.07006278538812785,SEC companyfacts,2026-05-07,10-Q,Nasdaq earnings surprise,not supplied by Nasdaq; after-hours convention used,false,MCD,2026-05-07,after_hours,2026-05-07,283.7,2026-05-08,285,275.75,0.4582305252026829,-2.802255904124071,2026-05-15,276.39,-2.576665491716603,,,,after-hours: next trading day open/close vs report-day close,5 trading sessions after the reaction trading day,21 trading sessions after the reaction trading day,Nasdaq historical daily OHLC,marketbeat_cached_report_transcript,"visiting the optimal franchisee versus company ownership balance to maximize system value. Based on current exchange rates, we expect foreign currency to be a full-year tailwind to 2026 EPS, totaling in the range of $0.20-$0.30. As always, this is directional guidance only as rates will likely continue to change as we move throughout the remainder of the year. In regards to the remainder of the year, we are reaffirming our full-year 2026 financial targets as we outlined in February. Ian Borden CFO at McDonald's 00:16:27 With respect to food and paper inflation, our supply chain teams, along with our world-class supplier partnerships and hedging strategies, position us well to navigate near-term cost pressures and increased volatility resulting from the war in the Middle East. Ian Borden CFO at McDonald's 00:16:42 Longer term, we believe there is an increased risk of higher cost inflation due to ongoing global supply chain disruptions. While we ex",2026-05-07,,,,,,,0.2,0.3,0.25,,,true,,2026-05-07,-100,-91.17,through_reaction_trading_date
CMG,CHIPOTLE MEXICAN GRILL INC,CY2025Q1,USD,2875253000,,,2396003000,479250000,501503000,114904000,386599000,0.29,0.28,,,,2875253000,2980000000,-3.515,725597000,9044094000,5553222000,3490872000,,557075000,144810000,412265000,,553796000,,0.16668098424729927,0.1344573851414119,0.14338390395558234,566461000,,SEC companyfacts,2026-04-30,10-Q,,Report date inferred from MarketBeat earnings history revenue match; after-hours convention used,false,CMG,2025-04-23,after_hours,2025-04-23,48.76,2025-04-24,49.2,49.54,0.9023789991796655,1.5996718621821189,2025-05-01,50.32,3.1993437243642378,2025-05-23,50.63,3.8351107465135454,after-hours: next trading day open/close vs report-day close,5 trading sessions after the reaction trading day,21 trading sessions after the reaction trading day,Nasdaq historical daily OHLC,,,,,,,,,,,,,,,,,,,,
CMG,CHIPOTLE MEXICAN GRILL INC,CY2025Q2,USD,3063393000,,,2504336000,559057000,577412000,141285000,436127000,0.32,0.32,0.33,0.32,3.13,3063393000,3110000000,-1.4986173633440514,844524000,9268794000,5740599000,3528195000,,,,,,,,0.18249601014300157,0.14236730318310448,,650002000,0.06543424178672277,SEC companyfacts,2025-07-24,10-Q,Nasdaq earnings surprise,not supplied by Nasdaq; after-hours convention used,false,CMG,2025-07-23,after_hours,2025-07-23,52.78,2025-07-24,46.2,45.74,-12.466843501326256,-13.338385752178853,2025-07-31,42.88,-18.75710496400151,2025-08-22,43.64,-17.31716559302766,after-hours: next trading day open/close vs report-day close,5 trading sessions after the reaction trading day,21 trading sessions after the reaction trading day,Nasdaq historical daily OHLC,,,,,,,,,,,,,,,,,,,,
CMG,CHIPOTLE MEXICAN GRILL INC,CY2025Q3,USD,3003444000,,,2526272000,477172000,496961000,114858000,382103000,0.29,0.29,0.29,0.28,3.57,3003444000,3060000000,-1.848235294117647,698743000,9281848000,6060010000,3221838000,,569680000,163486000,406194000,,686665000,,0.15887494489659204,0.12722161625121028,0.13524274133294978,567696000,-0.019569477373618076,SEC companyfacts,2025-10-30,10-Q,Nasdaq earnings surprise,not supplied by Nasdaq; after-hours convention used,true,CMG,2025-10-29,after_hours,2025-10-29,39.76,2025-10-30,31.27,32.53,-21.353118712273638,-18.184104627766594,2025-11-06,30.56,-23.138832997987926,2025-12-01,34.24,-13.883299798792748,after-hours: next trading day open/close vs report-day close,5 trading sessions after the reaction trading day,21 trading sessions after the reaction trading day,Nasdaq historical daily OHLC,,,,,,,,,,,,,,,,,,,,
CMG,CHIPOTLE MEXICAN GRILL INC,CY2025Q4,USD,2983511000,,,2563192000,420319000,433643000,102711000,331171000,,,0.25,0.24,4.17,2983511000,2960000000,0.7942905405405406,350545000,8994531000,6163924000,2830607000,0,425844000,197455000,228389000,,741796000,,0.14088066040312908,0.11100042868955402,0.07655041325471902,513021000,-0.0066367143852191016,SEC companyfacts,2026-02-04,10-K,Nasdaq earnings surprise,not supplied by Nasdaq; after-hours convention used,true,CMG,2026-02-03,after_hours,2026-02-03,39.17,2026-02-04,37.715,39.93,-3.714577482767419,1.9402604033699207,2026-02-11,37.22,-4.978299719172844,2026-03-06,35.37,-9.70130201684964,after-hours: next trading day open/close vs report-day close,5 trading sessions after the reaction trading day,21 trading sessions after the reaction trading day,Nasdaq historical daily OHLC,,,,,,,,,,,,,,,,,,,,
CMG,CHIPOTLE MEXICAN GRILL INC,CY2026Q1,USD,3088242000,,,2691179000,397063000,405805000,102981000,302824000,0.23,0.23,0.24,0.24,0,3088242000,3070000000,0.5942019543973941,246636000,8803219000,6395584000,2407635000,,651350000,180332000,471018000,,701027000,,0.1285725017663771,0.09805708231414507,0.15251978309989955,493781000,0.03510327262074784,SEC companyfacts,2026-04-30,10-Q,Nasdaq earnings surprise,not supplied by Nasdaq; after-hours convention used,false,CMG,2026-04-29,after_hours,2026-04-29,32.99,2026-04-30,35.1,33.99,6.395877538648073,3.031221582297666,2026-05-07,33.27,0.8487420430433499,,,,after-hours: next trading day open/close vs report-day close,5 trading sessions after the reaction trading day,21 trading sessions after the reaction trading day,Nasdaq historical daily OHLC,,,,,,,,,,,,,,,,,,,,
ABNB,"Airbnb, Inc.",CY2025Q1,USD,2272000000,506000000,1766000000,2234000000,38000000,173000000,19000000,154000000,0.25,0.24,,,,2272000000,2260000000,0.5309734513274336,7600000000,25056000000,17119000000,7937000000,0,1789000000,,,,807000000,0.7772887323943662,0.016725352112676055,0.06778169014084508,,,,SEC companyfacts,2026-05-07,10-Q,,Report date inferred from MarketBeat earnings history revenue match; after-hours convention used,false,ABNB,2025-05-01,after_hours,2025-05-01,124.01,2025-05-02,121.1,125.26,-2.346584952826394,1.0079832271591,2025-05-09,127.04,2.4433513426336595,2025-06-03,132.9,7.1687767115555205,after-hours: next trading day open/close vs report-day close,5 trading sessions after the reaction trading day,21 trading sessions after the reaction trading day,Nasdaq historical daily OHLC,,,,,,,,,,,,,,,,,,,,
ABNB,"Airbnb, Inc.",CY2025Q2,USD,3096000000,544000000,2552000000,2484000000,612000000,779000000,137000000,642000000,1.04,1.03,1.03,0.93,10.75,3096000000,3020000000,2.5165562913907285,7402000000,26992000000,19210000000,7782000000,0,,,,,,0.8242894056847545,0.19767441860465115,0.20736434108527133,,,0.3626760563380282,SEC companyfacts,2025-08-06,10-Q,Nasdaq earnings surprise,not supplied by Nasdaq; after-hours convention used,false,ABNB,2025-08-06,after_hours,2025-08-06,130.5,2025-08-07,120.38,120.03,-7.754789272030655,-8.022988505747126,2025-08-14,124.64,-4.490421455938697,2025-09-08,124.62,-4.505747126436778,after-hours: next trading day open/close vs report-day close,5 trading sessions after the reaction trading day,21 trading sessions after the reaction trading day,Nasdaq historical daily OHLC,,,,,,,,,,,,,,,,,,,,
ABNB,"Airbnb, Inc.",CY2025Q3,USD,4095000000,549000000,3546000000,2470000000,1625000000,1792000000,418000000,1374000000,2.25,2.21,2.21,2.29,-3.49,4095000000,4080000000,0.3676470588235294,7528000000,23064000000,14454000000,8610000000,0,1356000000,,,,877000000,0.865934065934066,0.3968253968253968,0.3355311355311355,,,0.3226744186046512,SEC companyfacts,2025-11-06,10-Q,Nasdaq earnings surprise,not supplied by Nasdaq; after-hours convention used,true,ABNB,2025-11-06,after_hours,2025-11-06,120.53,2025-11-07,125.495,120.88,4.1193063967477,0.29038413672944025,2025-11-14,122.02,1.2362067535053471,2025-12-09,125.39,4.032191155728864,after-hours: next trading day open/close vs report-day close,5 trading sessions after the reaction trading day,21 trading sessions after the reaction trading day,Nasdaq historical daily OHLC,,,,,,,,,,,,,,,,,,,,
ABNB,"Airbnb, Inc.",CY2025Q4,USD,2778000000,487000000,2291000000,2509000000,269000000,393000000,52000000,341277000,,,0.56,0.66,-15.15,2778000000,2710000000,2.5092250922509227,6560000000,22208000000,14009000000,8199000000,0,526000000,,,,1095000000,0.8246940244780417,0.09683225341972643,0.12284989200863931,,,-0.32161172161172163,SEC companyfacts,2026-02-12,10-K,Nasdaq earnings surprise,not supplied by Nasdaq; after-hours convention used,true,ABNB,2026-02-12,after_hours,2026-02-12,115.96,2026-02-13,126.465,121.35,9.059158330458787,4.648154536046913,2026-02-23,122.96,6.036564332528458,2026-03-17,131.95,13.78923766816143,after-hours: next trading day open/close vs report-day close,5 trading sessions after the reaction trading day,21 trading sessions after the reaction trading day,Nasdaq historical daily OHLC,,,,,,,,,,,,,,,,,,,,
ABNB,"Airbnb, Inc.",CY2026Q1,USD,2678000000,581000000,2097000000,2592000000,86000000,281000000,121000000,160000000,0.27,0.26,0.26,0.31,-16.13,2678000000,2620000000,2.213740458015267,7037000000,26828000000,19192000000,7636000000,2475000000,1708000000,,,,1088000000,0.7830470500373413,0.03211351755041075,0.05974607916355489,,,-0.03599712023038157,SEC companyfacts,2026-05-07,10-Q,Nasdaq earnings surprise,not supplied by Nasdaq; after-hours convention used,false,ABNB,2026-05-07,after_hours,2026-05-07,140.46,2026-05-08,138.125,141.49,-1.6623949878969158,0.733304855474869,2026-05-15,132.85,-5.4179125729745214,,,,after-hours: next trading day open/close vs report-day close,5 trading sessions after the reaction trading day,21 trading sessions after the reaction trading day,Nasdaq historical daily OHLC,marketbeat_cached_earnings_page,"Airbnb updated its second quarter 2026 earnings guidance on Thursday, May, 7th. The company issued revenue guidance of $3.5 billion-$3.6 billion, compared to the consensus revenue estimate of $3.5 billion.",2026-05-07,CY2026Q2,3500000000,3600000000,3550000000,3500000000,1.43,,,,,,true,,,32.56,-100,through_reaction_trading_date
LLY,ELI LILLY & Co,CY2025Q1,USD,12729000000,2225000000,10504000000,,,3456000000,697000000,2759000000,3.07,3.06,,,,12729000000,12770000000,-0.32106499608457323,3093300000,89388800000,,15764800000,34499500000,1666000000,1510000000,156000000,1346000000,1200000000,0.8252022939743892,,0.2167491554717574,0.012255479613481028,,,SEC companyfacts,2026-04-30,10-Q,,Report date inferred from MarketBeat earnings history revenue match; after-hours convention used,false,LLY,2025-05-01,after_hours,2025-05-01,794.1,2025-05-02,825.115,823.62,3.9056793854678236,3.717415942576499,2025-05-09,734.57,-7.496536960080591,2025-06-03,750.78,-5.455232338496417,after-hours: next trading day open/close vs report-day close,5 trading sessions after the reaction trading day,21 trading sessions after the reaction trading day,Nasdaq historical daily OHLC,,,,,,,,,,,,,,,,,,,,
LLY,ELI LILLY & Co,CY2025Q2,USD,15557700000,2447800000,13109900000,,,6776400000,1115900000,5660500000,6.3,6.29,6.31,5.61,12.48,15557700000,14400000000,8.039583333333333,3375900000,100922600000,,18272900000,34180100000,,,,,,0.8426631185843666,,0.36383912789165496,,,0.22222484091444733,SEC companyfacts,2025-08-07,10-Q,Nasdaq earnings surprise,not supplied by Nasdaq; after-hours convention used,false,LLY,2025-08-07,after_hours,2025-08-07,640.86,2025-08-08,655,625.65,2.206410136379238,-2.3733732796554685,2025-08-15,701.23,9.42015416783697,2025-09-09,750.61,17.12542520987423,after-hours: next trading day open/close vs report-day close,5 trading sessions after the reaction trading day,21 trading sessions after the reaction trading day,Nasdaq historical daily OHLC,,,,,,,,,,,,,,,,,,,,
LLY,ELI LILLY & Co,CY2025Q3,USD,17600800000,3008300000,14592500000,,,7232400000,1649900000,5582500000,6.22,6.21,7.02,6.02,16.61,17600800000,16090000000,9.389683032939713,9791900000,114935400000,,23793300000,40873600000,8835900000,2087700000,6748200000,1345200000,708100000,0.8290816326530612,,0.3171730830416799,0.38340302713513025,,0.1313240389003516,SEC companyfacts,2025-10-30,10-Q,Nasdaq earnings surprise,not supplied by Nasdaq; after-hours convention used,true,LLY,2025-10-30,after_hours,2025-10-30,844.5,2025-10-31,839.16,862.86,-0.6323268206039113,2.174067495559504,2025-11-07,924.37,9.457667258732979,2025-12-02,1046.12,23.87448194197749,after-hours: next trading day open/close vs report-day close,5 trading sessions after the reaction trading day,21 trading sessions after the reaction trading day,Nasdaq historical daily OHLC,marketbeat_cached_report_transcript,"Transcript',text:'',url:'https://www.marketbeat.com/earnings/reports/2025-10-30-eli-lilly-and-company-stock/'}; Link copied to clipboard. Key Takeaways Positive Sentiment: Q3 revenue grew 54% year‑over‑year , EPS rose to $7.02, and management raised full‑year guidance to $63.0–$63.5 billion with non‑GAAP EPS guidance of $23–$23.70 and a performance margin target of 45–46%. Positive Sentiment: Orforglipron achieved multiple positive Phase 3 readouts (including superiority vs oral semaglutide), completed a large registrational data package, regulatory submissions are beginning and a U.S. launch is anticipated next year. Positive Sentiment: Lilly is expanding manufacturing capacity to support growth — announcing two new U.S. facilities (Virginia for biologics; Texas for small molecules) and expanding its Puerto Rico site to scale supply for Orforglipron and other programs. Positive Sentiment: Pipeline and regulatory momentum across therapeutic areas",2025-10-30,,,,,,,23,23.7,23.35,,,true,,2025-10-30,-100,232.62,through_reaction_trading_date
LLY,ELI LILLY & Co,CY2025Q4,USD,19291500000,3370900000,15920600000,,,8266200000,1628200000,6638000000,,,7.54,6.99,7.87,19291500000,17850000000,8.07563025210084,7268000000,112476000000,,26535000000,42503000000,3224600000,2546700000,677900000,1345500000,1507700000,0.825265013088666,,0.34408936578285776,0.035139828421843815,,0.0960581337211945,SEC companyfacts,2026-02-12,10-K,Nasdaq earnings surprise,not supplied by Nasdaq; after-hours convention used,true,LLY,2026-02-04,after_hours,2026-02-04,1107.12,2026-02-05,1065.5,1020.84,-3.7593034178770046,-7.793193149794048,2026-02-12,1038.27,-6.218838066334265,2026-03-09,1008.39,-8.917732495122472,after-hours: next trading day open/close vs report-day close,5 trading sessions after the reaction trading day,21 trading sessions after the reaction trading day,Nasdaq historical daily OHLC,,,,,,,,,,,,,,,,,,,,
LLY,ELI LILLY & Co,CY2026Q1,USD,19799000000,3577000000,16222000000,,,8850000000,1454000000,7396000000,8.27,8.26,8.55,7.06,21.1,19799000000,17820000000,11.105499438832773,5282000000,116576000000,,31198000000,39370000000,5333000000,2326000000,3007000000,1548000000,2356000000,0.819334309813627,,0.37355421991009646,0.15187635739178745,,0.026306922737993416,SEC companyfacts,2026-04-30,10-Q,Nasdaq earnings surprise,not supplied by Nasdaq; after-hours convention used,false,LLY,2026-04-30,after_hours,2026-04-30,934.6,2026-05-01,948.95,963.33,1.5354162208431439,3.074042371067838,2026-05-08,948.45,1.4819173978172504,,,,after-hours: next trading day open/close vs report-day close,5 trading sessions after the reaction trading day,21 trading sessions after the reaction trading day,Nasdaq historical daily OHLC,marketbeat_cached_report_transcript,"ted) and planned national DTC TV advertising in Q3. Positive Sentiment: Q1 results were strong — revenue grew 56% year‑over‑year , Mounjaro and Zepbound together generated $12.8 billion, non‑GAAP EPS improved materially to $8.55, and Lilly raised 2026 revenue guidance to $82–$85 billion. Positive Sentiment: Pipeline and business development momentum — multiple positive Phase III readouts (including ACHIEVE‑4 showing cardiovascular safety and lower all‑cause death for Foundayo, and positive data for retatrutide and Jaypirca) plus acquisitions (Orna, Centessa, Kelonia, Ajax) to broaden future growth. Negative Sentiment: Pricing headwinds continue — U.S. list price trends reduced gross margin modestly (Q1 U.S. price down ~7%, ~10% excluding a one‑time estimate adjustment) and management expects a full‑year price headwind in the low‑to‑mid teens, creating margin sensitivity despite volume growth. Positive Sentiment: Access initiatives could broaden a",2026-04-30,,82000000000,85000000000,83500000000,,,,,,,,true,,2026-04-30,321.74,-100,through_reaction_trading_date
MRK,"Merck & Co., Inc.",CY2025Q1,USD,15529000000,3419000000,12110000000,,,5903000000,818000000,5079000000,2.01,2.01,,,,15529000000,15590000000,-0.39127645926876203,8629000000,115122000000,,48335000000,34800000000,2500000000,1328000000,1172000000,2050000000,1164000000,0.7798312834052418,,0.3270654903728508,0.07547169811320754,,,SEC companyfacts,2026-05-04,10-Q,,Report date inferred from MarketBeat earnings history revenue match; after-hours convention used,false,MRK,2025-04-24,after_hours,2025-04-24,79.84,2025-04-25,80.17,82.74,0.41332665330661106,3.6322645290581055,2025-05-02,83.18,4.183366733466938,2025-05-27,77.59,-2.81813627254509,after-hours: next trading day open/close vs report-day close,5 trading sessions after the reaction trading day,21 trading sessions after the reaction trading day,Nasdaq historical daily OHLC,,,,,,,,,,,,,,,,,,,,
MRK,"Merck & Co., Inc.",CY2025Q2,USD,15806000000,3557000000,12249000000,,,4999000000,571000000,4427000000,1.76,1.76,2.13,2.01,5.97,15806000000,15920000000,-0.7160804020100503,8007000000,117523000000,,48993000000,35400000000,,,,,,0.7749588763760598,,0.2800835125901556,,,0.017837594178633523,SEC companyfacts,2025-08-05,10-Q,Nasdaq earnings surprise,not supplied by Nasdaq; after-hours convention used,false,MRK,2025-07-29,after_hours,2025-07-29,82.63,2025-07-30,82.91,81.75,0.33885997821614566,-1.0649885029650192,2025-08-06,79.44,-3.8605833232482123,2025-08-28,83.21,0.7019242405905824,after-hours: next trading day open/close vs report-day close,5 trading sessions after the reaction trading day,21 trading sessions after the reaction trading day,Nasdaq historical daily OHLC,marketbeat_cached_report_transcript,"d to clipboard. Key Takeaways Positive Sentiment: Merck delivered Q2 revenue of $15.8 billion, in line with expectations, driven by strength in oncology, animal health and new product launches, and expects to return to growth in H2 2025 with full-year revenue guidance of 1–2% growth. Positive Sentiment: The company’s pipeline shows strong momentum with over 80 Phase III trials; recent milestones include positive top-line data for enlicitide , FDA approvals and ACIP recommendation for Inflonsia , and a WinRevair PAH label update under priority review. Positive Sentiment: A multi-year optimization program will reallocate ~$3 billion in cost savings from mature areas into high-potential R&D and commercial initiatives, while sustaining overall investment growth in the pipeline and launches. Negative Sentiment: Gardasil sales plunged 55% in China due to elevated inventories and soft demand, prompting suspension of shipments there through 2025, alongsi",2025-07-29,,1,2,2,,,,,,,,true,,2025-07-29,-100,-100,through_reaction_trading_date
MRK,"Merck & Co., Inc.",CY2025Q3,USD,17276000000,3855000000,13421000000,,,6745000000,958000000,5785000000,2.32,2.32,2.58,2.36,9.32,17276000000,17000000000,1.6235294117647059,18169000000,129546000000,,51850000000,41400000000,7822000000,987000000,6835000000,2031000000,1323000000,0.7768580689974531,,0.33485760592729796,0.39563556378791387,,0.09300265721877768,SEC companyfacts,2025-11-05,10-Q,Nasdaq earnings surprise,not supplied by Nasdaq; after-hours convention used,true,MRK,2025-10-30,after_hours,2025-10-30,86.28,2025-10-31,85.415,85.98,-1.0025498377375925,-0.34770514603615804,2025-11-07,86.28,0,2025-12-02,101.03,17.0955030134446,after-hours: next trading day open/close vs report-day close,5 trading sessions after the reaction trading day,21 trading sessions after the reaction trading day,Nasdaq historical daily OHLC,marketbeat_cached_report_transcript,"ent approvals and positive Phase III readouts (e.g., enlicitide, WINREVIR) that management says underpin long‑term growth. Positive Sentiment: Third‑quarter revenue was $17.3B (+4%) with KEYTRUDA sales of $8.1B (+8%); non‑GAAP EPS was $2.58 and full‑year 2025 guidance is $64.5–65.0B revenue and EPS $8.93–8.98 (includes Verona acquisition and Coceligo restructuring). Positive Sentiment: Completed the strategic acquisition of Verona Pharma , adding OTOVERA (first‑in‑class COPD maintenance) which management views as a multibillion‑dollar commercial opportunity and is committing material launch investment. Negative Sentiment: GARDASIL sales declined 25% to $1.7B (ex‑China −3%), driven by Japan reimbursement/catch‑up expiration and other market pressures, with management calling for only modest near‑term growth. Neutral Sentiment: Management expects an acceleration in operating‑expense growth in 2026 to fund R&D, SG&A and launches (including >$500M fo",2025-10-30,,9,9,9,,,8.93,8.98,8.955,,,true,,2025-10-30,-100,247.09,through_reaction_trading_date
MRK,"Merck & Co., Inc.",CY2025Q4,USD,16400000000,5551000000,10849000000,,,3420000000,457000000,2963000000,,,2.04,2.03,0.49,16400000000,16190000000,1.2970969734403952,14565000000,136866000000,,52606000000,49300000000,2857000000,1033000000,1824000000,2018000000,1252000000,0.6615243902439024,,0.18067073170731707,0.11121951219512195,,-0.05070618198657097,SEC companyfacts,2026-02-24,10-K,Nasdaq earnings surprise,not supplied by Nasdaq; after-hours convention used,true,MRK,2026-02-03,after_hours,2026-02-03,115.84,2026-02-04,116.9,118.33,0.9150552486187865,2.149516574585631,2026-02-11,119.31,2.995511049723756,2026-03-06,115.79,-0.043162983425411916,after-hours: next trading day open/close vs report-day close,5 trading sessions after the reaction trading day,21 trading sessions after the reaction trading day,Nasdaq historical daily OHLC,,,,,,,,,,,,,,,,,,,,
MRK,"Merck & Co., Inc.",CY2026Q1,USD,16286000000,4195000000,12091000000,,,-3534000000,709000000,-4240000000,-1.72,-1.72,-1.28,-1.51,15.23,16286000000,15850000000,2.7507886435331232,5327000000,128685000000,,45878000000,49100000000,3918000000,991000000,2927000000,2105000000,874000000,0.7424167997052683,,-0.2603463097138647,0.17972491710671742,,-0.006951219512195122,SEC companyfacts,2026-05-04,10-Q,Nasdaq earnings surprise,not supplied by Nasdaq; after-hours convention used,false,MRK,2026-04-30,after_hours,2026-04-30,109.18,2026-05-01,112.33,112.16,2.88514379923062,2.7294376259388073,2026-05-08,111.38,2.015021066129317,,,,after-hours: next trading day open/close vs report-day close,5 trading sessions after the reaction trading day,21 trading sessions after the reaction trading day,Nasdaq historical daily OHLC,marketbeat_cached_report_transcript," Transcript',text:'',url:'https://www.marketbeat.com/earnings/reports/2026-4-30-merck-co-inc-stock/'}; Link copied to clipboard. Key Takeaways Positive Sentiment: Merck reported Q1 revenue of $16.3 billion (up 5%) and has narrowed and raised its 2026 non‑GAAP guidance to $65.8–$67.0 billion revenue and $5.04–$5.16 EPS, citing continued oncology, Animal Health, and new‑product momentum. Negative Sentiment: A $9 billion one‑time acquisition‑related charge for Sedera drove a GAAP pre‑tax loss and produced a reported loss of $1.28/share this quarter, including a $3.62/share hit from the charge and an unusual tax rate impact (‑43.5%). Positive Sentiment: Meaningful pipeline and regulatory progress — FDA approval of the once‑daily two‑drug HIV regimen Edvinso (doravirine+islatravir), priority review for Ifinatamab deruxtecan in extensive‑stage SCLC (PDUFA Oct 10), and upcoming PDUFA dates for Keytruda+Padcev and WELIREG combinations. Positive Sentiment",2026-04-30,,5,5,5,,,,,,,,true,,2026-04-30,-100,100,through_reaction_trading_date
VRTX,VERTEX PHARMACEUTICALS INC / MA,CY2025Q1,USD,2770200000,363000000,2407200000,2140100000,630100000,730400000,84100000,646300000,2.52,2.49,,,,2770200000,2850000000,-2.8000000000000003,4674700000,22880500000,6384200000,16496300000,,818900000,40700000,778200000,,426100000,0.8689625297812432,0.22745650133564363,0.2333044545520179,0.28091834524583065,678500000,,SEC companyfacts,2026-05-05,10-Q,,Report date inferred from MarketBeat earnings history revenue match; after-hours convention used,false,VRTX,2025-05-05,after_hours,2025-05-05,500.19,2025-05-06,465.555,450.03,-6.924368739878845,-10.028189288070537,2025-05-13,432,-13.632819528579141,2025-06-05,443.82,-11.269717507347208,after-hours: next trading day open/close vs report-day close,5 trading sessions after the reaction trading day,21 trading sessions after the reaction trading day,Nasdaq historical daily OHLC,marketbeat_cached_report_transcript,",url:'https://www.marketbeat.com/earnings/reports/2025-5-5-vertex-pharmaceuticals-incorporated-stock/'}; Link copied to clipboard. Key Takeaways Q1 revenue of $2.77 billion marked 3% growth year-over-year, and management raised the low end of its 2025 revenue guidance to $11.85–$12.00 billion. The U.S. launches of Aliftrec (fifth CFTR modulator) and Genavix (first oral non-opioid for moderate to severe acute pain) are off to a strong start with broad pharmacy stocking and encouraging early uptake. Global rollout of Kashyvi for sickle cell disease and beta thalassemia accelerated, with ~90 patients starting the collection process, 8 infusions completed, and growing reimbursement in the U.S., Europe, and Middle East. Vertex has four Phase III programs (diabetic neuropathy, type 1 diabetes, APOL1 kidney disease, IgAN) on track for interim analysis enrollment this year and added a fifth pivotal study in membranous nephropathy. Enrollment in the Phase",2025-05-05,,11850000000,12000000000,11925000000,,,,,,,,true,,2025-05-05,330.47,-100,through_reaction_trading_date
VRTX,VERTEX PHARMACEUTICALS INC / MA,CY2025Q2,USD,2964700000,407500000,2557200000,1813600000,1151100000,1283000000,250100000,1032900000,4.02,3.99,4,3.74,6.95,2964700000,2900000000,2.231034482758621,4972200000,24036700000,6861300000,17175400000,,,,,,,0.8625493304550207,0.3882686275171181,0.3483995007926603,,1202800000,0.07021153707313552,SEC companyfacts,2025-08-05,10-Q,Nasdaq earnings surprise,not supplied by Nasdaq; after-hours convention used,false,VRTX,2025-08-04,after_hours,2025-08-04,472.27,2025-08-05,408.22,374.98,-13.562157240561534,-20.60050394901221,2025-08-12,387.77,-17.892307366548795,2025-09-04,396.93,-15.952738899358412,after-hours: next trading day open/close vs report-day close,5 trading sessions after the reaction trading day,21 trading sessions after the reaction trading day,Nasdaq historical daily OHLC,,,,,,,,,,,,,,,,,,,,
VRTX,VERTEX PHARMACEUTICALS INC / MA,CY2025Q3,USD,3076400000,414800000,2661600000,1890200000,1186200000,1298800000,215900000,1082900000,4.24,4.2,4.22,4,5.5,3076400000,3050000000,0.8655737704918032,4939600000,24862300000,7543500000,17318800000,,1241400000,101800000,1139600000,,1071100000,0.8651670784033285,0.38558054869327785,0.35200234039786765,0.3704329736055129,1240200000,0.03767666205686916,SEC companyfacts,2025-11-04,10-Q,Nasdaq earnings surprise,not supplied by Nasdaq; after-hours convention used,true,VRTX,2025-11-03,after_hours,2025-11-03,426,2025-11-04,418.55,421.67,-1.7488262910798094,-1.0164319248826255,2025-11-11,429.22,0.7558685446009454,2025-12-04,457.36,7.361502347417844,after-hours: next trading day open/close vs report-day close,5 trading sessions after the reaction trading day,21 trading sessions after the reaction trading day,Nasdaq historical daily OHLC,,,,,,,,,,,,,,,,,,,,
VRTX,VERTEX PHARMACEUTICALS INC / MA,CY2025Q4,USD,3190000000,466000000,2724000000,1984100000,1205900000,1331000000,139900000,1191100000,,,4.65,4.4,5.68,3190000000,3180000000,0.3144654088050315,5084800000,25643000000,6977200000,18665800000,,498000000,149400000,348600000,,128400000,0.8539184952978056,0.37802507836990595,0.3733855799373041,0.10927899686520376,1261600000,0.03692627746716942,SEC companyfacts,2026-02-13,10-K,Nasdaq earnings surprise,not supplied by Nasdaq; after-hours convention used,true,VRTX,2026-02-12,after_hours,2026-02-12,465.02,2026-02-13,471.645,491.47,1.424669906670681,5.687927400972011,2026-02-23,481.01,3.4385617822889363,2026-03-17,462.49,-0.5440626209625334,after-hours: next trading day open/close vs report-day close,5 trading sessions after the reaction trading day,21 trading sessions after the reaction trading day,Nasdaq historical daily OHLC,,,,,,,,,,,,,,,,,,,,
VRTX,VERTEX PHARMACEUTICALS INC / MA,CY2026Q1,USD,2986900000,392800000,2594100000,1848800000,1138100000,1252900000,221500000,1031400000,4.06,4.02,3.95,3.69,7.05,2986900000,2990000000,-0.10367892976588629,5492900000,26484400000,7122500000,19361900000,,1428100000,133400000,1294700000,,336900000,0.8684924168870736,0.3810304998493421,0.3453078442532391,0.4334594395527135,1194000000,-0.06366771159874608,SEC companyfacts,2026-05-05,10-Q,Nasdaq earnings surprise,not supplied by Nasdaq; after-hours convention used,false,VRTX,2026-05-04,after_hours,2026-05-04,429.85,2026-05-05,431.99,424.36,0.4978480865418137,-1.2771897173432614,2026-05-12,448.29,4.28986855879958,,,,after-hours: next trading day open/close vs report-day close,5 trading sessions after the reaction trading day,21 trading sessions after the reaction trading day,Nasdaq historical daily OHLC,marketbeat_cached_report_transcript,"ps://www.marketbeat.com/earnings/reports/2026-5-4-vertex-pharmaceuticals-incorporated-stock/'}; Link copied to clipboard. Key Takeaways Positive Sentiment: Vertex reported strong Q1 results with $2.99 billion in product revenue (+8% YoY), reiterated full‑year guidance of $12.95–13.1 billion , ended Q1 with ~$13 billion in cash, and continued share repurchases — supporting near‑term financial momentum. Positive Sentiment: Pivotal RAINIER interim Phase III data for povetacicept (Povi) in IgAN were described as “sparkling” — a 52% proteinuria reduction vs baseline (≈49.8% vs placebo), favorable safety, a 27‑day BLA filing turnaround, and initiation/advancement of PMN and gMG programs, underpinning a new renal franchise opportunity. Positive Sentiment: Commercial momentum outside CF: CASGEVY has >500 patients initiated and delivered $43M in Q1 while securing reimbursement progress (e.g., Germany), and JOURNAVX surpassed 1M prescriptions written with ",2026-05-04,,12950000000,13100000000,13025000000,,,,,,,,true,,2026-05-04,336.07,-100,through_reaction_trading_date
UNH,UNITEDHEALTH GROUP INC,CY2025Q1,USD,109575000000,12390000000,97185000000,100456000000,9119000000,8106000000,1632000000,6292000000,6.9,6.85,,,,109575000000,111560000000,-1.779311581211904,30717000000,309790000000,204621000000,100811000000,71285000000,5456000000,898000000,4558000000,1912000000,3000000000,0.8869267624914442,0.08322153775952544,0.057421857175450605,0.04159707962582706,,,SEC companyfacts,2026-05-05,10-Q,,Report date inferred from MarketBeat earnings history revenue match; after-hours convention used,false,UNH,2025-04-17,after_hours,2025-04-17,454.11,2025-04-21,449.76,425.33,-0.9579176851423713,-6.337671489286743,2025-04-28,420,-7.511395917288766,2025-05-20,321.58,-29.184558807337435,after-hours: next trading day open/close vs report-day close,5 trading sessions after the reaction trading day,21 trading sessions after the reaction trading day,Nasdaq historical daily OHLC,marketbeat_cached_report_transcript,"le:'UnitedHealth Group Q1 2025 Earnings Call Transcript',text:'',url:'https://www.marketbeat.com/earnings/reports/2025-4-17-unitedhealth-group-incorporated-stock/'}; Link copied to clipboard. Key Takeaways UnitedHealth Group revised its full-year adjusted EPS outlook to $26.00–26.50, citing unusual performance headwinds in its Medicare businesses. Medicare Advantage care activity in Q1 rose at about twice the expected rate—especially in physician and outpatient services—putting pressure on margins. OptumHealth’s Medicare segment was impacted by under-engaged new members and execution gaps in the CMS risk model transition, reducing 2025 revenues. UnitedHealthcare plans to add 800,000 Medicare Advantage members and OptumHealth aims to grow by 650,000 value-based care patients in 2025, demonstrating robust membership momentum. OptumRx delivered 14% revenue growth and launched PBM reforms—rebate pass-through and reduced prior authorizations—to boost ",2025-04-17,,,,,,,26,26.5,26.25,,,true,,2025-04-17,-100,283.21,through_reaction_trading_date
UNH,UNITEDHEALTH GROUP INC,CY2025Q2,USD,111616000000,13019000000,98597000000,106466000000,5150000000,4082000000,510000000,3406000000,3.76,3.74,4.08,4.84,-15.7,111616000000,111750000000,-0.11991051454138701,28596000000,308573000000,203789000000,100469000000,73495000000,,,,2000000000,,0.8833590166284404,0.04614033830275229,0.030515338302752295,,,0.01862651152178873,SEC companyfacts,2025-08-11,10-Q,Nasdaq earnings surprise,not supplied by Nasdaq; after-hours convention used,false,UNH,2025-07-29,after_hours,2025-07-29,261.07,2025-07-30,264.8,266.04,1.42873558815644,1.9037039874363302,2025-08-06,245.78,-5.85666679434634,2025-08-28,302.29,15.788868885739468,after-hours: next trading day open/close vs report-day close,5 trading sessions after the reaction trading day,21 trading sessions after the reaction trading day,Nasdaq historical daily OHLC,,,,,,,,,,,,,,,,,,,,
UNH,UNITEDHEALTH GROUP INC,CY2025Q3,USD,113161000000,12566000000,100595000000,108846000000,4315000000,3229000000,686000000,2348000000,2.59,2.59,2.92,2.75,6.18,113161000000,113190000000,-0.025620637865535825,27210000000,315269000000,209456000000,101569000000,72399000000,5945000000,890000000,5055000000,2002000000,0,0.8889546751972853,0.03813151173991039,0.020749198045262943,0.04467086717155204,,0.013842101490825688,SEC companyfacts,2025-10-28,10-Q,Nasdaq earnings surprise,not supplied by Nasdaq; after-hours convention used,true,UNH,2025-10-28,after_hours,2025-10-28,367.84,2025-10-29,364.28,355.26,-0.9678120922140068,-3.4199652022618485,2025-11-05,327.74,-10.90147890387124,2025-11-28,329.77,-10.349608525445845,after-hours: next trading day open/close vs report-day close,5 trading sessions after the reaction trading day,21 trading sessions after the reaction trading day,Nasdaq historical daily OHLC,,,,,,,,,,,,,,,,,,,,
UNH,UNITEDHEALTH GROUP INC,CY2025Q4,USD,113215000000,12680000000,100535000000,112835000000,380000000,-720000000,-938000000,10000000,,,2.11,2.09,0.96,113215000000,113380000000,-0.1455283118715823,24365000000,309581000000,207883000000,100090000000,77681000000,1108000000,948000000,160000000,2002000000,0,0.8880007066201475,0.00335644570065804,0.00008832751843836947,0.0014132402950139116,,0.0004771962071738496,SEC companyfacts,2026-03-02,10-K,Nasdaq earnings surprise,not supplied by Nasdaq; after-hours convention used,true,UNH,2026-01-27,after_hours,2026-01-27,282.7,2026-01-28,283.72,294.02,0.36080650866644454,4.004244782454897,2026-02-04,275.92,-2.3983020870180307,2026-02-27,293.27,3.738945879023698,after-hours: next trading day open/close vs report-day close,5 trading sessions after the reaction trading day,21 trading sessions after the reaction trading day,Nasdaq historical daily OHLC,,,,,,,,,,,,,,,,,,,,
UNH,UNITEDHEALTH GROUP INC,CY2026Q1,USD,111721000000,12823000000,98898000000,102731000000,8990000000,7963000000,1482000000,6280000000,6.92,6.9,7.23,6.46,11.92,111721000000,109840000000,1.712490895848507,28001000000,312644000000,207325000000,103895000000,71440000000,8912000000,763000000,8149000000,2005000000,0,0.8852230108932072,0.08046830944943206,0.056211455321738976,0.07294062888803358,,-0.013196131254692399,SEC companyfacts,2026-05-05,10-Q,Nasdaq earnings surprise,not supplied by Nasdaq; after-hours convention used,false,UNH,2026-04-21,after_hours,2026-04-21,346.01,2026-04-22,350.88,353.52,1.407473772434324,2.1704575012282854,2026-04-29,370.74,7.147192277679841,,,,after-hours: next trading day open/close vs report-day close,5 trading sessions after the reaction trading day,21 trading sessions after the reaction trading day,Nasdaq historical daily OHLC,,,,,,,,,,,,,,,,,,,,
JPM,JPMORGAN CHASE & CO,CY2025Q1,USD,45310000000,,,23597000000,,18408000000,3765000000,14643000000,5.08,5.07,,,,45310000000,43620000000,3.8743695552498854,425903000000,4357856000000,4006436000000,351420000000,,-251839000000,,,3823000000,7528000000,,,0.32317369234164645,,,,SEC companyfacts,2026-05-01,10-Q,,Report date inferred from MarketBeat earnings history revenue match; after-hours convention used,false,JPM,2025-04-11,after_hours,2025-04-11,236.2,2025-04-14,237.1,234.72,0.3810330228619838,-0.6265876375952539,2025-04-22,235.59,-0.2582557154953367,2025-05-14,265.64,12.464013547840814,after-hours: next trading day open/close vs report-day close,5 trading sessions after the reaction trading day,21 trading sessions after the reaction trading day,Nasdaq historical daily OHLC,,,,,,,,,,,,,,,,,,,,
JPM,JPMORGAN CHASE & CO,CY2025Q2,USD,44912000000,,,23779000000,,18284000000,3297000000,14987000000,5.25,5.24,4.96,4.51,9.98,44912000000,43760000000,2.6325411334552102,420327000000,4552482000000,4195558000000,356924000000,,,,,,,,,0.33369700748129677,,,-0.008783932906643125,SEC companyfacts,2025-08-05,10-Q,Nasdaq earnings surprise,not supplied by Nasdaq; after-hours convention used,false,JPM,2025-07-15,after_hours,2025-07-15,286.55,2025-07-16,288.4,285.82,0.6456115861106145,-0.2547548420869022,2025-07-23,296.76,3.56307799685918,2025-08-14,294.16,2.6557319839469598,after-hours: next trading day open/close vs report-day close,5 trading sessions after the reaction trading day,21 trading sessions after the reaction trading day,Nasdaq historical daily OHLC,,,,,,,,,,,,,,,,,,,,
JPM,JPMORGAN CHASE & CO,CY2025Q3,USD,46427000000,,,24281000000,,18743000000,4350000000,14393000000,5.08,5.07,5.07,4.83,4.97,46427000000,44420000000,4.518235029266096,303436000000,4560205000000,4199993000000,360212000000,,-45214000000,,,4180000000,8293000000,,,0.31001356969005106,,,0.0337326327039544,SEC companyfacts,2025-11-04,10-Q,Nasdaq earnings surprise,not supplied by Nasdaq; after-hours convention used,true,JPM,2025-10-14,after_hours,2025-10-14,302.08,2025-10-15,306.39,305.69,1.4267743644067805,1.19504766949153,2025-10-22,294.11,-2.6383739406779565,2025-11-13,309.48,2.449682203389842,after-hours: next trading day open/close vs report-day close,5 trading sessions after the reaction trading day,21 trading sessions after the reaction trading day,Nasdaq historical daily OHLC,,,,,,,,,,,,,,,,,,,,
JPM,JPMORGAN CHASE & CO,CY2025Q4,USD,45798000000,,,23983000000,,17160000000,4135000000,12977000000,,,5.23,4.87,7.39,45798000000,45980000000,-0.3958242714223575,343338000000,4424900000000,4062462000000,362438000000,,119724000000,,,4417000000,8264000000,,,0.28335298484649984,,,-0.013548150860490663,SEC companyfacts,2026-02-13,10-K,Nasdaq earnings surprise,not supplied by Nasdaq; after-hours convention used,true,JPM,2026-01-13,after_hours,2026-01-13,310.9,2026-01-14,308.2,307.87,-0.8684464458025053,-0.9745899002894733,2026-01-22,303.63,-2.338372467031194,2026-02-13,302.55,-2.6857510453521924,after-hours: next trading day open/close vs report-day close,5 trading sessions after the reaction trading day,21 trading sessions after the reaction trading day,Nasdaq historical daily OHLC,,,,,,,,,,,,,,,,,,,,
JPM,JPMORGAN CHASE & CO,CY2026Q1,USD,49836000000,,,26850000000,,20479000000,3985000000,16494000000,5.95,5.94,5.94,5.49,8.2,49836000000,48300000000,3.1801242236024847,312142000000,4900475000000,4536437000000,364038000000,,-211761000000,,,4374000000,8325000000,,,0.33096556705995667,,,0.08816978907375868,SEC companyfacts,2026-05-01,10-Q,Nasdaq earnings surprise,not supplied by Nasdaq; after-hours convention used,false,JPM,2026-04-14,after_hours,2026-04-14,311.12,2026-04-15,313.95,305.93,0.909616868089478,-1.6681666238107475,2026-04-22,313.02,0.6106968372332146,2026-05-14,299.91,-3.6031113396760026,after-hours: next trading day open/close vs report-day close,5 trading sessions after the reaction trading day,21 trading sessions after the reaction trading day,Nasdaq historical daily OHLC,,,,,,,,,,,,,,,,,,,,
V,VISA INC.,CY2025Q1,USD,9594000000,,,4159000000,5435000000,5438000000,861000000,4577000000,,,,,,9594000000,9570000000,0.25078369905956116,11734000000,92853000000,54823000000,38030000000,20762000000,,,,1164000000,,,0.5664998957681885,0.47706900145924536,,,,SEC companyfacts,2026-04-29,10-Q,,Report date inferred from MarketBeat earnings history revenue match; after-hours convention used,false,V,2025-04-29,after_hours,2025-04-29,341.52,2025-04-30,334.44,345.5,-2.0730850316233265,1.1653783087374148,2025-05-07,349.85,2.4390958069805695,2025-05-30,365.19,6.930780042164446,after-hours: next trading day open/close vs report-day close,5 trading sessions after the reaction trading day,21 trading sessions after the reaction trading day,Nasdaq historical daily OHLC,,,,,,,,,,,,,,,,,,,,
V,VISA INC.,CY2025Q2,USD,10172000000,,,3995000000,6177000000,6333000000,1061000000,5272000000,,,2.98,2.86,4.2,10172000000,9820000000,3.584521384928717,17092000000,100024000000,61360000000,38664000000,25138000000,6730000000,421000000,6309000000,1154000000,4782000000,,0.6072552103814393,0.5182854895792371,0.6202320094376721,,0.060245987075255365,SEC companyfacts,2025-07-30,10-Q,Nasdaq earnings surprise,not supplied by Nasdaq; after-hours convention used,true,V,2025-07-29,after_hours,2025-07-29,351.29,2025-07-30,351.7,350.91,0.11671268752311997,-0.10817273477753293,2025-08-06,339.74,-3.287881807054004,2025-08-28,349.86,-0.4070710808733545,after-hours: next trading day open/close vs report-day close,5 trading sessions after the reaction trading day,21 trading sessions after the reaction trading day,Nasdaq historical daily OHLC,,,,,,,,,,,,,,,,,,,,
V,VISA INC.,CY2025Q3,USD,10724000000,,,4576000000,6148000000,6223000000,1133000000,5090000000,,,2.98,2.97,0.34,10724000000,10600000000,1.169811320754717,17164000000,99627000000,61718000000,37909000000,25171000000,6238000000,389000000,5849000000,1146000000,4927000000,,0.5732935471838866,0.4746363297277135,0.5454121596419247,,0.05426661423515533,SEC companyfacts,2025-11-06,10-K,Nasdaq earnings surprise,not supplied by Nasdaq; after-hours convention used,true,V,2025-10-28,after_hours,2025-10-28,346.9,2025-10-29,346,341.28,-0.2594407610262258,-1.6200634188526968,2025-11-05,340.04,-1.977515134044381,2025-11-28,334.44,-3.5918132026520553,after-hours: next trading day open/close vs report-day close,5 trading sessions after the reaction trading day,21 trading sessions after the reaction trading day,Nasdaq historical daily OHLC,,,,,,,,,,,,,,,,,,,,
V,VISA INC.,CY2025Q4,USD,10901000000,,,4164000000,6737000000,6726000000,873000000,5853000000,,,3.17,3.14,0.96,10901000000,10690000000,1.9738072965388214,14756000000,96814000000,58037000000,38777000000,21177000000,6780000000,378000000,6402000000,1293000000,3725000000,,0.6180166957159894,0.5369232180533896,0.5872855701311807,,0.01650503543453935,SEC companyfacts,2026-01-30,10-Q,Nasdaq earnings surprise,not supplied by Nasdaq; after-hours convention used,false,V,2026-01-29,after_hours,2026-01-29,331.8,2026-01-30,332.22,321.83,0.12658227848101744,-3.00482218203738,2026-02-06,331.58,-0.066305003013872,2026-03-03,320.83,-3.306208559373124,after-hours: next trading day open/close vs report-day close,5 trading sessions after the reaction trading day,21 trading sessions after the reaction trading day,Nasdaq historical daily OHLC,,,,,,,,,,,,,,,,,,,,
V,VISA INC.,CY2026Q1,USD,11230000000,,,3996000000,7234000000,7174000000,1153000000,6021000000,,,3.31,3.09,7.12,11230000000,10750000000,4.465116279069767,12404000000,95049000000,59388000000,35661000000,23976000000,,,,1286000000,,,0.6441674087266251,0.536153161175423,,,0.030180717365379323,SEC companyfacts,2026-04-29,10-Q,Nasdaq earnings surprise,not supplied by Nasdaq; after-hours convention used,false,V,2026-04-28,after_hours,2026-04-28,309.3,2026-04-29,336.4,334.86,8.761720012932416,8.263821532492726,2026-05-06,318.8,3.071451665050113,,,,after-hours: next trading day open/close vs report-day close,5 trading sessions after the reaction trading day,21 trading sessions after the reaction trading day,Nasdaq historical daily OHLC,,,,,,,,,,,,,,,,,,,,
SQ,"Block, Inc.",CY2025Q1,USD,5771796000,3482193000,2289603000,1960301000,329302000,227050000,38328000,189872000,0.31,0.3,,,,5771796000,,,7088831000,36395567000,14960493000,21469194000,5108385000,133336000,31882000,101454000,,445298000,0.39668813658694796,0.05705364500062026,0.0328965195582103,0.017577544320693247,418250000,,SEC companyfacts,2026-05-07,10-Q,,,false,XYZ,,,,,,,,,,,,,,,,,,,,,,,,,,,,,,,,,,,,,,,
SQ,"Block, Inc.",CY2025Q2,USD,6054457000,3517927000,2536530000,2052237000,484293000,659382000,121048000,538458000,0.88,0.87,0.62,0.21,195.24,6054457000,6320000000,-4.201629746835443,6384224000,36858391000,14735499000,22157136000,5110866000,,,,,,0.41895251712911663,0.07998950194872967,0.08893580382187866,,,0.0489727980684002,SEC companyfacts,2025-08-07,10-Q,Nasdaq earnings surprise,not supplied by Nasdaq; after-hours convention used,false,XYZ,2025-08-07,after_hours,2025-08-07,76.85,2025-08-08,82.125,73.39,6.864020819778798,-4.502277163305132,2025-08-15,75.8,-1.3662979830839261,2025-09-09,75.51,-1.7436564736499536,after-hours: next trading day open/close vs report-day close,5 trading sessions after the reaction trading day,21 trading sessions after the reaction trading day,Nasdaq historical daily OHLC,,,,,,,,,,,,,,,,,,,,
SQ,"Block, Inc.",CY2025Q3,USD,6114952000,3453382000,2661570000,2252130000,409440000,601526000,139928000,461544000,0.76,0.74,0.54,0.25,116,6114952000,,,8335934000,39182823000,16709615000,22507398000,7285500000,1451056000,50646000,1400410000,,403027000,0.4352560739642764,0.06695718952495457,0.07547794324468941,0.22901406257972262,501559000,0.009991812643148676,SEC companyfacts,2025-11-06,10-Q,Nasdaq earnings surprise,not supplied by Nasdaq; after-hours convention used,true,XYZ,2025-11-06,after_hours,2025-11-06,70.93,2025-11-07,61.36,65.45,-13.492175384181596,-7.725926970252367,2025-11-14,60.48,-14.732835189623586,2025-12-09,61.57,-13.19610883970112,after-hours: next trading day open/close vs report-day close,5 trading sessions after the reaction trading day,21 trading sessions after the reaction trading day,Nasdaq historical daily OHLC,,,,,,,,,,,,,,,,,,,,
SQ,"Block, Inc.",CY2025Q4,USD,6252478000,3380252000,2872226000,2386855000,485371000,201953000,86397000,115762000,,,0.65,0.26,150,6252478000,,,6564092000,39549887000,17380005000,22204278000,7289018000,621000000,41200000,579800000,,790132000,0.45937402738562216,0.07762858181988005,0.01851457933958344,0.09273123392037524,581436000,0.022490119301018227,SEC companyfacts,2026-02-26,10-K,Nasdaq earnings surprise,not supplied by Nasdaq; after-hours convention used,true,XYZ,2026-02-26,after_hours,2026-02-26,54.53,2026-02-27,63.09,63.7,15.697781037960759,16.81643132220796,2026-03-06,66.33,21.639464514945896,2026-03-30,57.03,4.584632312488538,after-hours: next trading day open/close vs report-day close,5 trading sessions after the reaction trading day,21 trading sessions after the reaction trading day,Nasdaq historical daily OHLC,,,,,,,,,,,,,,,,,,,,
SQ,"Block, Inc.",CY2026Q1,USD,6056847000,3147608000,2909239000,3081229000,-171990000,-392577000,-83982000,-308681000,-0.52,-0.52,0.71,0.3,136.67,6056847000,,,6858357000,39986081000,18305053000,21715338000,7292520000,965595000,30574000,935021000,,635988000,0.4803223525375497,-0.028395962453732115,-0.050963975150767386,0.15437421483488026,-76013000,-0.03128855471382706,SEC companyfacts,2026-05-07,10-Q,Nasdaq earnings surprise,not supplied by Nasdaq; after-hours convention used,false,XYZ,2026-05-07,after_hours,2026-05-07,70.14,2026-05-08,75.63,74.85,7.82720273738237,6.715141146278862,2026-05-15,70.36,0.3136583974907312,,,,after-hours: next trading day open/close vs report-day close,5 trading sessions after the reaction trading day,21 trading sessions after the reaction trading day,Nasdaq historical daily OHLC,,,,,,,,,,,,,,,,,,,,
